arm,query_parent_id,query_region_id,query_family_internal,query_visual_name_id,gold_visible_family,query_semantic_correspondence,query_failure_mode,candidate_parent_id,candidate_region_id,candidate_family_internal,candidate_family_key,candidate_score,dino_foreground_cosine,dino_box_cosine,siglip2_crop_cosine,claim_emitted,correct_visible_family,expected_family_rank,visible_family_in_top5
dino_foreground_nn_all_r2,7e54460056bb765a,c6ba92b460c49a3f3541611d,41,kemasan sirkuit terpadu,True,yes,none,035febe7fba8b17f,230df7e8f4f6567cc9e157a3,41,integrated_circuit_package,0.871489405632019,0.871489405632019,0.7679926156997681,0.7085113525390625,True,True,1,True
dino_box_nn_all_r2,7e54460056bb765a,c6ba92b460c49a3f3541611d,41,kemasan sirkuit terpadu,True,yes,none,3df1fd4b7d380ee1,bf839b82b8069365a9e50cee,41,integrated_circuit_package,0.8415834903717041,0.851050853729248,0.8415834903717041,0.8178221583366394,True,True,1,True
siglip2_crop_nn_all_r2,7e54460056bb765a,c6ba92b460c49a3f3541611d,41,kemasan sirkuit terpadu,True,yes,none,ebf0623531d70bf7,0818608c326fccd995fe2339,0,circuit_board_surface,0.8666250705718994,0.5145639777183533,0.5962969064712524,0.8666250705718994,True,False,23,False
equal_multiview_nn_all_r2,7e54460056bb765a,c6ba92b460c49a3f3541611d,41,kemasan sirkuit terpadu,True,yes,none,3df1fd4b7d380ee1,bf839b82b8069365a9e50cee,41,integrated_circuit_package,0.8368188738822937,0.851050853729248,0.8415834903717041,0.8178221583366394,True,True,1,True
fitted_multiview_nn_all_r2,7e54460056bb765a,c6ba92b460c49a3f3541611d,41,kemasan sirkuit terpadu,True,yes,none,ebf0623531d70bf7,2e394f11afa92b9a1821ad6d,0,circuit_board_surface,0.9571999907493591,0.7846450805664062,0.6855887174606323,0.8338490724563599,True,False,2,True
fitted_multiview_thresholded_all_r2,7e54460056bb765a,c6ba92b460c49a3f3541611d,41,kemasan sirkuit terpadu,True,yes,none,ebf0623531d70bf7,2e394f11afa92b9a1821ad6d,0,circuit_board_surface,0.9571999907493591,0.7846450805664062,0.6855887174606323,0.8338490724563599,True,False,2,True
dino_foreground_nn_all_r2,ca66b16c7a8cca55,779d90a038df793e11196933,41,kemasan sirkuit terpadu,False,no,descriptor_correspondence,429c667aabeb06fe,d26690b2b775f4177dd80617,41,integrated_circuit_package,0.7741551399230957,0.7741551399230957,0.8778122067451477,0.8826640844345093,True,False,1,False
dino_box_nn_all_r2,ca66b16c7a8cca55,779d90a038df793e11196933,41,kemasan sirkuit terpadu,False,no,descriptor_correspondence,1ee032ce01a6c052,72031e23fc94d6b58f045f8a,0,circuit_board_surface,0.9338091611862183,0.748643159866333,0.9338091611862183,0.8950245380401611,True,False,3,False
siglip2_crop_nn_all_r2,ca66b16c7a8cca55,779d90a038df793e11196933,41,kemasan sirkuit terpadu,False,no,descriptor_correspondence,9c93a95b2d7e4fac,8c062716bafa7ef00fc8d72a,13,circuit_board_surface,0.9058761596679688,0.4776609241962433,0.6968277096748352,0.9058761596679688,True,False,7,False
equal_multiview_nn_all_r2,ca66b16c7a8cca55,779d90a038df793e11196933,41,kemasan sirkuit terpadu,False,no,descriptor_correspondence,1ee032ce01a6c052,72031e23fc94d6b58f045f8a,0,circuit_board_surface,0.859158992767334,0.748643159866333,0.9338091611862183,0.8950245380401611,True,False,2,False
fitted_multiview_nn_all_r2,ca66b16c7a8cca55,779d90a038df793e11196933,41,kemasan sirkuit terpadu,False,no,descriptor_correspondence,1ee032ce01a6c052,72031e23fc94d6b58f045f8a,0,circuit_board_surface,0.9657629132270813,0.748643159866333,0.9338091611862183,0.8950245380401611,True,False,3,False
fitted_multiview_thresholded_all_r2,ca66b16c7a8cca55,779d90a038df793e11196933,41,kemasan sirkuit terpadu,False,no,descriptor_correspondence,1ee032ce01a6c052,72031e23fc94d6b58f045f8a,0,circuit_board_surface,0.9657629132270813,0.748643159866333,0.9338091611862183,0.8950245380401611,True,False,3,False
dino_foreground_nn_all_r2,64c88b045908917c,bfd5d9f2583de5749f4a8b36,41,kemasan sirkuit terpadu,True,yes,none,2763d9d93b2b5345,abc657868df864bffc906f8b,41,integrated_circuit_package,0.7355219125747681,0.7355219125747681,0.58021080493927,0.7884745597839355,True,True,1,True
dino_box_nn_all_r2,64c88b045908917c,bfd5d9f2583de5749f4a8b36,41,kemasan sirkuit terpadu,True,yes,none,94d8885eff2df083,5b281d387fcb974197016d8d,29,r2_family_0029,0.7066879272460938,0.26496005058288574,0.7066879272460938,0.8071308732032776,True,False,47,False
siglip2_crop_nn_all_r2,64c88b045908917c,bfd5d9f2583de5749f4a8b36,41,kemasan sirkuit terpadu,True,yes,none,3e3be9133233e7a4,faa34ca655a74359a844a149,44,turntable_record_area,0.8493711948394775,0.1826421618461609,0.5135708451271057,0.8493711948394775,True,False,61,False
equal_multiview_nn_all_r2,64c88b045908917c,bfd5d9f2583de5749f4a8b36,41,kemasan sirkuit terpadu,True,yes,none,2763d9d93b2b5345,abc657868df864bffc906f8b,41,integrated_circuit_package,0.7014024257659912,0.7355219125747681,0.58021080493927,0.7884745597839355,True,True,1,True
fitted_multiview_nn_all_r2,64c88b045908917c,bfd5d9f2583de5749f4a8b36,41,kemasan sirkuit terpadu,True,yes,none,8d48d0c320a4aa47,3f6dec68c125560383c71c35,0,circuit_board_surface,0.7216606736183167,0.6388038396835327,0.4655168652534485,0.7686136364936829,True,False,2,True
fitted_multiview_thresholded_all_r2,64c88b045908917c,bfd5d9f2583de5749f4a8b36,41,kemasan sirkuit terpadu,True,yes,none,8d48d0c320a4aa47,3f6dec68c125560383c71c35,0,circuit_board_surface,0.7216606736183167,0.6388038396835327,0.4655168652534485,0.7686136364936829,True,False,2,True
dino_foreground_nn_all_r2,819b620de5d77e40,3f59fbb636afe9974e0d7249,34,retak dan pecah layar,True,yes,proposal,32edb748b1c52f84,5bda517b8e1d347ad829e8ea,34,visible_display_damage,0.8183336853981018,0.8183336853981018,0.8440357446670532,0.9475263357162476,True,True,1,True
dino_box_nn_all_r2,819b620de5d77e40,3f59fbb636afe9974e0d7249,34,retak dan pecah layar,True,yes,proposal,69139959098cb052,3a4e6967e7dd13572387e2fc,34,visible_display_damage,0.8662397265434265,0.6381977796554565,0.8662397265434265,0.8489366769790649,True,True,1,True
siglip2_crop_nn_all_r2,819b620de5d77e40,3f59fbb636afe9974e0d7249,34,retak dan pecah layar,True,yes,proposal,32edb748b1c52f84,5bda517b8e1d347ad829e8ea,34,visible_display_damage,0.9475263357162476,0.8183336853981018,0.8440357446670532,0.9475263357162476,True,True,1,True
equal_multiview_nn_all_r2,819b620de5d77e40,3f59fbb636afe9974e0d7249,34,retak dan pecah layar,True,yes,proposal,32edb748b1c52f84,5bda517b8e1d347ad829e8ea,34,visible_display_damage,0.8699652552604675,0.8183336853981018,0.8440357446670532,0.9475263357162476,True,True,1,True
fitted_multiview_nn_all_r2,819b620de5d77e40,3f59fbb636afe9974e0d7249,34,retak dan pecah layar,True,yes,proposal,32edb748b1c52f84,5bda517b8e1d347ad829e8ea,34,visible_display_damage,0.9469279050827026,0.8183336853981018,0.8440357446670532,0.9475263357162476,True,True,1,True
fitted_multiview_thresholded_all_r2,819b620de5d77e40,3f59fbb636afe9974e0d7249,34,retak dan pecah layar,True,yes,proposal,32edb748b1c52f84,5bda517b8e1d347ad829e8ea,34,visible_display_damage,0.9469279050827026,0.8183336853981018,0.8440357446670532,0.9475263357162476,True,True,1,True
dino_foreground_nn_all_r2,08ca70948a89531a,983c666b570e578ec9a1021d,34,retak dan pecah layar,False,ambiguous,descriptor_correspondence,f9b1ecc2b55cd174,25659a70c38d0d832e1ac006,34,visible_display_damage,0.721165657043457,0.721165657043457,0.5768282413482666,0.696428120136261,True,False,1,False
dino_box_nn_all_r2,08ca70948a89531a,983c666b570e578ec9a1021d,34,retak dan pecah layar,False,ambiguous,descriptor_correspondence,7926fc46cac9b48b,b489c089943d9cfbc005bdf1,34,visible_display_damage,0.6512885093688965,0.6905884742736816,0.6512885093688965,0.7396013140678406,True,False,1,False
siglip2_crop_nn_all_r2,08ca70948a89531a,983c666b570e578ec9a1021d,34,retak dan pecah layar,False,ambiguous,descriptor_correspondence,9ffc5ac70f89ff72,ec2c61e7b9953001d410739f,0,circuit_board_surface,0.8250057101249695,0.3357997536659241,0.2999218702316284,0.8250057101249695,True,False,22,False
equal_multiview_nn_all_r2,08ca70948a89531a,983c666b570e578ec9a1021d,34,retak dan pecah layar,False,ambiguous,descriptor_correspondence,7926fc46cac9b48b,b489c089943d9cfbc005bdf1,34,visible_display_damage,0.6938261389732361,0.6905884742736816,0.6512885093688965,0.7396013140678406,True,False,1,False
fitted_multiview_nn_all_r2,08ca70948a89531a,983c666b570e578ec9a1021d,34,retak dan pecah layar,False,ambiguous,descriptor_correspondence,7926fc46cac9b48b,b489c089943d9cfbc005bdf1,34,visible_display_damage,0.8254217505455017,0.6905884742736816,0.6512885093688965,0.7396013140678406,True,False,1,False
fitted_multiview_thresholded_all_r2,08ca70948a89531a,983c666b570e578ec9a1021d,34,retak dan pecah layar,False,ambiguous,descriptor_correspondence,7926fc46cac9b48b,b489c089943d9cfbc005bdf1,34,visible_display_damage,0.8254217505455017,0.6905884742736816,0.6512885093688965,0.7396013140678406,True,False,1,False
dino_foreground_nn_all_r2,5043d5db057aa307,ca51fdbced69409e860d5a0c,34,retak dan pecah layar,False,no,descriptor_correspondence,18594412dd64ab3d,388d4d40bd87deed8e61362e,21,active_display_surface,0.5618751645088196,0.5618751645088196,0.37148645520210266,0.6340994834899902,True,False,2,False
dino_box_nn_all_r2,5043d5db057aa307,ca51fdbced69409e860d5a0c,34,retak dan pecah layar,False,no,descriptor_correspondence,e890fe228531531b,d5c0d1d5a67fe2c074e745c0,32,visible_display_damage,0.6678892374038696,0.5190280675888062,0.6678892374038696,0.8823184967041016,True,False,36,False
siglip2_crop_nn_all_r2,5043d5db057aa307,ca51fdbced69409e860d5a0c,34,retak dan pecah layar,False,no,descriptor_correspondence,dca57dd61be4fd34,1a0139fb1705194ac1a27b94,11,dark_display_surface,0.8955861330032349,0.1517893224954605,0.43899452686309814,0.8955861330032349,True,False,26,False
equal_multiview_nn_all_r2,5043d5db057aa307,ca51fdbced69409e860d5a0c,34,retak dan pecah layar,False,no,descriptor_correspondence,e890fe228531531b,d5c0d1d5a67fe2c074e745c0,32,visible_display_damage,0.6897452473640442,0.5190280675888062,0.6678892374038696,0.8823184967041016,True,False,9,False
fitted_multiview_nn_all_r2,5043d5db057aa307,ca51fdbced69409e860d5a0c,34,retak dan pecah layar,False,no,descriptor_correspondence,e890fe228531531b,d5c0d1d5a67fe2c074e745c0,32,visible_display_damage,0.28320401906967163,0.5190280675888062,0.6678892374038696,0.8823184967041016,True,False,3,False
fitted_multiview_thresholded_all_r2,5043d5db057aa307,ca51fdbced69409e860d5a0c,34,retak dan pecah layar,False,no,descriptor_correspondence,e890fe228531531b,d5c0d1d5a67fe2c074e745c0,32,visible_display_damage,0.28320401906967163,0.5190280675888062,0.6678892374038696,0.8823184967041016,False,False,3,False
dino_foreground_nn_all_r2,045fe2157a17a75b,00705657fdf22915cb639426,52,garis dan panel layar rusak,True,yes,proposal,548cb8455d0f12c7,09f0786bdf82c812ccaa7fbe,52,visible_display_damage,0.8271585702896118,0.8271585702896118,0.7093583941459656,0.8400218486785889,True,True,1,True
dino_box_nn_all_r2,045fe2157a17a75b,00705657fdf22915cb639426,52,garis dan panel layar rusak,True,yes,proposal,1bce4aabf304f135,45b5096f04ae72e41ed202a3,52,visible_display_damage,0.8079177737236023,0.7742264270782471,0.8079177737236023,0.9002150297164917,True,True,1,True
siglip2_crop_nn_all_r2,045fe2157a17a75b,00705657fdf22915cb639426,52,garis dan panel layar rusak,True,yes,proposal,1bce4aabf304f135,6d253b1b0228250b95ffc8cf,32,visible_display_damage,0.9239727258682251,0.6321840286254883,0.776650071144104,0.9239727258682251,True,False,4,True
equal_multiview_nn_all_r2,045fe2157a17a75b,00705657fdf22915cb639426,52,garis dan panel layar rusak,True,yes,proposal,1bce4aabf304f135,45b5096f04ae72e41ed202a3,52,visible_display_damage,0.8274531364440918,0.7742264270782471,0.8079177737236023,0.9002150297164917,True,True,1,True
fitted_multiview_nn_all_r2,045fe2157a17a75b,00705657fdf22915cb639426,52,garis dan panel layar rusak,True,yes,proposal,548cb8455d0f12c7,939184357b1493271935d6a2,32,visible_display_damage,0.8849663734436035,0.761704683303833,0.7350277304649353,0.8138003349304199,True,False,2,True
fitted_multiview_thresholded_all_r2,045fe2157a17a75b,00705657fdf22915cb639426,52,garis dan panel layar rusak,True,yes,proposal,548cb8455d0f12c7,939184357b1493271935d6a2,32,visible_display_damage,0.8849663734436035,0.761704683303833,0.7350277304649353,0.8138003349304199,True,False,2,True
dino_foreground_nn_all_r2,fa4021b7190cce4e,86ee50a59776e56d95d6a022,52,garis dan panel layar rusak,False,ambiguous,descriptor_correspondence,7382ae107a015445,eca1ae3eb861e1fd1e961b24,39,laptop_display_assembly,0.671700119972229,0.671700119972229,0.6460601687431335,0.8320803046226501,True,False,2,False
dino_box_nn_all_r2,fa4021b7190cce4e,86ee50a59776e56d95d6a022,52,garis dan panel layar rusak,False,ambiguous,descriptor_correspondence,588b1e10777d0e40,4dec33f36f3c9872bf9d1398,49,display_bezel_or_stand,0.6749356985092163,0.5032346248626709,0.6749356985092163,0.7694865465164185,True,False,2,False
siglip2_crop_nn_all_r2,fa4021b7190cce4e,86ee50a59776e56d95d6a022,52,garis dan panel layar rusak,False,ambiguous,descriptor_correspondence,fb8a653e23019953,f3775763df4f576d511b077a,1,dark_display_surface,0.9068804979324341,0.3282652199268341,0.3555876910686493,0.9068804979324341,True,False,7,False
equal_multiview_nn_all_r2,fa4021b7190cce4e,86ee50a59776e56d95d6a022,52,garis dan panel layar rusak,False,ambiguous,descriptor_correspondence,ecdd4d35f1471ae0,dd028bb9863acb85da7dbc75,52,visible_display_damage,0.7231228947639465,0.6677241325378418,0.6581282615661621,0.84351646900177,True,False,1,False
fitted_multiview_nn_all_r2,fa4021b7190cce4e,86ee50a59776e56d95d6a022,52,garis dan panel layar rusak,False,ambiguous,descriptor_correspondence,ecdd4d35f1471ae0,dd028bb9863acb85da7dbc75,52,visible_display_damage,0.7393476366996765,0.6677241325378418,0.6581282615661621,0.84351646900177,True,False,1,False
fitted_multiview_thresholded_all_r2,fa4021b7190cce4e,86ee50a59776e56d95d6a022,52,garis dan panel layar rusak,False,ambiguous,descriptor_correspondence,ecdd4d35f1471ae0,dd028bb9863acb85da7dbc75,52,visible_display_damage,0.7393476366996765,0.6677241325378418,0.6581282615661621,0.84351646900177,True,False,1,False
dino_foreground_nn_all_r2,bcb1eb732acd5c44,2d747d762dfa09eb47357298,52,garis dan panel layar rusak,False,no,descriptor_correspondence,428014b4e5812279,f888d03bc6904f54b8c6b96a,52,visible_display_damage,0.6313217878341675,0.6313217878341675,0.6431278586387634,0.7222896218299866,True,False,1,False
dino_box_nn_all_r2,bcb1eb732acd5c44,2d747d762dfa09eb47357298,52,garis dan panel layar rusak,False,no,descriptor_correspondence,336569576439a98d,c02e480309b6143492a45df9,1,dark_display_surface,0.7369919419288635,0.5509167909622192,0.7369919419288635,0.7828038930892944,True,False,4,False
siglip2_crop_nn_all_r2,bcb1eb732acd5c44,2d747d762dfa09eb47357298,52,garis dan panel layar rusak,False,no,descriptor_correspondence,2d26bf519be4cccf,7841f46a3f2ef5a28e8fbdd5,11,dark_display_surface,0.9423210620880127,0.4520200788974762,0.7173266410827637,0.9423210620880127,True,False,8,False
equal_multiview_nn_all_r2,bcb1eb732acd5c44,2d747d762dfa09eb47357298,52,garis dan panel layar rusak,False,no,descriptor_correspondence,a03425d9b267f654,05db002f9bb7c1ddcf7dadec,11,dark_display_surface,0.7116557955741882,0.48956799507141113,0.7288686037063599,0.9165306091308594,True,False,3,False
fitted_multiview_nn_all_r2,bcb1eb732acd5c44,2d747d762dfa09eb47357298,52,garis dan panel layar rusak,False,no,descriptor_correspondence,630f19fa69a8f108,2a0b2e7cf250532d2ceebfa6,34,visible_display_damage,0.4350731074810028,0.5646930932998657,0.5745262503623962,0.8527837991714478,True,False,3,False
fitted_multiview_thresholded_all_r2,bcb1eb732acd5c44,2d747d762dfa09eb47357298,52,garis dan panel layar rusak,False,no,descriptor_correspondence,630f19fa69a8f108,2a0b2e7cf250532d2ceebfa6,34,visible_display_damage,0.4350731074810028,0.5646930932998657,0.5745262503623962,0.8527837991714478,True,False,3,False
dino_foreground_nn_all_r2,9a2a6d2413333888,03475001f6da1b8f5486cc32,64,retak layar langka,False,ambiguous,interpretation,c44c3f97a2595d5f,6ae60cc453ad398c45c96195,64,visible_display_damage,0.8801285028457642,0.8801285028457642,0.5685040950775146,0.9377472400665283,True,False,1,False
dino_box_nn_all_r2,9a2a6d2413333888,03475001f6da1b8f5486cc32,64,retak layar langka,False,ambiguous,interpretation,714bbea57df6b677,1950a58a99c9e1d18e397520,1,dark_display_surface,0.8088902831077576,0.7525174617767334,0.8088902831077576,0.92093825340271,True,False,17,False
siglip2_crop_nn_all_r2,9a2a6d2413333888,03475001f6da1b8f5486cc32,64,retak layar langka,False,ambiguous,interpretation,7b973ebbc899507c,8e57f930fc3d28556097515a,3,printer_control_or_output_zone,0.947387158870697,0.21529969573020935,0.5741652846336365,0.947387158870697,True,False,5,False
equal_multiview_nn_all_r2,9a2a6d2413333888,03475001f6da1b8f5486cc32,64,retak layar langka,False,ambiguous,interpretation,714bbea57df6b677,1950a58a99c9e1d18e397520,1,dark_display_surface,0.8274486660957336,0.7525174617767334,0.8088902831077576,0.92093825340271,True,False,2,False
fitted_multiview_nn_all_r2,9a2a6d2413333888,03475001f6da1b8f5486cc32,64,retak layar langka,False,ambiguous,interpretation,2babcd87616b8237,b00b076e97d0203fce5e0f55,1,dark_display_surface,0.9244968295097351,0.7718156576156616,0.741326093673706,0.8570983409881592,True,False,2,False
fitted_multiview_thresholded_all_r2,9a2a6d2413333888,03475001f6da1b8f5486cc32,64,retak layar langka,False,ambiguous,interpretation,2babcd87616b8237,b00b076e97d0203fce5e0f55,1,dark_display_surface,0.9244968295097351,0.7718156576156616,0.741326093673706,0.8570983409881592,True,False,2,False
dino_foreground_nn_all_r2,34b799173faf6c17,ee5180145ba45fae9967967d,64,retak layar langka,False,ambiguous,interpretation,9a2a6d2413333888,03475001f6da1b8f5486cc32,64,visible_display_damage,0.743748128414154,0.743748128414154,0.5931357741355896,0.9254313707351685,True,False,1,False
dino_box_nn_all_r2,34b799173faf6c17,ee5180145ba45fae9967967d,64,retak layar langka,False,ambiguous,interpretation,c14c089e69a78bb2,a8989733c5259b3d3ad6a15f,1,dark_display_surface,0.6098246574401855,0.6111630797386169,0.6098246574401855,0.8953955769538879,True,False,2,False
siglip2_crop_nn_all_r2,34b799173faf6c17,ee5180145ba45fae9967967d,64,retak layar langka,False,ambiguous,interpretation,efee17361c34e8fc,d406cc0b6c5b1768a64dd54c,1,dark_display_surface,0.9440382719039917,0.6103864908218384,0.518912136554718,0.9440382719039917,True,False,3,False
equal_multiview_nn_all_r2,34b799173faf6c17,ee5180145ba45fae9967967d,64,retak layar langka,False,ambiguous,interpretation,9a2a6d2413333888,03475001f6da1b8f5486cc32,64,visible_display_damage,0.7541050910949707,0.743748128414154,0.5931357741355896,0.9254313707351685,True,False,1,False
fitted_multiview_nn_all_r2,34b799173faf6c17,ee5180145ba45fae9967967d,64,retak layar langka,False,ambiguous,interpretation,9a2a6d2413333888,03475001f6da1b8f5486cc32,64,visible_display_damage,0.822668194770813,0.743748128414154,0.5931357741355896,0.9254313707351685,True,False,1,False
fitted_multiview_thresholded_all_r2,34b799173faf6c17,ee5180145ba45fae9967967d,64,retak layar langka,False,ambiguous,interpretation,9a2a6d2413333888,03475001f6da1b8f5486cc32,64,visible_display_damage,0.822668194770813,0.743748128414154,0.5931357741355896,0.9254313707351685,True,False,1,False
dino_foreground_nn_all_r2,eeaf47facceba569,d5ad0c6315af8aa355f5fd9b,64,retak layar langka,False,ambiguous,interpretation,9a2a6d2413333888,03475001f6da1b8f5486cc32,64,visible_display_damage,0.8490087389945984,0.8490087389945984,0.6833012104034424,0.8675692081451416,True,False,1,False
dino_box_nn_all_r2,eeaf47facceba569,d5ad0c6315af8aa355f5fd9b,64,retak layar langka,False,ambiguous,interpretation,7a669e184d13e1be,919e085a11481660207d5189,1,dark_display_surface,0.8218324780464172,0.5965057611465454,0.8218324780464172,0.9579107761383057,True,False,14,False
siglip2_crop_nn_all_r2,eeaf47facceba569,d5ad0c6315af8aa355f5fd9b,64,retak layar langka,False,ambiguous,interpretation,7a669e184d13e1be,919e085a11481660207d5189,1,dark_display_surface,0.9579107761383057,0.5965057611465454,0.8218324780464172,0.9579107761383057,True,False,22,False
equal_multiview_nn_all_r2,eeaf47facceba569,d5ad0c6315af8aa355f5fd9b,64,retak layar langka,False,ambiguous,interpretation,2babcd87616b8237,b00b076e97d0203fce5e0f55,1,dark_display_surface,0.8203123211860657,0.7321410179138184,0.8052668571472168,0.9235290288925171,True,False,2,False
fitted_multiview_nn_all_r2,eeaf47facceba569,d5ad0c6315af8aa355f5fd9b,64,retak layar langka,False,ambiguous,interpretation,2babcd87616b8237,b00b076e97d0203fce5e0f55,1,dark_display_surface,0.897968590259552,0.7321410179138184,0.8052668571472168,0.9235290288925171,True,False,2,False
fitted_multiview_thresholded_all_r2,eeaf47facceba569,d5ad0c6315af8aa355f5fd9b,64,retak layar langka,False,ambiguous,interpretation,2babcd87616b8237,b00b076e97d0203fce5e0f55,1,dark_display_surface,0.897968590259552,0.7321410179138184,0.8052668571472168,0.9235290288925171,True,False,2,False
dino_foreground_nn_all_r2,93bcd9f51f027f41,3c924a774442d2f716fe2dda,13,papan sirkuit dalam rakitan dan tumpukan,True,yes,none,133d4135b3264601,b6455c7b3f7da171b5824137,13,circuit_board_surface,0.9112222790718079,0.9112222790718079,0.8841151595115662,0.829048752784729,True,True,1,True
dino_box_nn_all_r2,93bcd9f51f027f41,3c924a774442d2f716fe2dda,13,papan sirkuit dalam rakitan dan tumpukan,True,yes,none,133d4135b3264601,82fd9a999daee95e05e9db37,13,circuit_board_surface,0.9109241962432861,0.8576257824897766,0.9109241962432861,0.844089150428772,True,True,1,True
siglip2_crop_nn_all_r2,93bcd9f51f027f41,3c924a774442d2f716fe2dda,13,papan sirkuit dalam rakitan dan tumpukan,True,yes,none,6f39b1a9ca44eda5,6971a445ffe041df995acaf6,13,circuit_board_surface,0.863911509513855,0.8982096910476685,0.9084547758102417,0.863911509513855,True,True,1,True
equal_multiview_nn_all_r2,93bcd9f51f027f41,3c924a774442d2f716fe2dda,13,papan sirkuit dalam rakitan dan tumpukan,True,yes,none,6f39b1a9ca44eda5,6971a445ffe041df995acaf6,13,circuit_board_surface,0.8901920318603516,0.8982096910476685,0.9084547758102417,0.863911509513855,True,True,1,True
fitted_multiview_nn_all_r2,93bcd9f51f027f41,3c924a774442d2f716fe2dda,13,papan sirkuit dalam rakitan dan tumpukan,True,yes,none,133d4135b3264601,f6e34ad9ff37f1f7cfab97cc,0,circuit_board_surface,0.9886320233345032,0.8862965703010559,0.8840521574020386,0.8082756996154785,True,False,2,True
fitted_multiview_thresholded_all_r2,93bcd9f51f027f41,3c924a774442d2f716fe2dda,13,papan sirkuit dalam rakitan dan tumpukan,True,yes,none,133d4135b3264601,f6e34ad9ff37f1f7cfab97cc,0,circuit_board_surface,0.9886320233345032,0.8862965703010559,0.8840521574020386,0.8082756996154785,True,False,2,True
dino_foreground_nn_all_r2,3ff9cc730e9c220f,53a830da7d5d5857a18c677b,13,papan sirkuit dalam rakitan dan tumpukan,True,yes,proposal,b406a65d3007cd97,ff41f3e7ddba211a8bca9f4a,13,circuit_board_surface,0.8144158720970154,0.8144158720970154,0.8943582773208618,0.821797788143158,True,True,1,True
dino_box_nn_all_r2,3ff9cc730e9c220f,53a830da7d5d5857a18c677b,13,papan sirkuit dalam rakitan dan tumpukan,True,yes,proposal,b406a65d3007cd97,ff41f3e7ddba211a8bca9f4a,13,circuit_board_surface,0.8943582773208618,0.8144158720970154,0.8943582773208618,0.821797788143158,True,True,1,True
siglip2_crop_nn_all_r2,3ff9cc730e9c220f,53a830da7d5d5857a18c677b,13,papan sirkuit dalam rakitan dan tumpukan,True,yes,proposal,f1831e76b3e3b753,014e1b8b8e13ee1277e5ec6c,0,circuit_board_surface,0.8720375299453735,0.7698084712028503,0.8528497219085693,0.8720375299453735,True,False,5,True
equal_multiview_nn_all_r2,3ff9cc730e9c220f,53a830da7d5d5857a18c677b,13,papan sirkuit dalam rakitan dan tumpukan,True,yes,proposal,b406a65d3007cd97,ff41f3e7ddba211a8bca9f4a,13,circuit_board_surface,0.8435239791870117,0.8144158720970154,0.8943582773208618,0.821797788143158,True,True,1,True
fitted_multiview_nn_all_r2,3ff9cc730e9c220f,53a830da7d5d5857a18c677b,13,papan sirkuit dalam rakitan dan tumpukan,True,yes,proposal,89201784fca88e6b,8a8845f147d3bc98f550a6d3,0,circuit_board_surface,0.9813721179962158,0.644604504108429,0.8189865350723267,0.653689980506897,True,False,2,True
fitted_multiview_thresholded_all_r2,3ff9cc730e9c220f,53a830da7d5d5857a18c677b,13,papan sirkuit dalam rakitan dan tumpukan,True,yes,proposal,89201784fca88e6b,8a8845f147d3bc98f550a6d3,0,circuit_board_surface,0.9813721179962158,0.644604504108429,0.8189865350723267,0.653689980506897,True,False,2,True
dino_foreground_nn_all_r2,7ede4fe856d8ca57,c83d346d76d734b76f6a786d,13,papan sirkuit dalam rakitan dan tumpukan,False,no,descriptor_correspondence,582e05932c8ff2e3,66a4a7f53dddb86b2005e2e4,13,circuit_board_surface,0.6296551823616028,0.6296551823616028,0.6725757122039795,0.7926546931266785,True,False,1,False
dino_box_nn_all_r2,7ede4fe856d8ca57,c83d346d76d734b76f6a786d,13,papan sirkuit dalam rakitan dan tumpukan,False,no,descriptor_correspondence,e3eb7aa8a611a569,77e48b55989086161d2a12e9,2,r2_family_0002,0.7157850861549377,0.39279842376708984,0.7157850861549377,0.7668514251708984,True,False,5,False
siglip2_crop_nn_all_r2,7ede4fe856d8ca57,c83d346d76d734b76f6a786d,13,papan sirkuit dalam rakitan dan tumpukan,False,no,descriptor_correspondence,6a846343eebe4d39,22b52b24238cc3ef463617bd,-1,r2_family_-001,0.8526104688644409,0.48970964550971985,0.6378868222236633,0.8526104688644409,True,False,2,False
equal_multiview_nn_all_r2,7ede4fe856d8ca57,c83d346d76d734b76f6a786d,13,papan sirkuit dalam rakitan dan tumpukan,False,no,descriptor_correspondence,582e05932c8ff2e3,66a4a7f53dddb86b2005e2e4,13,circuit_board_surface,0.6982951760292053,0.6296551823616028,0.6725757122039795,0.7926546931266785,True,False,1,False
fitted_multiview_nn_all_r2,7ede4fe856d8ca57,c83d346d76d734b76f6a786d,13,papan sirkuit dalam rakitan dan tumpukan,False,no,descriptor_correspondence,118e61575ecffab0,1159ee766a08c3a5ce9f0ada,14,r2_family_0014,0.512262225151062,0.5614776015281677,0.6837249398231506,0.7582506537437439,True,False,2,False
fitted_multiview_thresholded_all_r2,7ede4fe856d8ca57,c83d346d76d734b76f6a786d,13,papan sirkuit dalam rakitan dan tumpukan,False,no,descriptor_correspondence,118e61575ecffab0,1159ee766a08c3a5ce9f0ada,14,r2_family_0014,0.512262225151062,0.5614776015281677,0.6837249398231506,0.7582506537437439,True,False,2,False
dino_foreground_nn_all_r2,35bab23240072254,159a4d55eea8a962f0070170,0,permukaan papan sirkuit terpopulasi,True,yes,proposal,15434d9cefd675c6,df7898abf1055c114c26fb3f,0,circuit_board_surface,0.8680505752563477,0.8680505752563477,0.8925845623016357,0.946760892868042,True,True,1,True
dino_box_nn_all_r2,35bab23240072254,159a4d55eea8a962f0070170,0,permukaan papan sirkuit terpopulasi,True,yes,proposal,c4f2ef1aa25837d3,a08981a0816f4a5f80edcd25,0,circuit_board_surface,0.9321893453598022,0.8557205200195312,0.9321893453598022,0.941033661365509,True,True,1,True
siglip2_crop_nn_all_r2,35bab23240072254,159a4d55eea8a962f0070170,0,permukaan papan sirkuit terpopulasi,True,yes,proposal,15434d9cefd675c6,df7898abf1055c114c26fb3f,0,circuit_board_surface,0.946760892868042,0.8680505752563477,0.8925845623016357,0.946760892868042,True,True,1,True
equal_multiview_nn_all_r2,35bab23240072254,159a4d55eea8a962f0070170,0,permukaan papan sirkuit terpopulasi,True,yes,proposal,c4f2ef1aa25837d3,a08981a0816f4a5f80edcd25,0,circuit_board_surface,0.9096478819847107,0.8557205200195312,0.9321893453598022,0.941033661365509,True,True,1,True
fitted_multiview_nn_all_r2,35bab23240072254,159a4d55eea8a962f0070170,0,permukaan papan sirkuit terpopulasi,True,yes,proposal,15434d9cefd675c6,df7898abf1055c114c26fb3f,0,circuit_board_surface,0.9719318747520447,0.8680505752563477,0.8925845623016357,0.946760892868042,True,True,1,True
fitted_multiview_thresholded_all_r2,35bab23240072254,159a4d55eea8a962f0070170,0,permukaan papan sirkuit terpopulasi,True,yes,proposal,15434d9cefd675c6,df7898abf1055c114c26fb3f,0,circuit_board_surface,0.9719318747520447,0.8680505752563477,0.8925845623016357,0.946760892868042,True,True,1,True
dino_foreground_nn_all_r2,8d1a3e3beec4d0e8,1ebe514e1c136ca98548dbf4,0,permukaan papan sirkuit terpopulasi,False,ambiguous,descriptor_correspondence,64c88b045908917c,d7ae55aa74149d7e7593fa74,0,circuit_board_surface,0.8848247528076172,0.8848247528076172,0.7441886067390442,0.875358521938324,True,False,1,False
dino_box_nn_all_r2,8d1a3e3beec4d0e8,1ebe514e1c136ca98548dbf4,0,permukaan papan sirkuit terpopulasi,False,ambiguous,descriptor_correspondence,bbf20bba10a59d87,dbf78b701f8d72b13c94f55f,38,r2_family_0038,0.7590799331665039,0.6530653238296509,0.7590799331665039,0.7722222805023193,True,False,2,False
siglip2_crop_nn_all_r2,8d1a3e3beec4d0e8,1ebe514e1c136ca98548dbf4,0,permukaan papan sirkuit terpopulasi,False,ambiguous,descriptor_correspondence,64c88b045908917c,d7ae55aa74149d7e7593fa74,0,circuit_board_surface,0.875358521938324,0.8848247528076172,0.7441886067390442,0.875358521938324,True,False,1,False
equal_multiview_nn_all_r2,8d1a3e3beec4d0e8,1ebe514e1c136ca98548dbf4,0,permukaan papan sirkuit terpopulasi,False,ambiguous,descriptor_correspondence,64c88b045908917c,d7ae55aa74149d7e7593fa74,0,circuit_board_surface,0.8347906470298767,0.8848247528076172,0.7441886067390442,0.875358521938324,True,False,1,False
fitted_multiview_nn_all_r2,8d1a3e3beec4d0e8,1ebe514e1c136ca98548dbf4,0,permukaan papan sirkuit terpopulasi,False,ambiguous,descriptor_correspondence,64c88b045908917c,d7ae55aa74149d7e7593fa74,0,circuit_board_surface,0.9691917896270752,0.8848247528076172,0.7441886067390442,0.875358521938324,True,False,1,False
fitted_multiview_thresholded_all_r2,8d1a3e3beec4d0e8,1ebe514e1c136ca98548dbf4,0,permukaan papan sirkuit terpopulasi,False,ambiguous,descriptor_correspondence,64c88b045908917c,d7ae55aa74149d7e7593fa74,0,circuit_board_surface,0.9691917896270752,0.8848247528076172,0.7441886067390442,0.875358521938324,True,False,1,False
dino_foreground_nn_all_r2,e14fd8301d0c2fc1,31774f01633646474f5a5e94,0,permukaan papan sirkuit terpopulasi,True,yes,none,66cedc6c816645f7,6d3d0d58b1f98d6d08ea1959,0,circuit_board_surface,0.7413551211357117,0.7413551211357117,0.3999967575073242,0.912109375,True,True,1,True
dino_box_nn_all_r2,e14fd8301d0c2fc1,31774f01633646474f5a5e94,0,permukaan papan sirkuit terpopulasi,True,yes,none,a2c70d5368dd8237,285b765d33fdd9a656fca57c,0,circuit_board_surface,0.8453049063682556,0.6287192702293396,0.8453049063682556,0.9190828800201416,True,True,1,True
siglip2_crop_nn_all_r2,e14fd8301d0c2fc1,31774f01633646474f5a5e94,0,permukaan papan sirkuit terpopulasi,True,yes,none,68664b5a01a05f7d,ce762432586b7635f598fd0d,12,r2_family_0012,0.9252578020095825,0.4800994396209717,0.8042087554931641,0.9252578020095825,True,False,2,True
equal_multiview_nn_all_r2,e14fd8301d0c2fc1,31774f01633646474f5a5e94,0,permukaan papan sirkuit terpopulasi,True,yes,none,a2c70d5368dd8237,285b765d33fdd9a656fca57c,0,circuit_board_surface,0.7977023124694824,0.6287192702293396,0.8453049063682556,0.9190828800201416,True,True,1,True
fitted_multiview_nn_all_r2,e14fd8301d0c2fc1,31774f01633646474f5a5e94,0,permukaan papan sirkuit terpopulasi,True,yes,none,66cedc6c816645f7,6d3d0d58b1f98d6d08ea1959,0,circuit_board_surface,0.7577338814735413,0.7413551211357117,0.3999967575073242,0.912109375,True,True,1,True
fitted_multiview_thresholded_all_r2,e14fd8301d0c2fc1,31774f01633646474f5a5e94,0,permukaan papan sirkuit terpopulasi,True,yes,none,66cedc6c816645f7,6d3d0d58b1f98d6d08ea1959,0,circuit_board_surface,0.7577338814735413,0.7413551211357117,0.3999967575073242,0.912109375,True,True,1,True
dino_foreground_nn_all_r2,e60d740a69bc649a,fa4fb74b8d1014a028f99bcf,119,pola uji warna pada layar,True,yes,none,2918aa4dca2f0145,4c1737deac270961848b32d8,119,r2_family_0119,0.7099505662918091,0.7099505662918091,0.7835514545440674,0.8651798963546753,True,True,1,True
dino_box_nn_all_r2,e60d740a69bc649a,fa4fb74b8d1014a028f99bcf,119,pola uji warna pada layar,True,yes,none,94bc9d105c1181f4,df6dfbbdcd306f63a7ddf99c,32,visible_display_damage,0.808235764503479,0.6183885335922241,0.808235764503479,0.7961901426315308,True,False,2,True
siglip2_crop_nn_all_r2,e60d740a69bc649a,fa4fb74b8d1014a028f99bcf,119,pola uji warna pada layar,True,yes,none,2918aa4dca2f0145,34cabce1e0e47d2df05dc013,52,visible_display_damage,0.8847315907478333,0.6895111799240112,0.7077314853668213,0.8847315907478333,True,False,5,True
equal_multiview_nn_all_r2,e60d740a69bc649a,fa4fb74b8d1014a028f99bcf,119,pola uji warna pada layar,True,yes,none,2918aa4dca2f0145,4c1737deac270961848b32d8,119,r2_family_0119,0.786227285861969,0.7099505662918091,0.7835514545440674,0.8651798963546753,True,True,1,True
fitted_multiview_nn_all_r2,e60d740a69bc649a,fa4fb74b8d1014a028f99bcf,119,pola uji warna pada layar,True,yes,none,2918aa4dca2f0145,4c1737deac270961848b32d8,119,r2_family_0119,0.823215663433075,0.7099505662918091,0.7835514545440674,0.8651798963546753,True,True,1,True
fitted_multiview_thresholded_all_r2,e60d740a69bc649a,fa4fb74b8d1014a028f99bcf,119,pola uji warna pada layar,True,yes,none,2918aa4dca2f0145,4c1737deac270961848b32d8,119,r2_family_0119,0.823215663433075,0.7099505662918091,0.7835514545440674,0.8651798963546753,True,True,1,True
dino_foreground_nn_all_r2,2918aa4dca2f0145,4c1737deac270961848b32d8,119,pola uji warna pada layar,True,yes,none,e60d740a69bc649a,fa4fb74b8d1014a028f99bcf,119,r2_family_0119,0.7099505662918091,0.7099505662918091,0.7835514545440674,0.8651798963546753,True,True,1,True
dino_box_nn_all_r2,2918aa4dca2f0145,4c1737deac270961848b32d8,119,pola uji warna pada layar,True,yes,none,e60d740a69bc649a,fa4fb74b8d1014a028f99bcf,119,r2_family_0119,0.7835514545440674,0.7099505662918091,0.7835514545440674,0.8651798963546753,True,True,1,True
siglip2_crop_nn_all_r2,2918aa4dca2f0145,4c1737deac270961848b32d8,119,pola uji warna pada layar,True,yes,none,1778f96895220579,061d59666df71de5332a1128,19,r2_family_0019,0.8863579630851746,0.2512332797050476,0.4682708978652954,0.8863579630851746,True,False,4,True
equal_multiview_nn_all_r2,2918aa4dca2f0145,4c1737deac270961848b32d8,119,pola uji warna pada layar,True,yes,none,e60d740a69bc649a,fa4fb74b8d1014a028f99bcf,119,r2_family_0119,0.786227285861969,0.7099505662918091,0.7835514545440674,0.8651798963546753,True,True,1,True
fitted_multiview_nn_all_r2,2918aa4dca2f0145,4c1737deac270961848b32d8,119,pola uji warna pada layar,True,yes,none,e60d740a69bc649a,fa4fb74b8d1014a028f99bcf,119,r2_family_0119,0.823215663433075,0.7099505662918091,0.7835514545440674,0.8651798963546753,True,True,1,True
fitted_multiview_thresholded_all_r2,2918aa4dca2f0145,4c1737deac270961848b32d8,119,pola uji warna pada layar,True,yes,none,e60d740a69bc649a,fa4fb74b8d1014a028f99bcf,119,r2_family_0119,0.823215663433075,0.7099505662918091,0.7835514545440674,0.8651798963546753,True,True,1,True
dino_foreground_nn_all_r2,7668ab21be841aac,2735634d19d280d8a58a1abf,124,terminal positif baterai silinder,True,yes,none,fab01b3855759823,e584741dc8b716cad3e21d0f,38,r2_family_0038,0.6246282458305359,0.6246282458305359,0.6206663250923157,0.6592071652412415,True,False,3,True
dino_box_nn_all_r2,7668ab21be841aac,2735634d19d280d8a58a1abf,124,terminal positif baterai silinder,True,yes,none,ba844f96e4e0e4c4,7e29ed7a8bf2ae70b498d5d8,18,r2_family_0018,0.6910272836685181,0.3502887189388275,0.6910272836685181,0.8171193599700928,True,False,12,False
siglip2_crop_nn_all_r2,7668ab21be841aac,2735634d19d280d8a58a1abf,124,terminal positif baterai silinder,True,yes,none,d71b0e6b16f6402a,ff61c79b59fa0c2ac79955db,15,r2_family_0015,0.8666708469390869,0.24705862998962402,0.6015636920928955,0.8666708469390869,True,False,96,False
equal_multiview_nn_all_r2,7668ab21be841aac,2735634d19d280d8a58a1abf,124,terminal positif baterai silinder,True,yes,none,fab01b3855759823,72498d38b58408ddde5da485,-1,r2_family_-001,0.6679142117500305,0.5221705436706543,0.6671121120452881,0.814460039138794,True,False,4,True
fitted_multiview_nn_all_r2,7668ab21be841aac,2735634d19d280d8a58a1abf,124,terminal positif baterai silinder,True,yes,none,ccf8281eeb71ca5f,745458f97ee535f92f34470e,38,r2_family_0038,0.6842166781425476,0.5635253190994263,0.6311823129653931,0.6008429527282715,True,False,9,False
fitted_multiview_thresholded_all_r2,7668ab21be841aac,2735634d19d280d8a58a1abf,124,terminal positif baterai silinder,True,yes,none,ccf8281eeb71ca5f,745458f97ee535f92f34470e,38,r2_family_0038,0.6842166781425476,0.5635253190994263,0.6311823129653931,0.6008429527282715,True,False,9,False
dino_foreground_nn_all_r2,5c87e208e9280bb1,e6f6106d92366e8fe2b53e8a,124,terminal positif baterai silinder,False,ambiguous,interpretation,fbb7c5787a6a1641,56a3162fa31d41add58a5dbe,38,r2_family_0038,0.7724660038948059,0.7724660038948059,0.603397011756897,0.7650009393692017,True,False,3,False
dino_box_nn_all_r2,5c87e208e9280bb1,e6f6106d92366e8fe2b53e8a,124,terminal positif baterai silinder,False,ambiguous,interpretation,fab01b3855759823,38ee000ec5fb813a41140c77,38,r2_family_0038,0.6778159141540527,0.6595009565353394,0.6778159141540527,0.7333459854125977,True,False,3,False
siglip2_crop_nn_all_r2,5c87e208e9280bb1,e6f6106d92366e8fe2b53e8a,124,terminal positif baterai silinder,False,ambiguous,interpretation,408bc90adc3b6395,99f4140048d43670043685c3,-1,r2_family_-001,0.8458223938941956,0.08129669725894928,0.35438933968544006,0.8458223938941956,True,False,54,False
equal_multiview_nn_all_r2,5c87e208e9280bb1,e6f6106d92366e8fe2b53e8a,124,terminal positif baterai silinder,False,ambiguous,interpretation,fbb7c5787a6a1641,56a3162fa31d41add58a5dbe,38,r2_family_0038,0.7136213183403015,0.7724660038948059,0.603397011756897,0.7650009393692017,True,False,3,False
fitted_multiview_nn_all_r2,5c87e208e9280bb1,e6f6106d92366e8fe2b53e8a,124,terminal positif baterai silinder,False,ambiguous,interpretation,fbb7c5787a6a1641,56a3162fa31d41add58a5dbe,38,r2_family_0038,0.9658934473991394,0.7724660038948059,0.603397011756897,0.7650009393692017,True,False,6,False
fitted_multiview_thresholded_all_r2,5c87e208e9280bb1,e6f6106d92366e8fe2b53e8a,124,terminal positif baterai silinder,False,ambiguous,interpretation,fbb7c5787a6a1641,56a3162fa31d41add58a5dbe,38,r2_family_0038,0.9658934473991394,0.7724660038948059,0.603397011756897,0.7650009393692017,True,False,6,False
dino_foreground_nn_all_r2,b214e80c36aaee12,cc35eb9399dddca67c81516f,94,konektor kabel berwarna krem,True,yes,none,f5b25a252a5d441c,2b374f040186b010f3d6da67,94,r2_family_0094,0.9915474057197571,0.9915474057197571,0.8953675627708435,0.977805495262146,True,True,1,True
dino_box_nn_all_r2,b214e80c36aaee12,cc35eb9399dddca67c81516f,94,konektor kabel berwarna krem,True,yes,none,f5b25a252a5d441c,2b374f040186b010f3d6da67,94,r2_family_0094,0.8953675627708435,0.9915474057197571,0.8953675627708435,0.977805495262146,True,True,1,True
siglip2_crop_nn_all_r2,b214e80c36aaee12,cc35eb9399dddca67c81516f,94,konektor kabel berwarna krem,True,yes,none,f5b25a252a5d441c,2b374f040186b010f3d6da67,94,r2_family_0094,0.977805495262146,0.9915474057197571,0.8953675627708435,0.977805495262146,True,True,1,True
equal_multiview_nn_all_r2,b214e80c36aaee12,cc35eb9399dddca67c81516f,94,konektor kabel berwarna krem,True,yes,none,f5b25a252a5d441c,2b374f040186b010f3d6da67,94,r2_family_0094,0.9549067616462708,0.9915474057197571,0.8953675627708435,0.977805495262146,True,True,1,True
fitted_multiview_nn_all_r2,b214e80c36aaee12,cc35eb9399dddca67c81516f,94,konektor kabel berwarna krem,True,yes,none,f5b25a252a5d441c,2b374f040186b010f3d6da67,94,r2_family_0094,0.98349529504776,0.9915474057197571,0.8953675627708435,0.977805495262146,True,True,1,True
fitted_multiview_thresholded_all_r2,b214e80c36aaee12,cc35eb9399dddca67c81516f,94,konektor kabel berwarna krem,True,yes,none,f5b25a252a5d441c,2b374f040186b010f3d6da67,94,r2_family_0094,0.98349529504776,0.9915474057197571,0.8953675627708435,0.977805495262146,True,True,1,True
dino_foreground_nn_all_r2,f5b25a252a5d441c,2b374f040186b010f3d6da67,94,konektor kabel berwarna krem,True,yes,source_redundancy,b214e80c36aaee12,cc35eb9399dddca67c81516f,94,r2_family_0094,0.9915474057197571,0.9915474057197571,0.8953675627708435,0.977805495262146,True,True,1,True
dino_box_nn_all_r2,f5b25a252a5d441c,2b374f040186b010f3d6da67,94,konektor kabel berwarna krem,True,yes,source_redundancy,b214e80c36aaee12,cc35eb9399dddca67c81516f,94,r2_family_0094,0.8953675627708435,0.9915474057197571,0.8953675627708435,0.977805495262146,True,True,1,True
siglip2_crop_nn_all_r2,f5b25a252a5d441c,2b374f040186b010f3d6da67,94,konektor kabel berwarna krem,True,yes,source_redundancy,b214e80c36aaee12,cc35eb9399dddca67c81516f,94,r2_family_0094,0.977805495262146,0.9915474057197571,0.8953675627708435,0.977805495262146,True,True,1,True
equal_multiview_nn_all_r2,f5b25a252a5d441c,2b374f040186b010f3d6da67,94,konektor kabel berwarna krem,True,yes,source_redundancy,b214e80c36aaee12,cc35eb9399dddca67c81516f,94,r2_family_0094,0.9549067616462708,0.9915474057197571,0.8953675627708435,0.977805495262146,True,True,1,True
fitted_multiview_nn_all_r2,f5b25a252a5d441c,2b374f040186b010f3d6da67,94,konektor kabel berwarna krem,True,yes,source_redundancy,b214e80c36aaee12,cc35eb9399dddca67c81516f,94,r2_family_0094,0.98349529504776,0.9915474057197571,0.8953675627708435,0.977805495262146,True,True,1,True
fitted_multiview_thresholded_all_r2,f5b25a252a5d441c,2b374f040186b010f3d6da67,94,konektor kabel berwarna krem,True,yes,source_redundancy,b214e80c36aaee12,cc35eb9399dddca67c81516f,94,r2_family_0094,0.98349529504776,0.9915474057197571,0.8953675627708435,0.977805495262146,True,True,1,True
dino_foreground_nn_all_r2,fe7c0b3f50083df0,10997875b6fef83b1d999c54,99,pad dan kontak papan sirkuit,False,no,descriptor_correspondence,ffabca2aaad14997,82ed160f9ee203e809091984,0,circuit_board_surface,0.7026097774505615,0.7026097774505615,0.39336755871772766,0.8579941391944885,True,False,2,False
dino_box_nn_all_r2,fe7c0b3f50083df0,10997875b6fef83b1d999c54,99,pad dan kontak papan sirkuit,False,no,descriptor_correspondence,bb2ccaa6f91dcfcd,24efeeeb4d4763a057d405c4,47,r2_family_0047,0.6830116510391235,0.40446510910987854,0.6830116510391235,0.8467789888381958,True,False,22,False
siglip2_crop_nn_all_r2,fe7c0b3f50083df0,10997875b6fef83b1d999c54,99,pad dan kontak papan sirkuit,False,no,descriptor_correspondence,123d0a3ac1223874,f543bb5c56329650a0fc235d,0,circuit_board_surface,0.9267560243606567,0.5221785306930542,0.35211649537086487,0.9267560243606567,True,False,82,False
equal_multiview_nn_all_r2,fe7c0b3f50083df0,10997875b6fef83b1d999c54,99,pad dan kontak papan sirkuit,False,no,descriptor_correspondence,4dd7f532fe9a131e,5115697e75e048563815bfc3,0,circuit_board_surface,0.6982874870300293,0.6003291010856628,0.5922642946243286,0.9022690057754517,True,False,2,False
fitted_multiview_nn_all_r2,fe7c0b3f50083df0,10997875b6fef83b1d999c54,99,pad dan kontak papan sirkuit,False,no,descriptor_correspondence,f0362f7c2a212b25,3f3aaadea3a3dab8e1d7ec2b,0,circuit_board_surface,0.6691176295280457,0.6814290285110474,0.5088173747062683,0.8723943829536438,True,False,2,False
fitted_multiview_thresholded_all_r2,fe7c0b3f50083df0,10997875b6fef83b1d999c54,99,pad dan kontak papan sirkuit,False,no,descriptor_correspondence,f0362f7c2a212b25,3f3aaadea3a3dab8e1d7ec2b,0,circuit_board_surface,0.6691176295280457,0.6814290285110474,0.5088173747062683,0.8723943829536438,True,False,2,False
dino_foreground_nn_all_r2,703b334c80be008b,fd15e42ff8ace7e3f0e7750b,99,pad dan kontak papan sirkuit,False,no,descriptor_correspondence,00d40c2b2eb8d7b7,b616beeb4e9fa72440cfda38,0,circuit_board_surface,0.7373781800270081,0.7373781800270081,0.3561449646949768,0.76352858543396,True,False,3,False
dino_box_nn_all_r2,703b334c80be008b,fd15e42ff8ace7e3f0e7750b,99,pad dan kontak papan sirkuit,False,no,descriptor_correspondence,8bb0a94e4f713f6c,003f6bc73148b7a5c35d9415,30,washing_machine_access_door,0.7292859554290771,0.1370925009250641,0.7292859554290771,0.8397382497787476,True,False,61,False
siglip2_crop_nn_all_r2,703b334c80be008b,fd15e42ff8ace7e3f0e7750b,99,pad dan kontak papan sirkuit,False,no,descriptor_correspondence,9e919947637f2a97,fbad741429a8ea1a3e0ba6cc,0,circuit_board_surface,0.8875579237937927,0.580924928188324,0.6947654485702515,0.8875579237937927,True,False,49,False
equal_multiview_nn_all_r2,703b334c80be008b,fd15e42ff8ace7e3f0e7750b,99,pad dan kontak papan sirkuit,False,no,descriptor_correspondence,9e919947637f2a97,fbad741429a8ea1a3e0ba6cc,0,circuit_board_surface,0.7210827469825745,0.580924928188324,0.6947654485702515,0.8875579237937927,True,False,3,False
fitted_multiview_nn_all_r2,703b334c80be008b,fd15e42ff8ace7e3f0e7750b,99,pad dan kontak papan sirkuit,False,no,descriptor_correspondence,03021a1f9e9f7fb0,95f3c32b57a11c77696c282f,0,circuit_board_surface,0.7032230496406555,0.647026538848877,0.6235814690589905,0.8374882340431213,True,False,2,False
fitted_multiview_thresholded_all_r2,703b334c80be008b,fd15e42ff8ace7e3f0e7750b,99,pad dan kontak papan sirkuit,False,no,descriptor_correspondence,03021a1f9e9f7fb0,95f3c32b57a11c77696c282f,0,circuit_board_surface,0.7032230496406555,0.647026538848877,0.6235814690589905,0.8374882340431213,True,False,2,False
dino_foreground_nn_all_r2,62547ddbdae23960,2cc1130cd2ba94c955038860,116,pad dan jalur tepi papan,True,yes,none,dea9563cfde67ba3,e9a8eda92021e70198bc38de,116,r2_family_0116,0.8083694577217102,0.8083694577217102,0.8374744057655334,0.8554925918579102,True,True,1,True
dino_box_nn_all_r2,62547ddbdae23960,2cc1130cd2ba94c955038860,116,pad dan jalur tepi papan,True,yes,none,ca4080bad229707e,9fc5c0e75c5500ad6fde6355,0,circuit_board_surface,0.8802276849746704,0.6719591617584229,0.8802276849746704,0.7993510961532593,True,False,3,True
siglip2_crop_nn_all_r2,62547ddbdae23960,2cc1130cd2ba94c955038860,116,pad dan jalur tepi papan,True,yes,none,dea9563cfde67ba3,77b0ba0e3c8ff2e5eac4850a,0,circuit_board_surface,0.8733710646629333,0.7916688919067383,0.7892674207687378,0.8733710646629333,True,False,3,True
equal_multiview_nn_all_r2,62547ddbdae23960,2cc1130cd2ba94c955038860,116,pad dan jalur tepi papan,True,yes,none,dea9563cfde67ba3,e9a8eda92021e70198bc38de,116,r2_family_0116,0.8337788581848145,0.8083694577217102,0.8374744057655334,0.8554925918579102,True,True,1,True
fitted_multiview_nn_all_r2,62547ddbdae23960,2cc1130cd2ba94c955038860,116,pad dan jalur tepi papan,True,yes,none,6e3ea959f7115113,2a33654f915087caa4526a39,0,circuit_board_surface,0.9659630656242371,0.7462958097457886,0.8505844473838806,0.7424222230911255,True,False,5,True
fitted_multiview_thresholded_all_r2,62547ddbdae23960,2cc1130cd2ba94c955038860,116,pad dan jalur tepi papan,True,yes,none,6e3ea959f7115113,2a33654f915087caa4526a39,0,circuit_board_surface,0.9659630656242371,0.7462958097457886,0.8505844473838806,0.7424222230911255,True,False,5,True
dino_foreground_nn_all_r2,dea9563cfde67ba3,e9a8eda92021e70198bc38de,116,pad dan jalur tepi papan,True,yes,none,928412fc2e19b9ed,55b22e70e91ed07a79da3d50,0,circuit_board_surface,0.8163949847221375,0.8163949847221375,0.8473514318466187,0.8681387305259705,True,False,2,True
dino_box_nn_all_r2,dea9563cfde67ba3,e9a8eda92021e70198bc38de,116,pad dan jalur tepi papan,True,yes,none,928412fc2e19b9ed,55b22e70e91ed07a79da3d50,0,circuit_board_surface,0.8473514318466187,0.8163949847221375,0.8473514318466187,0.8681387305259705,True,False,2,True
siglip2_crop_nn_all_r2,dea9563cfde67ba3,e9a8eda92021e70198bc38de,116,pad dan jalur tepi papan,True,yes,none,f2b00c387b94a8a5,a4e4872036153c57f4c27871,0,circuit_board_surface,0.9246503114700317,0.5571682453155518,0.7955955862998962,0.9246503114700317,True,False,6,False
equal_multiview_nn_all_r2,dea9563cfde67ba3,e9a8eda92021e70198bc38de,116,pad dan jalur tepi papan,True,yes,none,928412fc2e19b9ed,55b22e70e91ed07a79da3d50,0,circuit_board_surface,0.8439617156982422,0.8163949847221375,0.8473514318466187,0.8681387305259705,True,False,2,True
fitted_multiview_nn_all_r2,dea9563cfde67ba3,e9a8eda92021e70198bc38de,116,pad dan jalur tepi papan,True,yes,none,928412fc2e19b9ed,55b22e70e91ed07a79da3d50,0,circuit_board_surface,0.9714004397392273,0.8163949847221375,0.8473514318466187,0.8681387305259705,True,False,2,True
fitted_multiview_thresholded_all_r2,dea9563cfde67ba3,e9a8eda92021e70198bc38de,116,pad dan jalur tepi papan,True,yes,none,928412fc2e19b9ed,55b22e70e91ed07a79da3d50,0,circuit_board_surface,0.9714004397392273,0.8163949847221375,0.8473514318466187,0.8681387305259705,True,False,2,True
dino_foreground_nn_all_r2,92239d16959ba311,53d41cb14925964ac4ed0797,122,mekanisme internal pencetak,True,yes,proposal,dad3b5fc69758dbb,b51b755e2dc38ed3df36017d,2,r2_family_0002,0.7481859922409058,0.7481859922409058,0.7022299766540527,0.8459928035736084,True,False,2,True
dino_box_nn_all_r2,92239d16959ba311,53d41cb14925964ac4ed0797,122,mekanisme internal pencetak,True,yes,proposal,6a1acb5318eb9070,2c8c13975b745b216782a97f,2,r2_family_0002,0.7768614888191223,0.6415895223617554,0.7768614888191223,0.8616732358932495,True,False,26,False
siglip2_crop_nn_all_r2,92239d16959ba311,53d41cb14925964ac4ed0797,122,mekanisme internal pencetak,True,yes,proposal,de8699732dc37f63,44c36c518dd1571578263a31,53,r2_family_0053,0.8820059895515442,0.4358786344528198,0.6610572338104248,0.8820059895515442,True,False,71,False
equal_multiview_nn_all_r2,92239d16959ba311,53d41cb14925964ac4ed0797,122,mekanisme internal pencetak,True,yes,proposal,dad3b5fc69758dbb,b51b755e2dc38ed3df36017d,2,r2_family_0002,0.7654695510864258,0.7481859922409058,0.7022299766540527,0.8459928035736084,True,False,12,False
fitted_multiview_nn_all_r2,92239d16959ba311,53d41cb14925964ac4ed0797,122,mekanisme internal pencetak,True,yes,proposal,07a3a7081e277ab6,00a51e8ef944ab9bc19747f1,2,r2_family_0002,0.8433294296264648,0.7148629426956177,0.6183663606643677,0.7380551099777222,True,False,8,False
fitted_multiview_thresholded_all_r2,92239d16959ba311,53d41cb14925964ac4ed0797,122,mekanisme internal pencetak,True,yes,proposal,07a3a7081e277ab6,00a51e8ef944ab9bc19747f1,2,r2_family_0002,0.8433294296264648,0.7148629426956177,0.6183663606643677,0.7380551099777222,True,False,8,False
dino_foreground_nn_all_r2,07a3a7081e277ab6,e3e23f7755c4cf01ff2a0e73,122,mekanisme internal pencetak,False,ambiguous,descriptor_correspondence,dad3b5fc69758dbb,5e782437c45294c0e775e25d,2,r2_family_0002,0.7535594701766968,0.7535594701766968,0.6634886860847473,0.6934248208999634,True,False,2,False
dino_box_nn_all_r2,07a3a7081e277ab6,e3e23f7755c4cf01ff2a0e73,122,mekanisme internal pencetak,False,ambiguous,descriptor_correspondence,7db8751e56c11859,af68a418a8c3ea0a2ccf9ab2,17,r2_family_0017,0.763256311416626,0.6536290645599365,0.763256311416626,0.7867835164070129,True,False,25,False
siglip2_crop_nn_all_r2,07a3a7081e277ab6,e3e23f7755c4cf01ff2a0e73,122,mekanisme internal pencetak,False,ambiguous,descriptor_correspondence,05f4b8fff37c69e2,2a7dff380399cd491a3d9952,2,r2_family_0002,0.8678585290908813,0.6942422389984131,0.7389439344406128,0.8678585290908813,True,False,122,False
equal_multiview_nn_all_r2,07a3a7081e277ab6,e3e23f7755c4cf01ff2a0e73,122,mekanisme internal pencetak,False,ambiguous,descriptor_correspondence,05f4b8fff37c69e2,2a7dff380399cd491a3d9952,2,r2_family_0002,0.7670149207115173,0.6942422389984131,0.7389439344406128,0.8678585290908813,True,False,7,False
fitted_multiview_nn_all_r2,07a3a7081e277ab6,e3e23f7755c4cf01ff2a0e73,122,mekanisme internal pencetak,False,ambiguous,descriptor_correspondence,2255e6976341f287,4e6a264d5a233ca7d6492efe,2,r2_family_0002,0.8603485822677612,0.6858158111572266,0.7389477491378784,0.6735978126525879,True,False,8,False
fitted_multiview_thresholded_all_r2,07a3a7081e277ab6,e3e23f7755c4cf01ff2a0e73,122,mekanisme internal pencetak,False,ambiguous,descriptor_correspondence,2255e6976341f287,4e6a264d5a233ca7d6492efe,2,r2_family_0002,0.8603485822677612,0.6858158111572266,0.7389477491378784,0.6735978126525879,True,False,8,False
dino_foreground_nn_all_r2,40db16f4050ee900,897455b3fb3a1b604e3f9152,28,label dan bidang atas persegi panjang,False,yes,interpretation,93014d8a63a35c89,6166454e40dea41241079ede,28,r2_family_0028,0.9015199542045593,0.9015199542045593,0.8149200677871704,0.737262487411499,True,False,1,False
dino_box_nn_all_r2,40db16f4050ee900,897455b3fb3a1b604e3f9152,28,label dan bidang atas persegi panjang,False,yes,interpretation,6d6d89201a884f3c,f5a2decc63206141659d8122,28,r2_family_0028,0.8625620603561401,0.8731680512428284,0.8625620603561401,0.8773397207260132,True,False,1,False
siglip2_crop_nn_all_r2,40db16f4050ee900,897455b3fb3a1b604e3f9152,28,label dan bidang atas persegi panjang,False,yes,interpretation,a95ce100fdc9fae3,3388439ca8025218c58b4885,28,r2_family_0028,0.9215827584266663,0.9004331231117249,0.8132930397987366,0.9215827584266663,True,False,1,False
equal_multiview_nn_all_r2,40db16f4050ee900,897455b3fb3a1b604e3f9152,28,label dan bidang atas persegi panjang,False,yes,interpretation,a95ce100fdc9fae3,3388439ca8025218c58b4885,28,r2_family_0028,0.8784363269805908,0.9004331231117249,0.8132930397987366,0.9215827584266663,True,False,1,False
fitted_multiview_nn_all_r2,40db16f4050ee900,897455b3fb3a1b604e3f9152,28,label dan bidang atas persegi panjang,False,yes,interpretation,0699146e38853697,484dfdbe17385237fc784e81,28,r2_family_0028,0.9750121831893921,0.8659242987632751,0.8464615941047668,0.7849565744400024,True,False,1,False
fitted_multiview_thresholded_all_r2,40db16f4050ee900,897455b3fb3a1b604e3f9152,28,label dan bidang atas persegi panjang,False,yes,interpretation,0699146e38853697,484dfdbe17385237fc784e81,28,r2_family_0028,0.9750121831893921,0.8659242987632751,0.8464615941047668,0.7849565744400024,True,False,1,False
dino_foreground_nn_all_r2,2fadf6cfa7d1660a,060639f7a778b35c22243760,28,label dan bidang atas persegi panjang,False,yes,interpretation,edd0659630b29d59,859fa5a6a85ed64dd4745f95,28,r2_family_0028,0.8143055438995361,0.8143055438995361,0.5506538152694702,0.5973483324050903,True,False,1,False
dino_box_nn_all_r2,2fadf6cfa7d1660a,060639f7a778b35c22243760,28,label dan bidang atas persegi panjang,False,yes,interpretation,93014d8a63a35c89,b73876f55e46b3a54382a30e,28,r2_family_0028,0.6807569265365601,0.524754524230957,0.6807569265365601,0.6751425862312317,True,False,1,False
siglip2_crop_nn_all_r2,2fadf6cfa7d1660a,060639f7a778b35c22243760,28,label dan bidang atas persegi panjang,False,yes,interpretation,6408ade734f26637,81150795f3e646dea057a062,10,battery_pack_surface,0.7500646114349365,0.49953967332839966,0.5639175176620483,0.7500646114349365,True,False,2,False
equal_multiview_nn_all_r2,2fadf6cfa7d1660a,060639f7a778b35c22243760,28,label dan bidang atas persegi panjang,False,yes,interpretation,a95ce100fdc9fae3,06777000ec2d8bd286ed84a0,28,r2_family_0028,0.6627597808837891,0.6704102754592896,0.6289244890213013,0.6889445781707764,True,False,1,False
fitted_multiview_nn_all_r2,2fadf6cfa7d1660a,060639f7a778b35c22243760,28,label dan bidang atas persegi panjang,False,yes,interpretation,edd0659630b29d59,a623b2fcb9fb16be40b27102,28,r2_family_0028,0.8659602403640747,0.751114010810852,0.5465757846832275,0.6520025730133057,True,False,1,False
fitted_multiview_thresholded_all_r2,2fadf6cfa7d1660a,060639f7a778b35c22243760,28,label dan bidang atas persegi panjang,False,yes,interpretation,edd0659630b29d59,a623b2fcb9fb16be40b27102,28,r2_family_0028,0.8659602403640747,0.751114010810852,0.5465757846832275,0.6520025730133057,True,False,1,False
dino_foreground_nn_all_r2,c812352d0ab61297,083502f66c91f464ea6dca5b,28,label dan bidang atas persegi panjang,False,yes,interpretation,9394b26e86ccdd67,0473fd87f36fe874225a6c4d,28,r2_family_0028,0.7953639626502991,0.7953639626502991,0.6776981949806213,0.6864623427391052,True,False,1,False
dino_box_nn_all_r2,c812352d0ab61297,083502f66c91f464ea6dca5b,28,label dan bidang atas persegi panjang,False,yes,interpretation,faae24943b440639,cf79bdbcb440dca5bb9ca10a,10,battery_pack_surface,0.8648425340652466,0.6226015090942383,0.8648425340652466,0.7307195663452148,True,False,3,False
siglip2_crop_nn_all_r2,c812352d0ab61297,083502f66c91f464ea6dca5b,28,label dan bidang atas persegi panjang,False,yes,interpretation,15c37e6bb7c62968,bb5405e9edb5539ab74ea8ba,10,battery_pack_surface,0.8870376348495483,0.6126317977905273,0.6801303625106812,0.8870376348495483,True,False,9,False
equal_multiview_nn_all_r2,c812352d0ab61297,083502f66c91f464ea6dca5b,28,label dan bidang atas persegi panjang,False,yes,interpretation,deaf8b1e1c9d07c7,268d9632b25b4f2f23ef6c2c,10,battery_pack_surface,0.7745620608329773,0.6149834990501404,0.8529789447784424,0.8557237386703491,True,False,2,False
fitted_multiview_nn_all_r2,c812352d0ab61297,083502f66c91f464ea6dca5b,28,label dan bidang atas persegi panjang,False,yes,interpretation,b50dfa3643571df7,c4c966786cee35c3bb04ca42,28,r2_family_0028,0.8944088816642761,0.7192789316177368,0.6752330660820007,0.7545261383056641,True,False,1,False
fitted_multiview_thresholded_all_r2,c812352d0ab61297,083502f66c91f464ea6dca5b,28,label dan bidang atas persegi panjang,False,yes,interpretation,b50dfa3643571df7,c4c966786cee35c3bb04ca42,28,r2_family_0028,0.8944088816642761,0.7192789316177368,0.6752330660820007,0.7545261383056641,True,False,1,False
dino_foreground_nn_all_r2,76e226b2b537856e,b29665330912027b11d26d4c,32,isi layar dan antarmuka,False,yes,interpretation,dfb565aa83bf3c24,b0169d942285fe6e7f27a8cc,32,visible_display_damage,0.8793009519577026,0.8793009519577026,0.8988332748413086,0.8047348856925964,True,False,1,False
dino_box_nn_all_r2,76e226b2b537856e,b29665330912027b11d26d4c,32,isi layar dan antarmuka,False,yes,interpretation,dfb565aa83bf3c24,b0169d942285fe6e7f27a8cc,32,visible_display_damage,0.8988332748413086,0.8793009519577026,0.8988332748413086,0.8047348856925964,True,False,1,False
siglip2_crop_nn_all_r2,76e226b2b537856e,b29665330912027b11d26d4c,32,isi layar dan antarmuka,False,yes,interpretation,548cb8455d0f12c7,09f0786bdf82c812ccaa7fbe,52,visible_display_damage,0.9123069643974304,0.5934062004089355,0.8851827383041382,0.9123069643974304,True,False,2,False
equal_multiview_nn_all_r2,76e226b2b537856e,b29665330912027b11d26d4c,32,isi layar dan antarmuka,False,yes,interpretation,dfb565aa83bf3c24,b0169d942285fe6e7f27a8cc,32,visible_display_damage,0.8609563708305359,0.8793009519577026,0.8988332748413086,0.8047348856925964,True,False,1,False
fitted_multiview_nn_all_r2,76e226b2b537856e,b29665330912027b11d26d4c,32,isi layar dan antarmuka,False,yes,interpretation,dfb565aa83bf3c24,b0169d942285fe6e7f27a8cc,32,visible_display_damage,0.9714223742485046,0.8793009519577026,0.8988332748413086,0.8047348856925964,True,False,1,False
fitted_multiview_thresholded_all_r2,76e226b2b537856e,b29665330912027b11d26d4c,32,isi layar dan antarmuka,False,yes,interpretation,dfb565aa83bf3c24,b0169d942285fe6e7f27a8cc,32,visible_display_damage,0.9714223742485046,0.8793009519577026,0.8988332748413086,0.8047348856925964,True,False,1,False
dino_foreground_nn_all_r2,a2d25578a261e76e,140b2697eb81e5c95b352b1f,32,isi layar dan antarmuka,False,yes,interpretation,76d4656ff44eeedc,a57b8a1bc306dd88e5d0859b,32,visible_display_damage,0.6165797710418701,0.6165797710418701,0.5369209051132202,0.8443091511726379,True,False,1,False
dino_box_nn_all_r2,a2d25578a261e76e,140b2697eb81e5c95b352b1f,32,isi layar dan antarmuka,False,yes,interpretation,af7af3ea0eeefd9b,44846e9c3a3af0158900d7e6,15,r2_family_0015,0.7537844181060791,0.30132025480270386,0.7537844181060791,0.9020232558250427,True,False,53,False
siglip2_crop_nn_all_r2,a2d25578a261e76e,140b2697eb81e5c95b352b1f,32,isi layar dan antarmuka,False,yes,interpretation,d7dd28ddb368a1cf,e91fd8690f1dd9aaaed4bdfc,39,laptop_display_assembly,0.9205079674720764,0.5049630999565125,0.5531429052352905,0.9205079674720764,True,False,37,False
equal_multiview_nn_all_r2,a2d25578a261e76e,140b2697eb81e5c95b352b1f,32,isi layar dan antarmuka,False,yes,interpretation,d6f6895fb2dc0342,c9b108095ececbfa2ac83426,21,active_display_surface,0.6940876841545105,0.5414348840713501,0.6450951099395752,0.895733118057251,True,False,4,False
fitted_multiview_nn_all_r2,a2d25578a261e76e,140b2697eb81e5c95b352b1f,32,isi layar dan antarmuka,False,yes,interpretation,d6f6895fb2dc0342,c9b108095ececbfa2ac83426,21,active_display_surface,0.33257433772087097,0.5414348840713501,0.6450951099395752,0.895733118057251,True,False,2,False
fitted_multiview_thresholded_all_r2,a2d25578a261e76e,140b2697eb81e5c95b352b1f,32,isi layar dan antarmuka,False,yes,interpretation,d6f6895fb2dc0342,c9b108095ececbfa2ac83426,21,active_display_surface,0.33257433772087097,0.5414348840713501,0.6450951099395752,0.895733118057251,False,False,2,False
dino_foreground_nn_all_r2,30404de41090136a,fe4fa27241d5a1aa237e2a18,32,isi layar dan antarmuka,False,yes,interpretation,5da9b74d46a501ce,2e4d0d19936bd679715ddd93,62,key_matrix,0.6314542293548584,0.6314542293548584,0.6578608751296997,0.7611768245697021,True,False,8,False
dino_box_nn_all_r2,30404de41090136a,fe4fa27241d5a1aa237e2a18,32,isi layar dan antarmuka,False,yes,interpretation,633b5a9b0560311e,e6b1acec581ac1c1ed449c96,32,visible_display_damage,0.7452920079231262,0.35331863164901733,0.7452920079231262,0.7854880094528198,True,False,1,False
siglip2_crop_nn_all_r2,30404de41090136a,fe4fa27241d5a1aa237e2a18,32,isi layar dan antarmuka,False,yes,interpretation,3f53fc565122a6a7,d0c2dcabea51ebe7ef0abf47,15,r2_family_0015,0.9074649810791016,0.27672457695007324,0.5100562572479248,0.9074649810791016,True,False,31,False
equal_multiview_nn_all_r2,30404de41090136a,fe4fa27241d5a1aa237e2a18,32,isi layar dan antarmuka,False,yes,interpretation,5da9b74d46a501ce,2e4d0d19936bd679715ddd93,62,key_matrix,0.6834972500801086,0.6314542293548584,0.6578608751296997,0.7611768245697021,True,False,7,False
fitted_multiview_nn_all_r2,30404de41090136a,fe4fa27241d5a1aa237e2a18,32,isi layar dan antarmuka,False,yes,interpretation,543c84fcbe884d8c,5f81639e1b89dc92e6c286c5,-1,r2_family_-001,0.46765196323394775,0.594731330871582,0.6205759048461914,0.7976720929145813,True,False,8,False
fitted_multiview_thresholded_all_r2,30404de41090136a,fe4fa27241d5a1aa237e2a18,32,isi layar dan antarmuka,False,yes,interpretation,543c84fcbe884d8c,5f81639e1b89dc92e6c286c5,-1,r2_family_-001,0.46765196323394775,0.594731330871582,0.6205759048461914,0.7976720929145813,True,False,8,False
dino_foreground_nn_all_r2,acef8f7a6e4dc1a5,d2e255992690189210988b1b,37,gambar pada kertas atau layar,False,yes,interpretation,87385750d8e6ee92,bd250bf914128a227ac99560,37,printer_media_path,0.833366870880127,0.833366870880127,0.797115683555603,0.7560482025146484,True,False,1,False
dino_box_nn_all_r2,acef8f7a6e4dc1a5,d2e255992690189210988b1b,37,gambar pada kertas atau layar,False,yes,interpretation,f0861f051dddf5f2,cb596e76ec0fe3cb8c3391dd,37,printer_media_path,0.8363282680511475,0.7995675802230835,0.8363282680511475,0.744231104850769,True,False,1,False
siglip2_crop_nn_all_r2,acef8f7a6e4dc1a5,d2e255992690189210988b1b,37,gambar pada kertas atau layar,False,yes,interpretation,6ab971bfc2c21c84,e8190d28fd353037584c6a99,28,r2_family_0028,0.8749883770942688,0.4078079164028168,0.5450619459152222,0.8749883770942688,True,False,2,False
equal_multiview_nn_all_r2,acef8f7a6e4dc1a5,d2e255992690189210988b1b,37,gambar pada kertas atau layar,False,yes,interpretation,f0861f051dddf5f2,ac3452f6ab3673161a28f1bf,37,printer_media_path,0.8103281855583191,0.7430392503738403,0.8148653507232666,0.8730799555778503,True,False,1,False
fitted_multiview_nn_all_r2,acef8f7a6e4dc1a5,d2e255992690189210988b1b,37,gambar pada kertas atau layar,False,yes,interpretation,df248f816032ac38,f5e89498c7636dcdf39f61f8,37,printer_media_path,0.9607919454574585,0.8090606331825256,0.7919238805770874,0.8273301124572754,True,False,1,False
fitted_multiview_thresholded_all_r2,acef8f7a6e4dc1a5,d2e255992690189210988b1b,37,gambar pada kertas atau layar,False,yes,interpretation,df248f816032ac38,f5e89498c7636dcdf39f61f8,37,printer_media_path,0.9607919454574585,0.8090606331825256,0.7919238805770874,0.8273301124572754,True,False,1,False
dino_foreground_nn_all_r2,b846b3ca032d80e4,e68ff300365143efd33e8c3b,37,gambar pada kertas atau layar,False,yes,interpretation,3457b35002f9cbed,b86a3d47d8b260fd6e4f0be7,3,printer_control_or_output_zone,0.753158688545227,0.753158688545227,0.7162286639213562,0.7325406074523926,True,False,2,False
dino_box_nn_all_r2,b846b3ca032d80e4,e68ff300365143efd33e8c3b,37,gambar pada kertas atau layar,False,yes,interpretation,35181c485cf0c164,e1cd69f4da304196500152f6,37,printer_media_path,0.7823144197463989,0.7118302583694458,0.7823144197463989,0.7516147494316101,True,False,1,False
siglip2_crop_nn_all_r2,b846b3ca032d80e4,e68ff300365143efd33e8c3b,37,gambar pada kertas atau layar,False,yes,interpretation,3c14b2633b2186bc,56b35eb606d0ba4a600405f6,3,printer_control_or_output_zone,0.8824304342269897,0.5440205931663513,0.6319815516471863,0.8824304342269897,True,False,5,False
equal_multiview_nn_all_r2,b846b3ca032d80e4,e68ff300365143efd33e8c3b,37,gambar pada kertas atau layar,False,yes,interpretation,35181c485cf0c164,e1cd69f4da304196500152f6,37,printer_media_path,0.7485864758491516,0.7118302583694458,0.7823144197463989,0.7516147494316101,True,False,1,False
fitted_multiview_nn_all_r2,b846b3ca032d80e4,e68ff300365143efd33e8c3b,37,gambar pada kertas atau layar,False,yes,interpretation,35181c485cf0c164,e1cd69f4da304196500152f6,37,printer_media_path,0.881087601184845,0.7118302583694458,0.7823144197463989,0.7516147494316101,True,False,1,False
fitted_multiview_thresholded_all_r2,b846b3ca032d80e4,e68ff300365143efd33e8c3b,37,gambar pada kertas atau layar,False,yes,interpretation,35181c485cf0c164,e1cd69f4da304196500152f6,37,printer_media_path,0.881087601184845,0.7118302583694458,0.7823144197463989,0.7516147494316101,True,False,1,False
dino_foreground_nn_all_r2,4899da67d22b6d96,eed429d3c88056f2403bb76b,37,gambar pada kertas atau layar,False,yes,interpretation,c0971b34e51a5159,ec5786a467cef72d48e40bb3,15,r2_family_0015,0.689897894859314,0.689897894859314,0.7505912184715271,0.805184006690979,True,False,3,False
dino_box_nn_all_r2,4899da67d22b6d96,eed429d3c88056f2403bb76b,37,gambar pada kertas atau layar,False,yes,interpretation,c0971b34e51a5159,93b282d3bf92d95e86ada66e,15,r2_family_0015,0.7519207000732422,0.5839602947235107,0.7519207000732422,0.8052700757980347,True,False,13,False
siglip2_crop_nn_all_r2,4899da67d22b6d96,eed429d3c88056f2403bb76b,37,gambar pada kertas atau layar,False,yes,interpretation,b37912beba854698,828742d252ca585c8ec12e2a,21,active_display_surface,0.8570355176925659,0.28954243659973145,0.6188725233078003,0.8570355176925659,True,False,10,False
equal_multiview_nn_all_r2,4899da67d22b6d96,eed429d3c88056f2403bb76b,37,gambar pada kertas atau layar,False,yes,interpretation,c0971b34e51a5159,ec5786a467cef72d48e40bb3,15,r2_family_0015,0.7485577464103699,0.689897894859314,0.7505912184715271,0.805184006690979,True,False,3,False
fitted_multiview_nn_all_r2,4899da67d22b6d96,eed429d3c88056f2403bb76b,37,gambar pada kertas atau layar,False,yes,interpretation,c0971b34e51a5159,93b282d3bf92d95e86ada66e,15,r2_family_0015,0.8149952292442322,0.5839602947235107,0.7519207000732422,0.8052700757980347,True,False,3,False
fitted_multiview_thresholded_all_r2,4899da67d22b6d96,eed429d3c88056f2403bb76b,37,gambar pada kertas atau layar,False,yes,interpretation,c0971b34e51a5159,93b282d3bf92d95e86ada66e,15,r2_family_0015,0.8149952292442322,0.5839602947235107,0.7519207000732422,0.8052700757980347,True,False,3,False
dino_foreground_nn_all_r2,0c4ba77b2e9d8edc,48a6b669e1f01f612365c8a5,73,bidang hitam sudut bawah,False,yes,interpretation,94d8885eff2df083,bd6bd679a50c8fbadd59d6f9,73,r2_family_0073,0.7280298471450806,0.7280298471450806,0.6843994855880737,0.9238487482070923,True,False,1,False
dino_box_nn_all_r2,0c4ba77b2e9d8edc,48a6b669e1f01f612365c8a5,73,bidang hitam sudut bawah,False,yes,interpretation,9394b26e86ccdd67,0ed81ab2867097673a2f9f81,28,r2_family_0028,0.8917589783668518,0.3756001591682434,0.8917589783668518,0.9566054344177246,True,False,40,False
siglip2_crop_nn_all_r2,0c4ba77b2e9d8edc,48a6b669e1f01f612365c8a5,73,bidang hitam sudut bawah,False,yes,interpretation,9aaf840514e733a0,3253b0cf19fb7d339dba7c41,18,r2_family_0018,0.963043749332428,0.3785148859024048,0.8055530190467834,0.963043749332428,True,False,23,False
equal_multiview_nn_all_r2,0c4ba77b2e9d8edc,48a6b669e1f01f612365c8a5,73,bidang hitam sudut bawah,False,yes,interpretation,0cf92e67ba51dba5,f31e78c282050e1d7329a265,18,r2_family_0018,0.7922996878623962,0.5506573915481567,0.8758412003517151,0.9504003524780273,True,False,2,False
fitted_multiview_nn_all_r2,0c4ba77b2e9d8edc,48a6b669e1f01f612365c8a5,73,bidang hitam sudut bawah,False,yes,interpretation,8f47ea5ab91908dc,4b0a9a45b54decfd0d1e15a9,48,key_matrix,0.7591077089309692,0.6312798857688904,0.7021310329437256,0.8039305210113525,True,False,5,False
fitted_multiview_thresholded_all_r2,0c4ba77b2e9d8edc,48a6b669e1f01f612365c8a5,73,bidang hitam sudut bawah,False,yes,interpretation,8f47ea5ab91908dc,4b0a9a45b54decfd0d1e15a9,48,key_matrix,0.7591077089309692,0.6312798857688904,0.7021310329437256,0.8039305210113525,True,False,5,False
dino_foreground_nn_all_r2,94d8885eff2df083,bd6bd679a50c8fbadd59d6f9,73,bidang hitam sudut bawah,False,yes,interpretation,0c4ba77b2e9d8edc,48a6b669e1f01f612365c8a5,73,r2_family_0073,0.7280298471450806,0.7280298471450806,0.6843994855880737,0.9238487482070923,True,False,1,False
dino_box_nn_all_r2,94d8885eff2df083,bd6bd679a50c8fbadd59d6f9,73,bidang hitam sudut bawah,False,yes,interpretation,b2cd3029e60458d1,2aa29fa92cd1aba2a904c642,1,dark_display_surface,0.8655418157577515,0.2482263743877411,0.8655418157577515,0.9165530800819397,True,False,22,False
siglip2_crop_nn_all_r2,94d8885eff2df083,bd6bd679a50c8fbadd59d6f9,73,bidang hitam sudut bawah,False,yes,interpretation,3a866144f9cef7a2,6609fe58eec93b922bc1b8fc,8,r2_family_0008,0.9574228525161743,0.6117770671844482,0.7993781566619873,0.9574228525161743,True,False,13,False
equal_multiview_nn_all_r2,94d8885eff2df083,bd6bd679a50c8fbadd59d6f9,73,bidang hitam sudut bawah,False,yes,interpretation,3a866144f9cef7a2,6609fe58eec93b922bc1b8fc,8,r2_family_0008,0.7895259857177734,0.6117770671844482,0.7993781566619873,0.9574228525161743,True,False,2,False
fitted_multiview_nn_all_r2,94d8885eff2df083,bd6bd679a50c8fbadd59d6f9,73,bidang hitam sudut bawah,False,yes,interpretation,3a866144f9cef7a2,6609fe58eec93b922bc1b8fc,8,r2_family_0008,0.7854084372520447,0.6117770671844482,0.7993781566619873,0.9574228525161743,True,False,2,False
fitted_multiview_thresholded_all_r2,94d8885eff2df083,bd6bd679a50c8fbadd59d6f9,73,bidang hitam sudut bawah,False,yes,interpretation,3a866144f9cef7a2,6609fe58eec93b922bc1b8fc,8,r2_family_0008,0.7854084372520447,0.6117770671844482,0.7993781566619873,0.9574228525161743,True,False,2,False
dino_foreground_nn_all_r2,4de5a9e77bdc11fa,f4c9b37cd6662a299070b050,73,bidang hitam sudut bawah,False,yes,interpretation,4bdef06987d80afc,b52e4997b2d8f6a963808ac6,128,r2_family_0128,0.7228248119354248,0.7228248119354248,0.7923992276191711,0.834111213684082,True,False,4,False
dino_box_nn_all_r2,4de5a9e77bdc11fa,f4c9b37cd6662a299070b050,73,bidang hitam sudut bawah,False,yes,interpretation,4bdef06987d80afc,715ebfee23192d079887288e,36,laptop_edge_ports,0.8136245012283325,0.5478476285934448,0.8136245012283325,0.838874340057373,True,False,68,False
siglip2_crop_nn_all_r2,4de5a9e77bdc11fa,f4c9b37cd6662a299070b050,73,bidang hitam sudut bawah,False,yes,interpretation,b18a811f7d7e1b5c,0c7ab83c8eaacb59da505cbf,1,dark_display_surface,0.919136106967926,0.4247616231441498,0.5875837802886963,0.919136106967926,True,False,52,False
equal_multiview_nn_all_r2,4de5a9e77bdc11fa,f4c9b37cd6662a299070b050,73,bidang hitam sudut bawah,False,yes,interpretation,4bdef06987d80afc,b52e4997b2d8f6a963808ac6,128,r2_family_0128,0.7831117510795593,0.7228248119354248,0.7923992276191711,0.834111213684082,True,False,23,False
fitted_multiview_nn_all_r2,4de5a9e77bdc11fa,f4c9b37cd6662a299070b050,73,bidang hitam sudut bawah,False,yes,interpretation,4bdef06987d80afc,b52e4997b2d8f6a963808ac6,128,r2_family_0128,0.9189704656600952,0.7228248119354248,0.7923992276191711,0.834111213684082,True,False,34,False
fitted_multiview_thresholded_all_r2,4de5a9e77bdc11fa,f4c9b37cd6662a299070b050,73,bidang hitam sudut bawah,False,yes,interpretation,4bdef06987d80afc,b52e4997b2d8f6a963808ac6,128,r2_family_0128,0.9189704656600952,0.7228248119354248,0.7923992276191711,0.834111213684082,True,False,34,False
