query_parent_id,query_region_id,query_family_internal,query_visual_name_id,gold_visible_family,family_rank,candidate_parent_id,candidate_region_id,candidate_family_internal,dino_foreground_cosine,is_expected_family
7e54460056bb765a,c6ba92b460c49a3f3541611d,41,kemasan sirkuit terpadu,True,1,035febe7fba8b17f,230df7e8f4f6567cc9e157a3,41,0.871489405632019,True
7e54460056bb765a,c6ba92b460c49a3f3541611d,41,kemasan sirkuit terpadu,True,2,ebf0623531d70bf7,2e394f11afa92b9a1821ad6d,0,0.7846450805664062,False
7e54460056bb765a,c6ba92b460c49a3f3541611d,41,kemasan sirkuit terpadu,True,3,dc1b4ea2194c2751,89dc1391ec8f159d786582ef,-1,0.6943166851997375,False
7e54460056bb765a,c6ba92b460c49a3f3541611d,41,kemasan sirkuit terpadu,True,4,3a3d6ae6a233037b,daf1dc70ea5a6dcf846a4997,13,0.6618291139602661,False
7e54460056bb765a,c6ba92b460c49a3f3541611d,41,kemasan sirkuit terpadu,True,5,b69332fc331f10b9,08d045b6b471036967fabfec,18,0.6307210922241211,False
ca66b16c7a8cca55,779d90a038df793e11196933,41,kemasan sirkuit terpadu,False,1,429c667aabeb06fe,d26690b2b775f4177dd80617,41,0.7741551399230957,True
ca66b16c7a8cca55,779d90a038df793e11196933,41,kemasan sirkuit terpadu,False,2,71e5ae9213077f68,976a0ea6d9330d9faf5e8e8f,13,0.7718356847763062,False
ca66b16c7a8cca55,779d90a038df793e11196933,41,kemasan sirkuit terpadu,False,3,1ee032ce01a6c052,72031e23fc94d6b58f045f8a,0,0.748643159866333,False
ca66b16c7a8cca55,779d90a038df793e11196933,41,kemasan sirkuit terpadu,False,4,b69332fc331f10b9,08d045b6b471036967fabfec,18,0.7175431847572327,False
ca66b16c7a8cca55,779d90a038df793e11196933,41,kemasan sirkuit terpadu,False,5,62547ddbdae23960,2cc1130cd2ba94c955038860,116,0.6847600936889648,False
64c88b045908917c,bfd5d9f2583de5749f4a8b36,41,kemasan sirkuit terpadu,True,1,2763d9d93b2b5345,abc657868df864bffc906f8b,41,0.7355219125747681,True
64c88b045908917c,bfd5d9f2583de5749f4a8b36,41,kemasan sirkuit terpadu,True,2,b357d7da6b04bc36,ed704625aa29f6ac206f3040,0,0.7186221480369568,False
64c88b045908917c,bfd5d9f2583de5749f4a8b36,41,kemasan sirkuit terpadu,True,3,49ffc85764f624d6,430165b8f150b0a967afdcd3,13,0.6396222710609436,False
64c88b045908917c,bfd5d9f2583de5749f4a8b36,41,kemasan sirkuit terpadu,True,4,4f6ec3bc61ff8691,7f6ecf88f213ec0d94796a4a,86,0.6032049655914307,False
64c88b045908917c,bfd5d9f2583de5749f4a8b36,41,kemasan sirkuit terpadu,True,5,c64712d13e0212f0,2a5df0aaea9ca032f7acd4f2,2,0.596053957939148,False
819b620de5d77e40,3f59fbb636afe9974e0d7249,34,retak dan pecah layar,True,1,32edb748b1c52f84,5bda517b8e1d347ad829e8ea,34,0.8183336853981018,True
819b620de5d77e40,3f59fbb636afe9974e0d7249,34,retak dan pecah layar,True,2,a1928592a08d8967,ec8aef50d8b4bfe95aaf9b9b,1,0.7219530940055847,False
819b620de5d77e40,3f59fbb636afe9974e0d7249,34,retak dan pecah layar,True,3,1bce4aabf304f135,45b5096f04ae72e41ed202a3,52,0.6820113658905029,False
819b620de5d77e40,3f59fbb636afe9974e0d7249,34,retak dan pecah layar,True,4,548cb8455d0f12c7,939184357b1493271935d6a2,32,0.6786248683929443,False
819b620de5d77e40,3f59fbb636afe9974e0d7249,34,retak dan pecah layar,True,5,34b799173faf6c17,426cbcc1ad748e98d16f0370,-1,0.6190638542175293,False
08ca70948a89531a,983c666b570e578ec9a1021d,34,retak dan pecah layar,False,1,f9b1ecc2b55cd174,25659a70c38d0d832e1ac006,34,0.721165657043457,True
08ca70948a89531a,983c666b570e578ec9a1021d,34,retak dan pecah layar,False,2,a1928592a08d8967,908c9fc43d3933620da7a010,1,0.6543288230895996,False
08ca70948a89531a,983c666b570e578ec9a1021d,34,retak dan pecah layar,False,3,df14a15f633f6c5b,f5e48ff07d0ea4dc34e0504e,67,0.5975172519683838,False
08ca70948a89531a,983c666b570e578ec9a1021d,34,retak dan pecah layar,False,4,f9b1ecc2b55cd174,981252be3ab2d5e6e43a4de1,32,0.5825031399726868,False
08ca70948a89531a,983c666b570e578ec9a1021d,34,retak dan pecah layar,False,5,072797ae3a9f6557,350457916f9dc852df9defba,-1,0.5798670053482056,False
5043d5db057aa307,ca51fdbced69409e860d5a0c,34,retak dan pecah layar,False,1,18594412dd64ab3d,388d4d40bd87deed8e61362e,21,0.5618751645088196,False
5043d5db057aa307,ca51fdbced69409e860d5a0c,34,retak dan pecah layar,False,2,dfb565aa83bf3c24,132813ce3e97726204fec111,34,0.5340445041656494,True
5043d5db057aa307,ca51fdbced69409e860d5a0c,34,retak dan pecah layar,False,3,3d45c55403ba8797,648c79e8fab40c4658c88d40,32,0.5279417037963867,False
5043d5db057aa307,ca51fdbced69409e860d5a0c,34,retak dan pecah layar,False,4,a723c597cf008ea9,9aeafd623670a183561dbda1,16,0.4942348301410675,False
5043d5db057aa307,ca51fdbced69409e860d5a0c,34,retak dan pecah layar,False,5,13b9d83cdae767f1,71b0323baf603d5ada66f846,29,0.47839194536209106,False
045fe2157a17a75b,00705657fdf22915cb639426,52,garis dan panel layar rusak,True,1,548cb8455d0f12c7,09f0786bdf82c812ccaa7fbe,52,0.8271585702896118,True
045fe2157a17a75b,00705657fdf22915cb639426,52,garis dan panel layar rusak,True,2,548cb8455d0f12c7,939184357b1493271935d6a2,32,0.761704683303833,False
045fe2157a17a75b,00705657fdf22915cb639426,52,garis dan panel layar rusak,True,3,c1f23791c7e4feb3,088dc1dcda358a90159624ee,34,0.6251106262207031,False
045fe2157a17a75b,00705657fdf22915cb639426,52,garis dan panel layar rusak,True,4,9cab1ab03930012f,21f3db63c88957ae49d4b7d7,21,0.5543642044067383,False
045fe2157a17a75b,00705657fdf22915cb639426,52,garis dan panel layar rusak,True,5,e60d740a69bc649a,fa4fb74b8d1014a028f99bcf,119,0.5472745895385742,False
fa4021b7190cce4e,86ee50a59776e56d95d6a022,52,garis dan panel layar rusak,False,1,7382ae107a015445,eca1ae3eb861e1fd1e961b24,39,0.671700119972229,False
fa4021b7190cce4e,86ee50a59776e56d95d6a022,52,garis dan panel layar rusak,False,2,19b03647dfea44f4,5ee43d7f4a54762aaaa5b913,52,0.6687134504318237,True
fa4021b7190cce4e,86ee50a59776e56d95d6a022,52,garis dan panel layar rusak,False,3,ca076b56bc6438f7,2197cd9ff886044c5ff737e2,-1,0.6521597504615784,False
fa4021b7190cce4e,86ee50a59776e56d95d6a022,52,garis dan panel layar rusak,False,4,6f492a6020fc5fa1,6771887c07a33b79bfa1e7e0,37,0.612820565700531,False
fa4021b7190cce4e,86ee50a59776e56d95d6a022,52,garis dan panel layar rusak,False,5,6a6af8ffe6f3aef3,423fb757c7622b2c8eec2c42,11,0.6051133871078491,False
bcb1eb732acd5c44,2d747d762dfa09eb47357298,52,garis dan panel layar rusak,False,1,428014b4e5812279,f888d03bc6904f54b8c6b96a,52,0.6313217878341675,True
bcb1eb732acd5c44,2d747d762dfa09eb47357298,52,garis dan panel layar rusak,False,2,56799104918c0c5b,60af20166cb5473b769c5609,34,0.5945261120796204,False
bcb1eb732acd5c44,2d747d762dfa09eb47357298,52,garis dan panel layar rusak,False,3,b51c0e60616e7c9d,158487392f957aa84ae71673,1,0.5942032337188721,False
bcb1eb732acd5c44,2d747d762dfa09eb47357298,52,garis dan panel layar rusak,False,4,4bd072f182799257,ba78904a439dc687b8e98d17,-1,0.586246132850647,False
bcb1eb732acd5c44,2d747d762dfa09eb47357298,52,garis dan panel layar rusak,False,5,db3947165ba372f1,6dcd53dd80265100e3a15fb6,11,0.5455705523490906,False
9a2a6d2413333888,03475001f6da1b8f5486cc32,64,retak layar langka,False,1,c44c3f97a2595d5f,6ae60cc453ad398c45c96195,64,0.8801285028457642,True
9a2a6d2413333888,03475001f6da1b8f5486cc32,64,retak layar langka,False,2,c44c3f97a2595d5f,1237dea27ef791c7a4650fd4,1,0.7791229486465454,False
9a2a6d2413333888,03475001f6da1b8f5486cc32,64,retak layar langka,False,3,a673bd9841aca044,7a44f35a08f0b2b6b977fd41,11,0.7401062250137329,False
9a2a6d2413333888,03475001f6da1b8f5486cc32,64,retak layar langka,False,4,fb8a653e23019953,e44b1b62dc7546c208e2bb9a,-1,0.7177067995071411,False
9a2a6d2413333888,03475001f6da1b8f5486cc32,64,retak layar langka,False,5,c1f23791c7e4feb3,a98a768e39ecc1d15e9f5547,52,0.6999213695526123,False
34b799173faf6c17,ee5180145ba45fae9967967d,64,retak layar langka,False,1,9a2a6d2413333888,03475001f6da1b8f5486cc32,64,0.743748128414154,True
34b799173faf6c17,ee5180145ba45fae9967967d,64,retak layar langka,False,2,ff9e76bb673bf9b1,70c2b1d43d82469dad3027cf,1,0.7247238159179688,False
34b799173faf6c17,ee5180145ba45fae9967967d,64,retak layar langka,False,3,fb8a653e23019953,e44b1b62dc7546c208e2bb9a,-1,0.7149233222007751,False
34b799173faf6c17,ee5180145ba45fae9967967d,64,retak layar langka,False,4,5cb31cfa6afd436b,f2d00a472d5dbea2dc2d922c,34,0.7140971422195435,False
34b799173faf6c17,ee5180145ba45fae9967967d,64,retak layar langka,False,5,7772ac2f04d09e04,c7fcd647a30a47972a546861,26,0.641287088394165,False
eeaf47facceba569,d5ad0c6315af8aa355f5fd9b,64,retak layar langka,False,1,9a2a6d2413333888,03475001f6da1b8f5486cc32,64,0.8490087389945984,True
eeaf47facceba569,d5ad0c6315af8aa355f5fd9b,64,retak layar langka,False,2,c44c3f97a2595d5f,1237dea27ef791c7a4650fd4,1,0.7519747018814087,False
eeaf47facceba569,d5ad0c6315af8aa355f5fd9b,64,retak layar langka,False,3,fb8a653e23019953,e44b1b62dc7546c208e2bb9a,-1,0.7201256155967712,False
eeaf47facceba569,d5ad0c6315af8aa355f5fd9b,64,retak layar langka,False,4,8580d69e47d14ccc,71a1ca50611f4375ee31650c,34,0.687043309211731,False
eeaf47facceba569,d5ad0c6315af8aa355f5fd9b,64,retak layar langka,False,5,6f492a6020fc5fa1,ad5e7e03bba25674a09cee10,14,0.6761681437492371,False
93bcd9f51f027f41,3c924a774442d2f716fe2dda,13,papan sirkuit dalam rakitan dan tumpukan,True,1,133d4135b3264601,b6455c7b3f7da171b5824137,13,0.9112222790718079,True
93bcd9f51f027f41,3c924a774442d2f716fe2dda,13,papan sirkuit dalam rakitan dan tumpukan,True,2,133d4135b3264601,f6e34ad9ff37f1f7cfab97cc,0,0.8862965703010559,False
93bcd9f51f027f41,3c924a774442d2f716fe2dda,13,papan sirkuit dalam rakitan dan tumpukan,True,3,6d5e982b463dd019,076520cfa162d3517e234ee3,31,0.8228679895401001,False
93bcd9f51f027f41,3c924a774442d2f716fe2dda,13,papan sirkuit dalam rakitan dan tumpukan,True,4,8daca89def2ea683,93ff5128989447e14f0363d3,-1,0.791026771068573,False
93bcd9f51f027f41,3c924a774442d2f716fe2dda,13,papan sirkuit dalam rakitan dan tumpukan,True,5,570c839ae137a23c,de445f7f321270d8f46eea83,2,0.7866231203079224,False
3ff9cc730e9c220f,53a830da7d5d5857a18c677b,13,papan sirkuit dalam rakitan dan tumpukan,True,1,b406a65d3007cd97,ff41f3e7ddba211a8bca9f4a,13,0.8144158720970154,True
3ff9cc730e9c220f,53a830da7d5d5857a18c677b,13,papan sirkuit dalam rakitan dan tumpukan,True,2,f1831e76b3e3b753,1c35c69e6474fcdf93ac6eaf,0,0.7834571003913879,False
3ff9cc730e9c220f,53a830da7d5d5857a18c677b,13,papan sirkuit dalam rakitan dan tumpukan,True,3,645c865a42cbcdbe,b84188039b8d393deaec3ea5,2,0.7741214036941528,False
3ff9cc730e9c220f,53a830da7d5d5857a18c677b,13,papan sirkuit dalam rakitan dan tumpukan,True,4,ef870683cf2431e2,ed199de07e820e0e13a139f8,-1,0.7320876121520996,False
3ff9cc730e9c220f,53a830da7d5d5857a18c677b,13,papan sirkuit dalam rakitan dan tumpukan,True,5,b00c711d087b10bc,bb245eed4543e612ad081710,31,0.68119215965271,False
7ede4fe856d8ca57,c83d346d76d734b76f6a786d,13,papan sirkuit dalam rakitan dan tumpukan,False,1,582e05932c8ff2e3,66a4a7f53dddb86b2005e2e4,13,0.6296551823616028,True
7ede4fe856d8ca57,c83d346d76d734b76f6a786d,13,papan sirkuit dalam rakitan dan tumpukan,False,2,0cf87e25be475f55,2312879fadf6c4ef0acdb0d5,2,0.607185959815979,False
7ede4fe856d8ca57,c83d346d76d734b76f6a786d,13,papan sirkuit dalam rakitan dan tumpukan,False,3,0cf87e25be475f55,a8ea28b3c23ce8bae97b835c,14,0.6002442240715027,False
7ede4fe856d8ca57,c83d346d76d734b76f6a786d,13,papan sirkuit dalam rakitan dan tumpukan,False,4,9d5aa76562026f8f,b8cd99d6cdcbe586d3e2babd,-1,0.5653548836708069,False
7ede4fe856d8ca57,c83d346d76d734b76f6a786d,13,papan sirkuit dalam rakitan dan tumpukan,False,5,7884c7c553303f5a,932a150005996a758ae51311,22,0.557478666305542,False
35bab23240072254,159a4d55eea8a962f0070170,0,permukaan papan sirkuit terpopulasi,True,1,15434d9cefd675c6,df7898abf1055c114c26fb3f,0,0.8680505752563477,True
35bab23240072254,159a4d55eea8a962f0070170,0,permukaan papan sirkuit terpopulasi,True,2,0681067a7b56de9f,24d07523a5197edacaf7cbec,13,0.7613102793693542,False
35bab23240072254,159a4d55eea8a962f0070170,0,permukaan papan sirkuit terpopulasi,True,3,8f4928260678db47,b64033a1c9497de9d894ded5,-1,0.7084509134292603,False
35bab23240072254,159a4d55eea8a962f0070170,0,permukaan papan sirkuit terpopulasi,True,4,62547ddbdae23960,2cc1130cd2ba94c955038860,116,0.6957956552505493,False
35bab23240072254,159a4d55eea8a962f0070170,0,permukaan papan sirkuit terpopulasi,True,5,960fa7317cad4bc4,cd02de957c1172d4d7a17e6f,63,0.6625301837921143,False
8d1a3e3beec4d0e8,1ebe514e1c136ca98548dbf4,0,permukaan papan sirkuit terpopulasi,False,1,64c88b045908917c,d7ae55aa74149d7e7593fa74,0,0.8848247528076172,True
8d1a3e3beec4d0e8,1ebe514e1c136ca98548dbf4,0,permukaan papan sirkuit terpopulasi,False,2,ef870683cf2431e2,2f750b962cf17fa1da32cb58,-1,0.7135303020477295,False
8d1a3e3beec4d0e8,1ebe514e1c136ca98548dbf4,0,permukaan papan sirkuit terpopulasi,False,3,c64712d13e0212f0,2a5df0aaea9ca032f7acd4f2,2,0.6839065551757812,False
8d1a3e3beec4d0e8,1ebe514e1c136ca98548dbf4,0,permukaan papan sirkuit terpopulasi,False,4,68d1083e6e94ceb1,01e461808733971a86e0c801,13,0.6728712320327759,False
8d1a3e3beec4d0e8,1ebe514e1c136ca98548dbf4,0,permukaan papan sirkuit terpopulasi,False,5,bbf20bba10a59d87,dbf78b701f8d72b13c94f55f,38,0.6530653238296509,False
e14fd8301d0c2fc1,31774f01633646474f5a5e94,0,permukaan papan sirkuit terpopulasi,True,1,66cedc6c816645f7,6d3d0d58b1f98d6d08ea1959,0,0.7413551211357117,True
e14fd8301d0c2fc1,31774f01633646474f5a5e94,0,permukaan papan sirkuit terpopulasi,True,2,960fa7317cad4bc4,55cff6474fafe15b54b9f024,118,0.6778651475906372,False
e14fd8301d0c2fc1,31774f01633646474f5a5e94,0,permukaan papan sirkuit terpopulasi,True,3,416eb5866d1c187d,bf3e4feea63fcaab841012c9,-1,0.6696870923042297,False
e14fd8301d0c2fc1,31774f01633646474f5a5e94,0,permukaan papan sirkuit terpopulasi,True,4,960fa7317cad4bc4,cd02de957c1172d4d7a17e6f,63,0.6506503820419312,False
e14fd8301d0c2fc1,31774f01633646474f5a5e94,0,permukaan papan sirkuit terpopulasi,True,5,0681067a7b56de9f,24d07523a5197edacaf7cbec,13,0.6501723527908325,False
e60d740a69bc649a,fa4fb74b8d1014a028f99bcf,119,pola uji warna pada layar,True,1,2918aa4dca2f0145,4c1737deac270961848b32d8,119,0.7099505662918091,True
e60d740a69bc649a,fa4fb74b8d1014a028f99bcf,119,pola uji warna pada layar,True,2,2918aa4dca2f0145,34cabce1e0e47d2df05dc013,52,0.6895111799240112,False
e60d740a69bc649a,fa4fb74b8d1014a028f99bcf,119,pola uji warna pada layar,True,3,770b6d568373a755,a54554a71d197e074f5ca41b,16,0.661767840385437,False
e60d740a69bc649a,fa4fb74b8d1014a028f99bcf,119,pola uji warna pada layar,True,4,bf41cebf0f390990,a166292eb745591c9e229c0c,11,0.6466445922851562,False
e60d740a69bc649a,fa4fb74b8d1014a028f99bcf,119,pola uji warna pada layar,True,5,2918aa4dca2f0145,30508932a9fa3872f9c76012,-1,0.6243163347244263,False
2918aa4dca2f0145,4c1737deac270961848b32d8,119,pola uji warna pada layar,True,1,e60d740a69bc649a,fa4fb74b8d1014a028f99bcf,119,0.7099505662918091,True
2918aa4dca2f0145,4c1737deac270961848b32d8,119,pola uji warna pada layar,True,2,4f2b43f2133ca0bb,9f1c6b8c77359a18d33f8c03,16,0.6778333783149719,False
2918aa4dca2f0145,4c1737deac270961848b32d8,119,pola uji warna pada layar,True,3,251ba88fa0f8a35f,eee77d37c7388533414dc987,52,0.6339094638824463,False
2918aa4dca2f0145,4c1737deac270961848b32d8,119,pola uji warna pada layar,True,4,4718f294cf08e85c,bea1949401d6002c570f7508,2,0.5895715951919556,False
2918aa4dca2f0145,4c1737deac270961848b32d8,119,pola uji warna pada layar,True,5,5c34acba4a6ed27b,2494304fea11320cf0fd288c,11,0.5769580602645874,False
7668ab21be841aac,2735634d19d280d8a58a1abf,124,terminal positif baterai silinder,True,1,fab01b3855759823,e584741dc8b716cad3e21d0f,38,0.6246282458305359,False
7668ab21be841aac,2735634d19d280d8a58a1abf,124,terminal positif baterai silinder,True,2,be070071acc6f773,d7fd5e4e3d9b3e36ed4a7a84,-1,0.5619620680809021,False
7668ab21be841aac,2735634d19d280d8a58a1abf,124,terminal positif baterai silinder,True,3,5c87e208e9280bb1,e6f6106d92366e8fe2b53e8a,124,0.5383267402648926,True
7668ab21be841aac,2735634d19d280d8a58a1abf,124,terminal positif baterai silinder,True,4,7f6d2d7cbca60da2,d5dba5f7b173a65ca67c5c03,0,0.5089296102523804,False
7668ab21be841aac,2735634d19d280d8a58a1abf,124,terminal positif baterai silinder,True,5,3a955eb349095666,237faeb3d3e1ccc3530b2e2e,115,0.4921966791152954,False
5c87e208e9280bb1,e6f6106d92366e8fe2b53e8a,124,terminal positif baterai silinder,False,1,fbb7c5787a6a1641,56a3162fa31d41add58a5dbe,38,0.7724660038948059,False
5c87e208e9280bb1,e6f6106d92366e8fe2b53e8a,124,terminal positif baterai silinder,False,2,fab01b3855759823,72498d38b58408ddde5da485,-1,0.6600573658943176,False
5c87e208e9280bb1,e6f6106d92366e8fe2b53e8a,124,terminal positif baterai silinder,False,3,7668ab21be841aac,2735634d19d280d8a58a1abf,124,0.5383267402648926,True
5c87e208e9280bb1,e6f6106d92366e8fe2b53e8a,124,terminal positif baterai silinder,False,4,a460709f2d9121d2,da833da2b77099e28cb8029d,10,0.502839982509613,False
5c87e208e9280bb1,e6f6106d92366e8fe2b53e8a,124,terminal positif baterai silinder,False,5,8d1a3e3beec4d0e8,1ebe514e1c136ca98548dbf4,0,0.4995582103729248,False
b214e80c36aaee12,cc35eb9399dddca67c81516f,94,konektor kabel berwarna krem,True,1,f5b25a252a5d441c,2b374f040186b010f3d6da67,94,0.9915474057197571,True
b214e80c36aaee12,cc35eb9399dddca67c81516f,94,konektor kabel berwarna krem,True,2,a74415fbca5120b1,483ebbb58ac9053ec8706dd2,6,0.7933559417724609,False
b214e80c36aaee12,cc35eb9399dddca67c81516f,94,konektor kabel berwarna krem,True,3,7efd9d97d0c97b46,78b2921f001de1d7c231f444,57,0.746438205242157,False
b214e80c36aaee12,cc35eb9399dddca67c81516f,94,konektor kabel berwarna krem,True,4,dae15f5e3b39dc2a,7afd1c0e956fde319c5dabf1,18,0.7444636225700378,False
b214e80c36aaee12,cc35eb9399dddca67c81516f,94,konektor kabel berwarna krem,True,5,eca50ac141cc455e,279f1542aca5e4b950ab71e4,54,0.7440126538276672,False
f5b25a252a5d441c,2b374f040186b010f3d6da67,94,konektor kabel berwarna krem,True,1,b214e80c36aaee12,cc35eb9399dddca67c81516f,94,0.9915474057197571,True
f5b25a252a5d441c,2b374f040186b010f3d6da67,94,konektor kabel berwarna krem,True,2,ff8bfcd4555b16c1,f50b8ed0199afebfca48fc5a,6,0.8268384337425232,False
f5b25a252a5d441c,2b374f040186b010f3d6da67,94,konektor kabel berwarna krem,True,3,7efd9d97d0c97b46,78b2921f001de1d7c231f444,57,0.7731472849845886,False
f5b25a252a5d441c,2b374f040186b010f3d6da67,94,konektor kabel berwarna krem,True,4,dae15f5e3b39dc2a,7afd1c0e956fde319c5dabf1,18,0.7460600137710571,False
f5b25a252a5d441c,2b374f040186b010f3d6da67,94,konektor kabel berwarna krem,True,5,eca50ac141cc455e,279f1542aca5e4b950ab71e4,54,0.7459608912467957,False
fe7c0b3f50083df0,10997875b6fef83b1d999c54,99,pad dan kontak papan sirkuit,False,1,ffabca2aaad14997,82ed160f9ee203e809091984,0,0.7026097774505615,False
fe7c0b3f50083df0,10997875b6fef83b1d999c54,99,pad dan kontak papan sirkuit,False,2,703b334c80be008b,fd15e42ff8ace7e3f0e7750b,99,0.6514649391174316,True
fe7c0b3f50083df0,10997875b6fef83b1d999c54,99,pad dan kontak papan sirkuit,False,3,86592e06ba3b9cd1,6347547db4adfabca57da569,-1,0.6321231722831726,False
fe7c0b3f50083df0,10997875b6fef83b1d999c54,99,pad dan kontak papan sirkuit,False,4,f80b9b87c928d629,d20183ac88824cc42c3ad401,13,0.6134018898010254,False
fe7c0b3f50083df0,10997875b6fef83b1d999c54,99,pad dan kontak papan sirkuit,False,5,3a955eb349095666,237faeb3d3e1ccc3530b2e2e,115,0.5926898717880249,False
703b334c80be008b,fd15e42ff8ace7e3f0e7750b,99,pad dan kontak papan sirkuit,False,1,00d40c2b2eb8d7b7,b616beeb4e9fa72440cfda38,0,0.7373781800270081,False
703b334c80be008b,fd15e42ff8ace7e3f0e7750b,99,pad dan kontak papan sirkuit,False,2,d7ee56836506eccb,3c709dd14d10ca3ad60e0635,13,0.6737513542175293,False
703b334c80be008b,fd15e42ff8ace7e3f0e7750b,99,pad dan kontak papan sirkuit,False,3,fe7c0b3f50083df0,10997875b6fef83b1d999c54,99,0.6514649391174316,True
703b334c80be008b,fd15e42ff8ace7e3f0e7750b,99,pad dan kontak papan sirkuit,False,4,ef870683cf2431e2,2f750b962cf17fa1da32cb58,-1,0.6373538970947266,False
703b334c80be008b,fd15e42ff8ace7e3f0e7750b,99,pad dan kontak papan sirkuit,False,5,919fef991b1dbb7a,fa471aee246ae47c880a94a6,41,0.6352617740631104,False
62547ddbdae23960,2cc1130cd2ba94c955038860,116,pad dan jalur tepi papan,True,1,dea9563cfde67ba3,e9a8eda92021e70198bc38de,116,0.8083694577217102,True
62547ddbdae23960,2cc1130cd2ba94c955038860,116,pad dan jalur tepi papan,True,2,22e01421846b4792,a1bf7a641ca2ce18748440ba,0,0.7958984375,False
62547ddbdae23960,2cc1130cd2ba94c955038860,116,pad dan jalur tepi papan,True,3,71e5ae9213077f68,976a0ea6d9330d9faf5e8e8f,13,0.7640676498413086,False
62547ddbdae23960,2cc1130cd2ba94c955038860,116,pad dan jalur tepi papan,True,4,960fa7317cad4bc4,55cff6474fafe15b54b9f024,118,0.7078127861022949,False
62547ddbdae23960,2cc1130cd2ba94c955038860,116,pad dan jalur tepi papan,True,5,ca66b16c7a8cca55,779d90a038df793e11196933,41,0.6847600936889648,False
dea9563cfde67ba3,e9a8eda92021e70198bc38de,116,pad dan jalur tepi papan,True,1,928412fc2e19b9ed,55b22e70e91ed07a79da3d50,0,0.8163949847221375,False
dea9563cfde67ba3,e9a8eda92021e70198bc38de,116,pad dan jalur tepi papan,True,2,62547ddbdae23960,2cc1130cd2ba94c955038860,116,0.8083694577217102,True
dea9563cfde67ba3,e9a8eda92021e70198bc38de,116,pad dan jalur tepi papan,True,3,133d4135b3264601,82fd9a999daee95e05e9db37,13,0.7489737272262573,False
dea9563cfde67ba3,e9a8eda92021e70198bc38de,116,pad dan jalur tepi papan,True,4,960fa7317cad4bc4,55cff6474fafe15b54b9f024,118,0.7156794667243958,False
dea9563cfde67ba3,e9a8eda92021e70198bc38de,116,pad dan jalur tepi papan,True,5,625eae4251972dd6,d0f2a307130ab91f15e2bef7,-1,0.6953907012939453,False
92239d16959ba311,53d41cb14925964ac4ed0797,122,mekanisme internal pencetak,True,1,dad3b5fc69758dbb,b51b755e2dc38ed3df36017d,2,0.7481859922409058,False
92239d16959ba311,53d41cb14925964ac4ed0797,122,mekanisme internal pencetak,True,2,07a3a7081e277ab6,e3e23f7755c4cf01ff2a0e73,122,0.7426378726959229,True
92239d16959ba311,53d41cb14925964ac4ed0797,122,mekanisme internal pencetak,True,3,8e7cb82db26333e1,343ffb80a871f85e6bf5f80c,56,0.6913643479347229,False
92239d16959ba311,53d41cb14925964ac4ed0797,122,mekanisme internal pencetak,True,4,118e61575ecffab0,1159ee766a08c3a5ce9f0ada,14,0.6625207662582397,False
92239d16959ba311,53d41cb14925964ac4ed0797,122,mekanisme internal pencetak,True,5,bb2ccaa6f91dcfcd,d532ab34ad0b937b5bcf657a,3,0.6619353294372559,False
07a3a7081e277ab6,e3e23f7755c4cf01ff2a0e73,122,mekanisme internal pencetak,False,1,dad3b5fc69758dbb,5e782437c45294c0e775e25d,2,0.7535594701766968,False
07a3a7081e277ab6,e3e23f7755c4cf01ff2a0e73,122,mekanisme internal pencetak,False,2,92239d16959ba311,53d41cb14925964ac4ed0797,122,0.7426378726959229,True
07a3a7081e277ab6,e3e23f7755c4cf01ff2a0e73,122,mekanisme internal pencetak,False,3,7db8751e56c11859,a6f2759c4058e4bef966ec04,14,0.7103614211082458,False
07a3a7081e277ab6,e3e23f7755c4cf01ff2a0e73,122,mekanisme internal pencetak,False,4,82763e2209f1a448,d45af8f6573eb252da218574,18,0.6929634809494019,False
07a3a7081e277ab6,e3e23f7755c4cf01ff2a0e73,122,mekanisme internal pencetak,False,5,8e7cb82db26333e1,343ffb80a871f85e6bf5f80c,56,0.676838755607605,False
40db16f4050ee900,897455b3fb3a1b604e3f9152,28,label dan bidang atas persegi panjang,False,1,93014d8a63a35c89,6166454e40dea41241079ede,28,0.9015199542045593,True
40db16f4050ee900,897455b3fb3a1b604e3f9152,28,label dan bidang atas persegi panjang,False,2,9dcd87a16cfd37de,934704ef3a9942d34210e924,38,0.6462889313697815,False
40db16f4050ee900,897455b3fb3a1b604e3f9152,28,label dan bidang atas persegi panjang,False,3,9dcd87a16cfd37de,89a0453a9c8e903777dc3fe7,-1,0.5606279373168945,False
40db16f4050ee900,897455b3fb3a1b604e3f9152,28,label dan bidang atas persegi panjang,False,4,c8aff99fa89dc5cb,f95ecc852ec6c262df044237,10,0.539313554763794,False
40db16f4050ee900,897455b3fb3a1b604e3f9152,28,label dan bidang atas persegi panjang,False,5,abe359cf3ba4ac5b,4955b8c939867657e85729cf,40,0.4496472179889679,False
2fadf6cfa7d1660a,060639f7a778b35c22243760,28,label dan bidang atas persegi panjang,False,1,edd0659630b29d59,859fa5a6a85ed64dd4745f95,28,0.8143055438995361,True
2fadf6cfa7d1660a,060639f7a778b35c22243760,28,label dan bidang atas persegi panjang,False,2,d587394d5f5ef52e,92aa3dfb4a081497c583e14d,10,0.602065920829773,False
2fadf6cfa7d1660a,060639f7a778b35c22243760,28,label dan bidang atas persegi panjang,False,3,a9546ccac8ede083,ecfad95f0472b5622ecf1418,38,0.589302122592926,False
2fadf6cfa7d1660a,060639f7a778b35c22243760,28,label dan bidang atas persegi panjang,False,4,3c26b04493c1c41e,775192d81be4e5ba92a40ff8,29,0.530560314655304,False
2fadf6cfa7d1660a,060639f7a778b35c22243760,28,label dan bidang atas persegi panjang,False,5,19501951cba5564f,d5507227f2a39b4ffea822f5,19,0.5238597393035889,False
c812352d0ab61297,083502f66c91f464ea6dca5b,28,label dan bidang atas persegi panjang,False,1,9394b26e86ccdd67,0473fd87f36fe874225a6c4d,28,0.7953639626502991,True
c812352d0ab61297,083502f66c91f464ea6dca5b,28,label dan bidang atas persegi panjang,False,2,773d151d15eab12f,e092e1c49f2b903e7b3cc04d,10,0.7668529748916626,False
c812352d0ab61297,083502f66c91f464ea6dca5b,28,label dan bidang atas persegi panjang,False,3,d9c71e38c4627f9a,2888b95f6ae3efff2ac1eae9,-1,0.6276722550392151,False
c812352d0ab61297,083502f66c91f464ea6dca5b,28,label dan bidang atas persegi panjang,False,4,e36ed269f2f487ef,b45217b60a24d0436408a347,31,0.551731526851654,False
c812352d0ab61297,083502f66c91f464ea6dca5b,28,label dan bidang atas persegi panjang,False,5,9985aeb2c8d938da,dffb1b33dbddfd51d81cdf21,26,0.5450509786605835,False
76e226b2b537856e,b29665330912027b11d26d4c,32,isi layar dan antarmuka,False,1,dfb565aa83bf3c24,b0169d942285fe6e7f27a8cc,32,0.8793009519577026,True
76e226b2b537856e,b29665330912027b11d26d4c,32,isi layar dan antarmuka,False,2,dfb565aa83bf3c24,132813ce3e97726204fec111,34,0.6822059154510498,False
76e226b2b537856e,b29665330912027b11d26d4c,32,isi layar dan antarmuka,False,3,c909b1ddda2e9e3f,7927a8b902776c81f4e8e1b7,52,0.6540193557739258,False
76e226b2b537856e,b29665330912027b11d26d4c,32,isi layar dan antarmuka,False,4,2918aa4dca2f0145,4c1737deac270961848b32d8,119,0.4981955289840698,False
76e226b2b537856e,b29665330912027b11d26d4c,32,isi layar dan antarmuka,False,5,6b42ca4d76733cc8,0284072ebea4568af6bbe672,11,0.4939858615398407,False
a2d25578a261e76e,140b2697eb81e5c95b352b1f,32,isi layar dan antarmuka,False,1,76d4656ff44eeedc,a57b8a1bc306dd88e5d0859b,32,0.6165797710418701,True
a2d25578a261e76e,140b2697eb81e5c95b352b1f,32,isi layar dan antarmuka,False,2,276eea7a8858cea9,d6e86e5e8ea0dfc63cf826a8,37,0.5501911640167236,False
a2d25578a261e76e,140b2697eb81e5c95b352b1f,32,isi layar dan antarmuka,False,3,d6f6895fb2dc0342,c9b108095ececbfa2ac83426,21,0.5414348840713501,False
a2d25578a261e76e,140b2697eb81e5c95b352b1f,32,isi layar dan antarmuka,False,4,40550019b8bb28e5,6572c11d411e5299e2d8ec97,15,0.5368436574935913,False
a2d25578a261e76e,140b2697eb81e5c95b352b1f,32,isi layar dan antarmuka,False,5,8b25656af9790fa3,3c79e130ea0da07a53ad92d3,11,0.5140962600708008,False
30404de41090136a,fe4fa27241d5a1aa237e2a18,32,isi layar dan antarmuka,False,1,5da9b74d46a501ce,2e4d0d19936bd679715ddd93,62,0.6314542293548584,False
30404de41090136a,fe4fa27241d5a1aa237e2a18,32,isi layar dan antarmuka,False,2,543c84fcbe884d8c,5f81639e1b89dc92e6c286c5,-1,0.594731330871582,False
30404de41090136a,fe4fa27241d5a1aa237e2a18,32,isi layar dan antarmuka,False,3,543c84fcbe884d8c,7f1a34fd5bd15949e014b323,5,0.5498420000076294,False
30404de41090136a,fe4fa27241d5a1aa237e2a18,32,isi layar dan antarmuka,False,4,d992ebad83f784cf,8613e3b9d2debbb6d9055d0e,125,0.5213786363601685,False
30404de41090136a,fe4fa27241d5a1aa237e2a18,32,isi layar dan antarmuka,False,5,543c84fcbe884d8c,60c72032b9cf0c54ceb1e0bb,9,0.5183361768722534,False
acef8f7a6e4dc1a5,d2e255992690189210988b1b,37,gambar pada kertas atau layar,False,1,87385750d8e6ee92,bd250bf914128a227ac99560,37,0.833366870880127,True
acef8f7a6e4dc1a5,d2e255992690189210988b1b,37,gambar pada kertas atau layar,False,2,11181e98c6f8b0be,5819c65de26f128ca4ac06d9,3,0.781562089920044,False
acef8f7a6e4dc1a5,d2e255992690189210988b1b,37,gambar pada kertas atau layar,False,3,a51e058d5aad2b46,b0d4818a24e82a26ce8864c1,-1,0.6952990293502808,False
acef8f7a6e4dc1a5,d2e255992690189210988b1b,37,gambar pada kertas atau layar,False,4,4107d09f76f74667,d9ae17808b8b8539a5f921fa,29,0.6639997959136963,False
acef8f7a6e4dc1a5,d2e255992690189210988b1b,37,gambar pada kertas atau layar,False,5,2494cb5ab08db3e2,cad7cf98f85f3045b2991c6c,15,0.5661889314651489,False
b846b3ca032d80e4,e68ff300365143efd33e8c3b,37,gambar pada kertas atau layar,False,1,3457b35002f9cbed,b86a3d47d8b260fd6e4f0be7,3,0.753158688545227,False
b846b3ca032d80e4,e68ff300365143efd33e8c3b,37,gambar pada kertas atau layar,False,2,35181c485cf0c164,e1cd69f4da304196500152f6,37,0.7118302583694458,True
b846b3ca032d80e4,e68ff300365143efd33e8c3b,37,gambar pada kertas atau layar,False,3,a984abed82871cca,e987e57a2b3fe347b40158dd,7,0.6391876339912415,False
b846b3ca032d80e4,e68ff300365143efd33e8c3b,37,gambar pada kertas atau layar,False,4,2898f7743da196a7,a945f3d88b21cd83b3180485,43,0.6223407983779907,False
b846b3ca032d80e4,e68ff300365143efd33e8c3b,37,gambar pada kertas atau layar,False,5,3cedfab79aa120dc,c2873494f0b2dc87ab6a00d8,18,0.6103999614715576,False
4899da67d22b6d96,eed429d3c88056f2403bb76b,37,gambar pada kertas atau layar,False,1,c0971b34e51a5159,ec5786a467cef72d48e40bb3,15,0.689897894859314,False
4899da67d22b6d96,eed429d3c88056f2403bb76b,37,gambar pada kertas atau layar,False,2,b37912beba854698,be1dd44711d9c72193f6fae0,21,0.5853526592254639,False
4899da67d22b6d96,eed429d3c88056f2403bb76b,37,gambar pada kertas atau layar,False,3,1db432befd062c73,af75fe854fcefcdcf3a7999f,37,0.530593752861023,True
4899da67d22b6d96,eed429d3c88056f2403bb76b,37,gambar pada kertas atau layar,False,4,a569f7c7a1cea6c1,6a414d2a87ff495614068769,32,0.4908248782157898,False
4899da67d22b6d96,eed429d3c88056f2403bb76b,37,gambar pada kertas atau layar,False,5,5cd94a7003ee6078,c6c7128ebc61d9cd54076d0f,12,0.4853365421295166,False
0c4ba77b2e9d8edc,48a6b669e1f01f612365c8a5,73,bidang hitam sudut bawah,False,1,94d8885eff2df083,bd6bd679a50c8fbadd59d6f9,73,0.7280298471450806,True
0c4ba77b2e9d8edc,48a6b669e1f01f612365c8a5,73,bidang hitam sudut bawah,False,2,1ce962f9dc8f2957,33ae8856250800c502a30913,5,0.668159008026123,False
0c4ba77b2e9d8edc,48a6b669e1f01f612365c8a5,73,bidang hitam sudut bawah,False,3,ef1536424ff23616,6bc9a27225cc4315f0798cb7,123,0.6328772306442261,False
0c4ba77b2e9d8edc,48a6b669e1f01f612365c8a5,73,bidang hitam sudut bawah,False,4,9bf26e7fe4fb9e8c,55d0f3dda875b438e185de73,9,0.6321430206298828,False
0c4ba77b2e9d8edc,48a6b669e1f01f612365c8a5,73,bidang hitam sudut bawah,False,5,8f47ea5ab91908dc,4b0a9a45b54decfd0d1e15a9,48,0.6312798857688904,False
94d8885eff2df083,bd6bd679a50c8fbadd59d6f9,73,bidang hitam sudut bawah,False,1,0c4ba77b2e9d8edc,48a6b669e1f01f612365c8a5,73,0.7280298471450806,True
94d8885eff2df083,bd6bd679a50c8fbadd59d6f9,73,bidang hitam sudut bawah,False,2,0c4ba77b2e9d8edc,b19435f8b6b0cf9004c1d3e0,123,0.6542277336120605,False
94d8885eff2df083,bd6bd679a50c8fbadd59d6f9,73,bidang hitam sudut bawah,False,3,a74415fbca5120b1,d8cd58127c1e3ed3a5e7ea2e,8,0.6124512553215027,False
94d8885eff2df083,bd6bd679a50c8fbadd59d6f9,73,bidang hitam sudut bawah,False,4,0c4ba77b2e9d8edc,9a144baa8d60709dec3fbacd,18,0.590620219707489,False
94d8885eff2df083,bd6bd679a50c8fbadd59d6f9,73,bidang hitam sudut bawah,False,5,0c4ba77b2e9d8edc,b418bbe015fd47956acadda4,48,0.5753887891769409,False
4de5a9e77bdc11fa,f4c9b37cd6662a299070b050,73,bidang hitam sudut bawah,False,1,4bdef06987d80afc,b52e4997b2d8f6a963808ac6,128,0.7228248119354248,False
4de5a9e77bdc11fa,f4c9b37cd6662a299070b050,73,bidang hitam sudut bawah,False,2,82dd7645fa4c4d2a,c99a1c4e67764d48438b60a5,36,0.6878540515899658,False
4de5a9e77bdc11fa,f4c9b37cd6662a299070b050,73,bidang hitam sudut bawah,False,3,79129807ed3d04fb,96561a3fc9febfe26a56c341,11,0.6340461373329163,False
4de5a9e77bdc11fa,f4c9b37cd6662a299070b050,73,bidang hitam sudut bawah,False,4,0c4ba77b2e9d8edc,48a6b669e1f01f612365c8a5,73,0.6077060699462891,True
4de5a9e77bdc11fa,f4c9b37cd6662a299070b050,73,bidang hitam sudut bawah,False,5,71d0e746851ce8b9,d0223c8498ad871eb9c56300,2,0.5969913005828857,False
