audit_index,query_region_id,candidate_region_id,query_source_relative_path,candidate_source_relative_path,query_source_sha256,candidate_source_sha256,gold_visible_family,same_r2_family,pair_semantic_correspondence,claim_status,scientific_role,evidence_note,query_visual_name_id,query_family_internal,candidate_family_internal,dino_foreground_cosine,dino_box_cosine,siglip2_crop_cosine,expected_family_rank
1,c6ba92b460c49a3f3541611d,230df7e8f4f6567cc9e157a3,1_Electronic/pcb_257.jpg,1_Electronic/electric-circuit-board-500x500.jpg,7ddcbb5a3aeb5b157e393180ac99490e3ff139cb1d5e60595dc27ab879dbb60e,7697fe3a07ad1df82ea6a5c2d45d7497ff9a0467631b8a64a7cd1146ace49588,True,True,yes,supported,recurring_component,Kedua mask mengikuti kemasan sirkuit terpadu pada papan yang berbeda.,kemasan sirkuit terpadu,41,41,0.871489405632019,0.7679926156997681,0.7085113525390625,1
2,779d90a038df793e11196933,d26690b2b775f4177dd80617,1_Electronic/72.190617-3875-RAM-Riegel_Arbeitsspeicher_web.jpg,1_Electronic/12.gU7aqvywf2P6TZ3IFki5.jpg,502b6efdddc35182015e156fa355834e315c05bb6fd6807fa382ecaa91bbd6c3,dcf0371571aef6fc28c55b62c2150668501c03f428014e88a540a630eb845ea1,False,True,no,unsupported,descriptor_failure,Kueri mengikuti fragmen modul atau papan sedangkan kandidat mengikuti fragmen gelap tidak sejenis.,kemasan sirkuit terpadu,41,41,0.7741551399230957,0.8778122067451477,0.8826640844345093,1
3,bfd5d9f2583de5749f4a8b36,abc657868df864bffc906f8b,1_Electronic/pcb_167.jpg,1_Electronic/pcb_293.jpg,b0f6d4ac69a2703477c2ad45bd1375fdf25c707b8b7a46cb3d43ad950c1cfcb3,77b47d47255d6fe57447236bb76fdf0efc2210089e80c913cecb1b7da9cf03be,True,True,yes,supported,recurring_component,Kedua region mengikuti paket komponen hitam kecil pada papan berbeda; detail terbatas oleh resolusi.,kemasan sirkuit terpadu,41,41,0.7355219125747681,0.58021080493927,0.7884745597839355,1
4,3f59fbb636afe9974e0d7249,5bda517b8e1d347ad829e8ea,1_Electronic/360_F_293956024_kBwWKtf43tkvJKQgaJWSkqmmH9ZuLY3v.jpg,1_Electronic/47.non-working-2c-faulty-broken-laptops-and-notepad-sell-services-500x500.png,66bb348bcd7371331bf965d197091d50b6b6632cb7d7358db96e0c533b830b9c,2dc52ae7547bccc74acbe2fe849848357aa1ecf8d1520d09f9742f81f0770a28,True,True,yes,supported,visible_condition,Keduanya memperlihatkan retakan fisik pada panel layar dari jenis perangkat berbeda.,retak dan pecah layar,34,34,0.8183336853981018,0.8440357446670532,0.9475263357162476,1
5,983c666b570e578ec9a1021d,25659a70c38d0d832e1ac006,1_Electronic/89348728c084feb85f92af58de0f6df7.jpg,1_Electronic/57638075-direct-view-of-old-broken-laptop-isolated-on-white-background.jpg,4618f24a48716ff943b8528027a598a3ef1c14c5fda842ad926b87f22949eadc,9edb7602a65dd624e0b23bc918331e56b44ee49b602aca35427a8e9a498f284a,False,True,ambiguous,requires_narrowing,visible_condition,Keduanya berasal dari perangkat rusak tetapi crop kueri tidak cukup jelas untuk menyatakan pola retak yang sama.,retak dan pecah layar,34,34,0.721165657043457,0.5768282413482666,0.696428120136261,1
6,ca51fdbced69409e860d5a0c,388d4d40bd87deed8e61362e,1_Electronic/236.jpeg,1_Electronic/Television_274.jpg,48d5a9e67ba0c10e69643272972ec6f33dba6d6b0b9ffcd2cf156f887f341291,df11bed11ebdfa660f1ef2b073f6b173b41b17af337a55a8acfd6cb93db62a5d,False,False,no,unsupported,screen_content,Kueri mengikuti isi tampilan berwarna dan bukan kerusakan fisik layar.,retak dan pecah layar,34,21,0.5618751645088196,0.3714864552021026,0.6340994834899902,2
7,00705657fdf22915cb639426,09f0786bdf82c812ccaa7fbe,1_Electronic/sd.jpg,1_Electronic/maxresdefault.jpg,d2d3c1d2a7011e08a3bc0fdc50e41576534c8d65808d38ef7302fd5416708197,6c42ca2732993de0bdd5dbbed1b2138f74341a6b0a638800cb831c0241769f67,True,True,yes,supported,visible_condition,Keduanya memperlihatkan garis vertikal dan pecah panel yang tampak langsung.,garis dan panel layar rusak,52,52,0.8271585702896118,0.7093583941459656,0.8400218486785889,1
8,86ee50a59776e56d95d6a022,eca1ae3eb861e1fd1e961b24,1_Electronic/IMG-20200329-WA0078.jpg,1_Electronic/IMG_20200329_142656.jpg,dc403b784e19e759a589b2ccff5205c9917b89a911117f3c6fb24164ca6e11e9,7cf72f558f75692aaa00eaf3c4d0ae9a17cb53022425de9f743d57d05c864051,False,False,no,unsupported,descriptor_failure,Kueri mengikuti area gelap sekitar laptop sedangkan kandidat mengikuti bidang bezel atau layar.,garis dan panel layar rusak,52,39,0.671700119972229,0.6460601687431335,0.8320803046226501,2
9,2d747d762dfa09eb47357298,f888d03bc6904f54b8c6b96a,1_Electronic/63.FA02LXHI697S5OH.png,1_Electronic/596f8aadc50c2931008b5381.jpeg,1c5a8ab088db8246b2e175d95174ec38df7e2d653cbfc00a55dff4cf4aa72ce9,b2923e38df10e8f82fda5313d4da2632729f9deeef1b223d4ba22aa55bc4698b,False,True,ambiguous,requires_narrowing,visible_condition,Keduanya bidang gelap layar; hanya kandidat memperlihatkan retak yang jelas.,garis dan panel layar rusak,52,52,0.6313217878341675,0.6431278586387634,0.7222896218299866,1
10,03475001f6da1b8f5486cc32,6ae60cc453ad398c45c96195,1_Electronic/Mobile_247.jpg,1_Electronic/Mobile_171.jpg,accabd7f88263a0e707931e1d940308cd00b550439943079b8cfac6fb5a1a907,09c0fc1b300ec7e7f17e9b0ad57d0555a6b10154df772e25ce561428e73977dd,False,True,ambiguous,requires_narrowing,rare_visible_condition,Region kecil berada pada layar retak tetapi bentuk lokalnya tidak cukup khas.,retak layar langka,64,64,0.8801285028457642,0.5685040950775146,0.9377472400665284,1
11,ee5180145ba45fae9967967d,03475001f6da1b8f5486cc32,1_Electronic/Mobile_208.jpg,1_Electronic/Mobile_247.jpg,6fcdbaaebd65cffdd58bde54c5822a31201506cb182290c21fa58199c8035f02,accabd7f88263a0e707931e1d940308cd00b550439943079b8cfac6fb5a1a907,False,True,ambiguous,requires_narrowing,rare_visible_condition,Region gelap pada layar retak serupa secara konteks namun tidak secara struktur retak lokal.,retak layar langka,64,64,0.743748128414154,0.5931357741355896,0.9254313707351683,1
12,d5ad0c6315af8aa355f5fd9b,03475001f6da1b8f5486cc32,1_Electronic/Mobile_236.jpg,1_Electronic/Mobile_247.jpg,fb5ef5c436df980f73b2cab33340a58c098cf7faee9614ec60b2932a847bd084,accabd7f88263a0e707931e1d940308cd00b550439943079b8cfac6fb5a1a907,False,True,ambiguous,requires_narrowing,rare_visible_condition,Region gelap pada layar retak serupa secara konteks namun detail lokal tidak konklusif.,retak layar langka,64,64,0.8490087389945984,0.6833012104034424,0.8675692081451416,1
13,3c924a774442d2f716fe2dda,b6455c7b3f7da171b5824137,1_Electronic/72.24102021-singapore-republic-of-singapore-asia-electronic-waste-e-waste-pile-from-discarded-laptop-computer-components-with-circuit-board-2H32PRD.jpg,1_Electronic/24.broken-electronics.jpg,5f2e7fbbc1d4a095f6a6feae261bc832e5cc8fffae340fa3e821e5b254c15d46,165f1d3df567b2a6cfcd4e45135a13b3e57119bd60d2adf739a72587d735c52e,True,True,yes,supported,cross_context_board,Kedua region mengikuti papan sirkuit yang tampak di antara rakitan atau tumpukan e-waste.,papan sirkuit dalam rakitan dan tumpukan,13,13,0.911222279071808,0.8841151595115662,0.829048752784729,1
14,53a830da7d5d5857a18c677b,ff41f3e7ddba211a8bca9f4a,1_Electronic/16.large-pile-of-e-waste-sadoff-e-recycling.jpeg,1_Electronic/18.growing-problem-ewast.2e16d0ba.fill-1200x628.format-jpeg.jpg,f636d5e4ca353425233d9208147882e38537d787b352ad59ef484919266c9e75,3b14be50725c4605a358776b2df2ca86d570ee6d4ee43fa031769d2c1b817301,True,True,yes,supported,cross_context_board,Kedua region mengikuti papan atau rakitan elektronik di antara tumpukan campuran.,papan sirkuit dalam rakitan dan tumpukan,13,13,0.8144158720970154,0.8943582773208618,0.821797788143158,1
15,c83d346d76d734b76f6a786d,66a4a7f53dddb86b2005e2e4,1_Electronic/80.Untitled-design.jpg,1_Electronic/18.1-1-17.jpg,2807c3764061418e4e90fda205faedf5d6dca04e651147a430ba86ed034704de,45eab883fc9e6c0b64c24570de886d2b6dde032adc03952256ecb36cf88af97c,False,True,no,unsupported,descriptor_failure,Kedua crop didominasi benda pucat tanpa korespondensi papan yang dapat dipastikan.,papan sirkuit dalam rakitan dan tumpukan,13,13,0.6296551823616028,0.6725757122039795,0.7926546931266785,1
16,159a4d55eea8a962f0070170,df7898abf1055c114c26fb3f,1_Electronic/pcb_294.jpg,1_Electronic/pcb_132.jpg,39ac6c787619b5bff2730e7884bf1af9b81c602e74b9985711bc63309ffdebdf,a66197535fb1cc53b19fd0cd045903b9a493ee49de3c470399194d08b42e3849,True,True,yes,supported,board_surface,Kedua region memperlihatkan jalur dan pad pada permukaan papan sirkuit.,permukaan papan sirkuit terpopulasi,0,0,0.8680505752563477,0.8925845623016357,0.946760892868042,1
17,1ebe514e1c136ca98548dbf4,d7ae55aa74149d7e7593fa74,1_Electronic/pcb_200.jpg,1_Electronic/pcb_167.jpg,86c389f96ae4b90b2fb3d95a970905091e62247a5d26ba1a26fb35583c18f8f1,b0f6d4ac69a2703477c2ad45bd1375fdf25c707b8b7a46cb3d43ad950c1cfcb3,False,True,ambiguous,requires_narrowing,board_surface,Keduanya berada pada papan tetapi mask mengikuti komponen lokal yang berbeda.,permukaan papan sirkuit terpopulasi,0,0,0.8848247528076172,0.7441886067390442,0.875358521938324,1
18,31774f01633646474f5a5e94,6d3d0d58b1f98d6d08ea1959,1_Electronic/pcb_260.jpg,1_Electronic/pcb_292.jpg,c97de10a8c4bac4ef98f015ccddf41e20f95704d04d319e11180931f345216aa,db47bcc5c577df4e2bb8e6ecd2604c6c79bda4b6ed7588d8797eb17eb2314a04,True,True,yes,supported,board_surface,Keduanya mengikuti permukaan papan walau kueri buram.,permukaan papan sirkuit terpopulasi,0,0,0.7413551211357117,0.3999967575073242,0.912109375,1
19,fa4fb74b8d1014a028f99bcf,4c1737deac270961848b32d8,1_Electronic/Television_281.jpg,1_Electronic/Television_284.jpg,06bdc415f67d2a18fb8b2a3121000cb40d802c28b37c98dc4c2a410989ad4e2e,c06cc08c3c27593525d2c53474194115d9a70b70d0635fbb8e9ec8b4c5a268c6,True,True,yes,supported,display_test_pattern,Keduanya menampilkan pola batang warna pada perangkat tampilan berbeda.,pola uji warna pada layar,119,119,0.7099505662918091,0.7835514545440674,0.8651798963546753,1
20,4c1737deac270961848b32d8,fa4fb74b8d1014a028f99bcf,1_Electronic/Television_284.jpg,1_Electronic/Television_281.jpg,c06cc08c3c27593525d2c53474194115d9a70b70d0635fbb8e9ec8b4c5a268c6,06bdc415f67d2a18fb8b2a3121000cb40d802c28b37c98dc4c2a410989ad4e2e,True,True,yes,supported,display_test_pattern,Keduanya menampilkan pola batang warna pada perangkat tampilan berbeda.,pola uji warna pada layar,119,119,0.7099505662918091,0.7835514545440674,0.8651798963546753,1
21,2735634d19d280d8a58a1abf,e584741dc8b716cad3e21d0f,1_Electronic/battery_61.jpg,1_Electronic/battery_68.jpg,29f2d33eef9b38381cf190ab2ec7e9a847b5712fd50c2a78518ce80d502fe3b0,4b30745cedc95f1393d15a4fd2cc16d905576d0c70eeeb38d163b6f7fe5b335e,True,False,ambiguous,requires_narrowing,battery_part,Kueri mengikuti terminal atas silinder sedangkan kandidat lebih banyak mengikuti sisi badan sel.,terminal positif baterai silinder,124,38,0.6246282458305359,0.6206663250923157,0.6592071652412415,3
22,e6f6106d92366e8fe2b53e8a,56a3162fa31d41add58a5dbe,1_Electronic/battery_42.jpg,1_Electronic/battery_2.jpg,dbef04a9ad79c1e9215369df775c4678b14d9896d65f3c544636bd32ae175b7f,0c0b619c0e1bdd18538b95dc95b1584ddfa54aa07f9d60937f1c96fdcfa8c319,False,False,no,unsupported,battery_part,Kueri dan kandidat mengikuti bagian badan baterai yang berbeda tanpa korespondensi terminal.,terminal positif baterai silinder,124,38,0.7724660038948059,0.603397011756897,0.7650009393692017,3
23,cc35eb9399dddca67c81516f,2b374f040186b010f3d6da67,1_Electronic/Mouse_199.jpg,1_Electronic/Mouse_157.jpg,308318083d9663132a4ec7e8dd53bd1c0544120cc1eeb7249ccf5a93262a185c,412c5d3026c625727f0b225580cf89258e1941c21f53d3c73e3f26bffe0f00d9,True,True,yes,source_redundant,cable_connector,Kedua crop mengikuti konektor krem yang sama tetapi foto hampir duplikat.,konektor kabel berwarna krem,94,94,0.9915474057197572,0.8953675627708435,0.977805495262146,1
24,2b374f040186b010f3d6da67,cc35eb9399dddca67c81516f,1_Electronic/Mouse_157.jpg,1_Electronic/Mouse_199.jpg,412c5d3026c625727f0b225580cf89258e1941c21f53d3c73e3f26bffe0f00d9,308318083d9663132a4ec7e8dd53bd1c0544120cc1eeb7249ccf5a93262a185c,True,True,yes,source_redundant,cable_connector,Kedua crop mengikuti konektor krem yang sama tetapi foto hampir duplikat.,konektor kabel berwarna krem,94,94,0.9915474057197572,0.8953675627708435,0.977805495262146,1
25,10997875b6fef83b1d999c54,82ed160f9ee203e809091984,1_Electronic/pcb_170.jpg,1_Electronic/pcb_276.jpg,481c811f7fa9793651889e6db7ba7a28edeaf5820ac441a4c64a0c70da1e7e94,253fea25df4a5f04b4f464768ff22a663a8e0ef0546ab588119afbb20a9d676f,False,False,no,unsupported,descriptor_failure,Kueri tidak memperlihatkan pad atau kontak yang sama dengan region kandidat.,pad dan kontak papan sirkuit,99,0,0.7026097774505615,0.3933675587177276,0.8579941391944885,2
26,fd15e42ff8ace7e3f0e7750b,b616beeb4e9fa72440cfda38,1_Electronic/pcb_203.jpg,1_Electronic/pcb_216.jpg,c50bd4d39eaaac950cc1d36207ec4b9c388bed6ac938aa9c70777bbd0cd7cb3c,2986199d37140099f1d5c25b6bf0b7826ec5c62a54e63ab5e64964085c2f660e,False,False,no,unsupported,descriptor_failure,Kueri tidak memperlihatkan pad atau kontak yang sama dengan region kandidat.,pad dan kontak papan sirkuit,99,0,0.7373781800270081,0.3561449646949768,0.76352858543396,3
27,2cc1130cd2ba94c955038860,e9a8eda92021e70198bc38de,1_Electronic/11.High-Purity-Gold-Plated-Scrap-From-Mobile-Phone-Boards-for-Gold-Recovery-Mobile-PCB-Scrap.jpg,1_Electronic/pcb_202.jpg,abbbd4289076cd7b9e1c1269737d7ac23e863db9952ef7fdd5e3d59400e64f8f,cd0850a35af79279f79cff88ecd843ce94e42181d0ac8ed7afb44abc98c5a3c0,True,True,yes,supported,board_edge,Kedua region memperlihatkan deret pad atau jalur di tepi papan.,pad dan jalur tepi papan,116,116,0.8083694577217102,0.8374744057655334,0.8554925918579102,1
28,e9a8eda92021e70198bc38de,55b22e70e91ed07a79da3d50,1_Electronic/pcb_202.jpg,1_Electronic/pcb_296.jpg,cd0850a35af79279f79cff88ecd843ce94e42181d0ac8ed7afb44abc98c5a3c0,d6e082bed623c8e5b77e0b2a29de5d4b06cf6264afe8c3a24e909766eb74df6c,True,False,ambiguous,requires_narrowing,board_edge,Kandidat mengikuti papan lebih luas sehingga korespondensi khusus pada tepi perlu dipersempit.,pad dan jalur tepi papan,116,0,0.8163949847221375,0.8473514318466187,0.8681387305259705,2
29,53d41cb14925964ac4ed0797,b51b755e2dc38ed3df36017d,1_Electronic/2.obsolete_electronic_parts_TW.png,1_Electronic/yui.jpeg,ab1d97f9a7c4ae0ea919605f4e16d7e7aefa030b4efd95f8f722ebe0aa479251,2eabc65dee0a1c07af98bb3a460469bf0f66a7fa0ff923cf5a39db9921e78420,True,False,ambiguous,requires_narrowing,printer_mechanism,Keduanya memuat bagian pencetak di konteks e-waste tetapi mask kandidat mencakup beberapa benda.,mekanisme internal pencetak,122,2,0.7481859922409058,0.7022299766540527,0.8459928035736084,2
30,e3e23f7755c4cf01ff2a0e73,5e782437c45294c0e775e25d,1_Electronic/3.jual-beli-barang-bekas-elektronik-600x400.jpg,1_Electronic/yui.jpeg,d6e36468075592632bd20e2e8f8099e1eb2354583df50595848aa45c7b954f19,2eabc65dee0a1c07af98bb3a460469bf0f66a7fa0ff923cf5a39db9921e78420,False,False,no,unsupported,printer_mechanism,Region mengikuti benda gelap yang berbeda dan tidak mendukung mekanisme pencetak yang sama.,mekanisme internal pencetak,122,2,0.7535594701766968,0.6634886860847473,0.6934248208999634,2
31,897455b3fb3a1b604e3f9152,6166454e40dea41241079ede,1_Electronic/battery_14.jpg,1_Electronic/battery_47.jpg,993ce30477a9a75a10ec1f5829cfef8d625d20f0cf405f689e00c9a4ef65b85d,285fa2cf57288f6659e931bc0835519ac70d6c1dbe505b070d8627d386797395,False,True,yes,requires_narrowing,label_shortcut,Keduanya mengikuti bidang label baterai; hubungan adalah tampilan label bukan bagian fungsional.,label dan bidang atas persegi panjang,28,28,0.9015199542045592,0.8149200677871704,0.737262487411499,1
32,060639f7a778b35c22243760,859fa5a6a85ed64dd4745f95,1_Electronic/battery_276.jpg,1_Electronic/battery_107.jpg,ddfb4c6501e7d029546c211eeef4b84ec34529f1ed3d52d954725d78d252e407,a258bef2688e9113d2829b553c8130c419e4ee7babcc630e9937e08516cf1ecb,False,True,yes,requires_narrowing,label_shortcut,Keduanya mengikuti bidang label baterai; hubungan adalah tampilan label bukan bagian fungsional.,label dan bidang atas persegi panjang,28,28,0.8143055438995361,0.5506538152694702,0.5973483324050903,1
33,083502f66c91f464ea6dca5b,0473fd87f36fe874225a6c4d,1_Electronic/battery_284.jpg,1_Electronic/battery_74.jpg,18ae9b6a8bf8ebfc778c219804e6b12a9280f91dd0291079de54857d47efa6f9,26e9b4a00df399a57f38d2493303b94867e7ad8fc6f5c4334ff0c503ae56b138,False,True,yes,requires_narrowing,label_shortcut,Keduanya mengikuti bidang label baterai; hubungan adalah tampilan label bukan bagian fungsional.,label dan bidang atas persegi panjang,28,28,0.7953639626502991,0.6776981949806213,0.6864623427391052,1
34,b29665330912027b11d26d4c,b0169d942285fe6e7f27a8cc,1_Electronic/DipnUxlVsAAXxSN.jpg,1_Electronic/7943de38eef99dd6aedc41a0d35460cd.jpg,2876297e96d68d2b752678f70b27df51be96bb7aef5e72e0303100d16e997706,85db8c3316380bbd5b76c7910e5debdd92c6af7dafebbeab2cd2ee501be94511,False,True,yes,requires_narrowing,screen_content,Keduanya mengikuti tampilan garis dan warna abnormal; tidak membuktikan kerusakan internal.,isi layar dan antarmuka,32,32,0.8793009519577026,0.8988332748413086,0.8047348856925964,1
35,140b2697eb81e5c95b352b1f,a57b8a1bc306dd88e5d0859b,1_Electronic/Television_35.jpg,1_Electronic/Television_127.jpg,fe243b2530cbc8f072d849d59bb7851fe5cf62cf586d5e375435780b5844aff8,bd96abc3b94ea9135747ae5dc885fc5c596820f792deed4a076521623b107bb4,False,True,yes,requires_narrowing,screen_content,Keduanya mengikuti figur pada isi layar dan bukan komponen fisik.,isi layar dan antarmuka,32,32,0.6165797710418701,0.5369209051132202,0.8443091511726379,1
36,fe4fa27241d5a1aa237e2a18,2e4d0d19936bd679715ddd93,1_Electronic/Keyboard_46.jpg,1_Electronic/Keyboard_241.jpg,0b1608ae8910737c1a51d76cd747f56c07095567aecdd34bd3a7ef39be1a39ab,68ee7a05d5ea6adc1643a4dd184c646c047db7daca473244f79bb8241686c9bc,False,False,yes,requires_narrowing,pictorial_content,Keduanya mengikuti gambar ikon atau tombol dalam citra papan ketik.,isi layar dan antarmuka,32,62,0.6314542293548584,0.6578608751296997,0.7611768245697021,8
37,d2e255992690189210988b1b,bd250bf914128a227ac99560,1_Electronic/Printer_291.jpg,1_Electronic/Printer_262.jpg,a8e6dd57dbf74bff9fafc2144485ca59a26302052ff2d9c72d2e572e32fedf53,8be8a944b36aa55f50f5cf7c7703b4878769d307cabe347be0771841c1abe699,False,True,yes,requires_narrowing,pictorial_content,Keduanya mengikuti gambar tercetak pada keluaran pencetak.,gambar pada kertas atau layar,37,37,0.833366870880127,0.797115683555603,0.7560482025146484,1
38,e68ff300365143efd33e8c3b,b86a3d47d8b260fd6e4f0be7,1_Electronic/Printer_180.jpg,1_Electronic/Printer_146.jpg,d78fd714c5403c102571c3f0b557299b0dc9e530e98b61ca1e701c9f034f6e2c,245653e4dfb0595cfe0ef4f9492e6461d3d84e20f959e9b4a86ca849668c3f75,False,False,ambiguous,requires_narrowing,printer_output,Kedua region berada di area keluaran atau bagian atas pencetak tetapi bukti lokal tidak sejenis.,gambar pada kertas atau layar,37,3,0.753158688545227,0.7162286639213562,0.7325406074523926,2
39,eed429d3c88056f2403bb76b,ec5786a467cef72d48e40bb3,1_Electronic/Television_216.jpg,1_Electronic/Television_4.jpg,89de150e7a96f9bf15b8eb4525ed460ead331da72ad03bde281977e959ec8264,9a4250ff85b8dd27e3df67eea97d10d90acb5365dc68e368440ca07e9dbdedca,False,False,yes,requires_narrowing,screen_content,Keduanya mengikuti gambar lanskap pada isi layar.,gambar pada kertas atau layar,37,15,0.689897894859314,0.7505912184715271,0.805184006690979,3
40,48a6b669e1f01f612365c8a5,bd6bd679a50c8fbadd59d6f9,1_Electronic/Keyboard_124.jpg,1_Electronic/Mouse_260.jpg,c734e013f4c152e59b0df2526330d615aecba3fad03b14cd80aee788dabb70aa,3622b728e617e732fab9a6fc8ab0686d100e460e3dea5739c37df6f2303a5aa7,False,True,no,unsupported,corner_shortcut,Kemiripan berasal dari bidang hitam sudut bawah pada papan ketik dan tetikus.,bidang hitam sudut bawah,73,73,0.7280298471450806,0.6843994855880737,0.9238487482070924,1
41,bd6bd679a50c8fbadd59d6f9,48a6b669e1f01f612365c8a5,1_Electronic/Mouse_260.jpg,1_Electronic/Keyboard_124.jpg,3622b728e617e732fab9a6fc8ab0686d100e460e3dea5739c37df6f2303a5aa7,c734e013f4c152e59b0df2526330d615aecba3fad03b14cd80aee788dabb70aa,False,True,no,unsupported,corner_shortcut,Kemiripan berasal dari bidang hitam sudut bawah pada tetikus dan papan ketik.,bidang hitam sudut bawah,73,73,0.7280298471450806,0.6843994855880737,0.9238487482070924,1
42,f4c9b37cd6662a299070b050,b52e4997b2d8f6a963808ac6,1_Electronic/40.led-and-lcd-tvs-monitor-scrap-for-sale--160.jpg,1_Electronic/61.led-lcd-tvs-monitor-scrap-1691226659-7017577.jpeg,f8eb6359e717a2717a15710a722aa023438132b93062a9fdcb8f42aeb527ff58,e36cf7fed08f36db4a4da8e18797647c4a3f8cfd1c762c0f2f15e7a2dcb6114d,False,False,ambiguous,requires_narrowing,display_housing,Keduanya memuat bidang gelap pada kumpulan monitor tetapi bagian fisik yang sama tidak terlokalisasi.,bidang hitam sudut bawah,73,128,0.7228248119354248,0.7923992276191711,0.834111213684082,4
