specimen_id,rgb_group,split,rgb_sha256,hq_sha256,source_atlas_sha256,source_atlas_page,source_atlas_slot
0001,4,train,8b5bb3ec51a2eb8f33800c8cd90f0eb1a7744908767a970be5875c32d58b6e24,c5b4c45a40d1d52a3ec71bcc8319b96d4c7c1f04cd07aa03f8cf8f36d7ea3e4e,99abe7cf7eb304caa1678e607049c0544d5be32d7a60ce07349de76a55d952c2,1,1
0002,2,train,2772c7d0d2285834f4e82b9a809424778af2b31fd408eb689d9fb43227583ef5,7c8e8dec60cbbdc4bf3b642acf706b3658c110a87cd9bc4fbb93647f211703a6,99abe7cf7eb304caa1678e607049c0544d5be32d7a60ce07349de76a55d952c2,1,2
0004,0,train,897497d7b28ff63692930708c6df548b9e741e7d8f78af0433f535e80c6dda0a,32bfc2ec8599495366d407be7a0a74305a7cb6e110f228565baf8bc77561b586,99abe7cf7eb304caa1678e607049c0544d5be32d7a60ce07349de76a55d952c2,1,3
0005,4,train,e4a07c89521b5402c0bfbcbd963044eecf22daf867df546964a315e2a8be0ebd,2cca88229056835c8fb09a203080452c69b6d24809a838ef0acfe85f053eb164,99abe7cf7eb304caa1678e607049c0544d5be32d7a60ce07349de76a55d952c2,1,4
0006,9,train,a5b68285f5a86c5ab932100803a5accfa60949c78904d9f0f7233af352daea9e,93fead0667eed85d260d052b0628395417ad8dcc114734a94a9594224cb4044c,99abe7cf7eb304caa1678e607049c0544d5be32d7a60ce07349de76a55d952c2,1,5
0007,5,train,6d8110017054dcdaad2c0306e50cb89e7d9bb021f218fa6caf9cc16813d944ec,8d1696bb14d70b3bf371943be68ba5555af5339486f88620fcc640ab13722beb,99abe7cf7eb304caa1678e607049c0544d5be32d7a60ce07349de76a55d952c2,1,6
0008,3,train,4d97db5170016dcffe7440f44be7974066c663644fc853cbb5e260ef3401ef57,82ffdf6925bbaa873d0c27d57d3085182c83138a131a8c6cc838fc2603d8acd8,99abe7cf7eb304caa1678e607049c0544d5be32d7a60ce07349de76a55d952c2,1,7
0009,4,train,8b26aeb83e54e582470ddf2d0e00db5184c58d9fb13541080cc5b77a5ba00a12,d0ee8300793f32ac41d52c9d3be15ab7ee9c94d8a87dc6967c3121fc9363601e,99abe7cf7eb304caa1678e607049c0544d5be32d7a60ce07349de76a55d952c2,1,8
0012,4,train,a8fdc8b11a0e4b5d5a2e4ed6499b0cf5f6fc4cd067f34d7c5aac5daa92ca1ec6,be089ca69c94a14c704550cc38c64742dd93e968c94530c184782846a185d232,99abe7cf7eb304caa1678e607049c0544d5be32d7a60ce07349de76a55d952c2,1,9
0014,5,train,3560d20ac744339a34e61c6cf4a59b7856bca3650b05ffb030986bd06dba45b1,2e017f8bf75c28de909a9846cf932ba5a7fa12e0ffd545ebabbb2a95c68ae19a,99abe7cf7eb304caa1678e607049c0544d5be32d7a60ce07349de76a55d952c2,1,10
0015,3,train,93d4ddc810f5f77f494efbff9a35002fe5c44b451c25410b11d5944748349ec0,584b1579948ca003c47a3b7e4185e62f7c46dfb00d9a22dbb915cf7225edcad3,99abe7cf7eb304caa1678e607049c0544d5be32d7a60ce07349de76a55d952c2,1,11
0017,4,train,03504488c11ff759d8d534d8e60a61a375a3e1523e0e7feb6220e3c8ec0002ff,c573a3c061eacf08723e3707a55dca24b35e6ac57d8fbc5e47e9291f853843b3,99abe7cf7eb304caa1678e607049c0544d5be32d7a60ce07349de76a55d952c2,1,12
0020,9,train,224268053b4f74373116a462fd68c035f3a1382bf1e590302a4a21d4f212c256,70a43df5ebe5cbb9e5fb0e9c1de2e0bb76df5b9b9b25d3c3d5889cf54caec987,99abe7cf7eb304caa1678e607049c0544d5be32d7a60ce07349de76a55d952c2,1,13
0021,2,train,a47825d27d200a1b4620dbebf2f790f7c846d5494745fd8d715da92dbf9bfaeb,b93d216798cace23eb3ac23468e01e2e0fc0fe3b54f0abb87b5ebd5fe31080e2,99abe7cf7eb304caa1678e607049c0544d5be32d7a60ce07349de76a55d952c2,1,14
0023,2,train,7368a91e485a583291649e44163bd1431115e415a90fb08b8f4d949ce17cdd03,b8548c2f7664598a64dee51d4db939e82125eca491f5d4c8c02a0aba117b7077,99abe7cf7eb304caa1678e607049c0544d5be32d7a60ce07349de76a55d952c2,1,15
0027,2,train,9bb22314a407a568a401ca67afad3ab4270e94153881f5ab98b8f346d0dfe60d,19ca6e4db3538080944b12f37d2d670e71255014818026ab8a7b337d652f5f38,99abe7cf7eb304caa1678e607049c0544d5be32d7a60ce07349de76a55d952c2,1,16
0029,6,train,b35dde8ee873782d79aab23e36743bc4eb31b200c700bf87799a18f67e03d83d,f302254b7deeea49a4d64222a130502b46782c8564cb38015e49bcc331228c39,99abe7cf7eb304caa1678e607049c0544d5be32d7a60ce07349de76a55d952c2,1,17
0030,4,train,d15af74c0c12251b396824b5e09b89fe7485eb92ac916e72be818f07ef795448,5e386af95b6fd386ad1f7a41121f866db43d8878394f26a65d1e839f62f10ee0,99abe7cf7eb304caa1678e607049c0544d5be32d7a60ce07349de76a55d952c2,1,18
0031,6,train,f4cd262cdd109eaa0ed38382637acc58e507eef5230d1af09c837e16b87042e1,44f7e0cedb196e08870d925130d13771dee29d690b373c6af5df9d5cd2515ae8,99abe7cf7eb304caa1678e607049c0544d5be32d7a60ce07349de76a55d952c2,1,19
0032,3,train,9517d6b6eb1ff7802d553f6393710ec31ba6345fa31723fec19d5b0bd8360aa2,61b05ebe9a3733eef1282a44441a93ed7edc8538d822015f15925f4300b4dc81,99abe7cf7eb304caa1678e607049c0544d5be32d7a60ce07349de76a55d952c2,1,20
0033,4,train,d17e2447b688f0388afbca9e388a7d6b1ff185fb0b9263bebad3f1d2cd61f5eb,5891c807b1f3beed9107e04cdd016e2eb0ee0eeb54c94f57e8a114f263436d69,99abe7cf7eb304caa1678e607049c0544d5be32d7a60ce07349de76a55d952c2,1,21
0035,4,train,bcd9841a48e5c2f8417c58725bcc7c7e1685aa2e138c0275b5585e14fb967afd,3c7f8c79731e6a12881a6a976cc4c924c919a1d819a2e1f81dd9c0a9874e83ae,99abe7cf7eb304caa1678e607049c0544d5be32d7a60ce07349de76a55d952c2,1,22
0036,6,train,557bf79d384413926cbccb4cfbfcf6a1939d9f4a2d8e4657e0794c465779b98b,3a9bbf07698d5491a0613d5d6541e655d43233232e099d32d5935957df57822a,99abe7cf7eb304caa1678e607049c0544d5be32d7a60ce07349de76a55d952c2,1,23
0042,5,train,4c3bd1ae0a6ed96b0e40ffeb189ea2701ccb5de80479f1c79843bc0a340b18d9,afaee77d588e018d25c2259f94904933a11297d90d76e32f475035d38b9065d4,99abe7cf7eb304caa1678e607049c0544d5be32d7a60ce07349de76a55d952c2,1,24
0043,2,train,2d1f88a73a8e9c0e2c2855774f1a50a5484d2cdfa6e067315973ee6b0af016c0,85293661c3f48850146b4a0e6d34b21fa1cb1654d89a339697946fa876757b31,99abe7cf7eb304caa1678e607049c0544d5be32d7a60ce07349de76a55d952c2,1,25
0045,5,train,204dc8ab6004b9642e5f8e0b3b6727c355297c1b248ca98c1517f9e6bf4860bd,d88914881db3b3a56085516d95c36717ecd097bc73d3d59f500a0d7c14cdb728,99abe7cf7eb304caa1678e607049c0544d5be32d7a60ce07349de76a55d952c2,1,26
0046,4,train,0189dff274b2fcd55fe204e267d6a807637be2e825c89c79d765477485eb6806,ce506ef51b0de7341bd86f2697625a3fa263e4bcc465c12e84212d16f744b293,99abe7cf7eb304caa1678e607049c0544d5be32d7a60ce07349de76a55d952c2,1,27
0047,4,train,073baea2899aa8b8bbe903fff8c4948d10b9e11fd255201629722c15eb73fd39,0a5c0d191b8a8300e12774c518979b13f1ceb03816755e93645de6a972dd969f,99abe7cf7eb304caa1678e607049c0544d5be32d7a60ce07349de76a55d952c2,1,28
0048,2,train,b75a688d9fb676e0fe59bf3bd1592ef98541f8de02b51cc7d00a0a9bf957f4c2,365d2d67d67c43be2082e66ae2e0a1fe8b18f7919c92c5c613be4f6bb7431d5c,99abe7cf7eb304caa1678e607049c0544d5be32d7a60ce07349de76a55d952c2,1,29
0049,2,train,ca859df786d8b79c94d69b28df7fcf3b7c42db5bbaffee35a90a86fca76f2ca3,d6ddbbce6d423369bbdb8199cc23e74fd7ccd5dcbd923009f39608e55e833d9e,99abe7cf7eb304caa1678e607049c0544d5be32d7a60ce07349de76a55d952c2,1,30
0050,1,train,3b4d4887a9523d741a128b9155a13a102feef208ebf8620707d9211d7a2d629a,1170ce701d458e18afd6fe3a63cdc63061c8ab332c714b84959ecd5f9fe98f67,99abe7cf7eb304caa1678e607049c0544d5be32d7a60ce07349de76a55d952c2,1,31
0053,6,train,d313ce6b328036680dd02f76b9658c9d85c0808f8a4e3181127641d4946a3d06,e48dcd5e9a61229b757bb541910eadb6b0c56141697512026b0da0c17bf22a1a,99abe7cf7eb304caa1678e607049c0544d5be32d7a60ce07349de76a55d952c2,1,32
0054,5,train,ac085a76c2e9080bb8918ce88f6bece6d4973aa4ea36419d44ce8415941ac179,496177a7e05eea600055896fb1a3d793faf3e0fdac420fe5896bd543bbc53f54,99abe7cf7eb304caa1678e607049c0544d5be32d7a60ce07349de76a55d952c2,1,33
0055,5,train,e087696db87006255635706771952f51f289583b485b6d157da5c4d585af09af,367f8ac8dedbe411528e2a1a3ce8dc66a900ec7dc7c69dc8861076fdee5a5e5d,99abe7cf7eb304caa1678e607049c0544d5be32d7a60ce07349de76a55d952c2,1,34
0056,5,train,253d66d39dc46b321c79f78201c437f3e1dbff752c535a8e1c404f87a25cd3fd,3b77d7d2921040f48a092f310b7ca89842e8fa7c15f561b845dc72ee5ed28b3b,99abe7cf7eb304caa1678e607049c0544d5be32d7a60ce07349de76a55d952c2,1,35
0057,5,train,e41bfa356cf78d12af0bd072095aed9f7eb47b7b9730d5c1f285d833b1f41aa1,542f028f08d86809e00ba4a4d9c986e49a1cf79b6894653bbe114f67731916b3,99abe7cf7eb304caa1678e607049c0544d5be32d7a60ce07349de76a55d952c2,1,36
0058,5,train,e793caae9a192b21da0bf7cf3e15555b6e11b7c1bf3ff435d8db6ec5766e8d91,55ca7706f8fcc5a724a666959261102d8d1556292ae63cd2700dfd5bcf1e08f4,99abe7cf7eb304caa1678e607049c0544d5be32d7a60ce07349de76a55d952c2,1,37
0059,5,train,33ab309006ac0eb1d67a01fd9c46f45c00f7fc228efe44c6928affed1de96c3d,46a42eda53c78c555538f6a5a38a85eb3d5ad20c8cad532878ccda0f7c40b06c,99abe7cf7eb304caa1678e607049c0544d5be32d7a60ce07349de76a55d952c2,1,38
0060,5,train,9400622deb8b5a85239467c08e38b35b7f185ecd4ab2c3944c9d3683957fd42c,49010fc6b34fef33e4b3aea83f50fdce81c1b3f7484648b501cc7e7d8cc7b963,99abe7cf7eb304caa1678e607049c0544d5be32d7a60ce07349de76a55d952c2,1,39
0061,2,train,0e01a4b4c39e8de642989ecf96c51676af505bd14218e7b807fa6e1cd41b99ce,a0d9124f66d95d1fa9d1dd9beb3b23e273ecedc7a67b0943609972394319f41c,99abe7cf7eb304caa1678e607049c0544d5be32d7a60ce07349de76a55d952c2,1,40
0063,3,train,94e67a2e677b83f3fe019efa45c5ed3898894908339936920674677a8b8f3bec,bbe771751a00aa5c25d34e7b179066fbcadccf4b0fca9f0137a76ccc8bd96020,99abe7cf7eb304caa1678e607049c0544d5be32d7a60ce07349de76a55d952c2,1,41
0065,4,train,62f98a681a8d7edfefae15c1aba6b6ff45a26683e125bb78998cc2782fde2c5b,d666a01f098193c66ff0779e3150e49f4a1437becd99e2d5d59f55891cda2d87,99abe7cf7eb304caa1678e607049c0544d5be32d7a60ce07349de76a55d952c2,1,42
0066,2,train,a7468cb9c6e716d82bff65bf2c27be823dd24f39d67289482767be125376e3d1,f9133d3513353214200ea21b34f6862a76665e0dc11dafe19fc3f568ae541bd0,99abe7cf7eb304caa1678e607049c0544d5be32d7a60ce07349de76a55d952c2,1,43
0067,4,train,817fa960d50d048a47feaa39e38a070ce6d666f7094d953868a4a1dd997b3925,5801f9aab23da81e5d8f69087a1f4be99cd20af8b45056a58a8089e642786adb,99abe7cf7eb304caa1678e607049c0544d5be32d7a60ce07349de76a55d952c2,1,44
0068,9,train,893b7b1a06ddc3de9c8b7c369a6e433d85c45fa3db9aa502789c429705f4ac97,6f533313546d1b73d3c4cb010f00a56eb7822c2946d652c562854fb5749c8071,99abe7cf7eb304caa1678e607049c0544d5be32d7a60ce07349de76a55d952c2,1,45
0070,4,train,17a41b48c346bd821b327b9bd103306df2c2fd3931b61cf4c5d6e20bc54cb5ea,f6197c70a2ca743de6f958ca15cce94051af2d39e6529067b3e1ba04fd075338,99abe7cf7eb304caa1678e607049c0544d5be32d7a60ce07349de76a55d952c2,1,46
0072,6,train,68eab65aae00688b4a409a992f4261a56cbee49c5e24e2b486eefd9073a5052a,f50b95cc08f1cf25a338839db8b9e0ff0c344e0707a0001172f57bfa49f1fa06,99abe7cf7eb304caa1678e607049c0544d5be32d7a60ce07349de76a55d952c2,1,47
0075,3,train,234a72e049d7fd1df8fb6764d68d2ed2062466c4a14b0573f7d8ed7b74367f06,22c3dab19755799b228e3b6dc9f0ff0d5004454391a0a39f89d7e4a3ac0201ac,99abe7cf7eb304caa1678e607049c0544d5be32d7a60ce07349de76a55d952c2,1,48
0076,9,train,980bf925e095e4b5aaaa47ea52c8e90987a5ebbddcbb4b449ecaae0fa46e48df,b867cfd467dffa67a09b098411a8dd683b0d421f635846a0cac01874a10ceb90,99abe7cf7eb304caa1678e607049c0544d5be32d7a60ce07349de76a55d952c2,1,49
0078,4,train,45fd8cfc48f916846722d651bc65ff1789b17a9d2b925c7f76ef51949c50e5c5,3b05ace406390facc1d56c007405d677058c2e8d9c737686e9fe222eebf8514c,99abe7cf7eb304caa1678e607049c0544d5be32d7a60ce07349de76a55d952c2,1,50
0079,4,train,e5ac69d75831777c0c1b50f64005ef7170eb54a4470ee969e933fcc60a1cb4e4,fc69a02877b18a7fa5970d081058db9e5ae2fcd4ce8f0cb919f680351b17110b,99abe7cf7eb304caa1678e607049c0544d5be32d7a60ce07349de76a55d952c2,1,51
0080,5,train,e63eb92571fbbe11ce07b0a98dbe82cb0dee59364d68ce91f09445f3301bdf52,dda49673b6c170d03ade84085cd870545d6ac854e5bbcb5c3898c3d35924ca68,99abe7cf7eb304caa1678e607049c0544d5be32d7a60ce07349de76a55d952c2,1,52
0081,4,train,16570440d65371087ac632a223729d1c7772ec61a56e31f478464e39e275abe0,0c764752f06abd4c15d79a3008231f247b8dd2fdb989afd145bebe9bc6272582,99abe7cf7eb304caa1678e607049c0544d5be32d7a60ce07349de76a55d952c2,1,53
0082,4,train,7e2bcf95e642448727893e8d9f6f90e6f503370e0bd2d31baab9fea7af2839b0,71ed2633d76370dbe469bf6ae0b07196561dd3437a2463e8a4bbf5fbdfad6d51,99abe7cf7eb304caa1678e607049c0544d5be32d7a60ce07349de76a55d952c2,1,54
0083,5,train,529d1fc3e3f93f11a96975eda4dee4190fb5dc3f6f08da4ad6e31c428f8590a9,7f20a6979fb53d32596f395e95be55c07df77a7647eac53d263f61d0620fe3fd,99abe7cf7eb304caa1678e607049c0544d5be32d7a60ce07349de76a55d952c2,1,55
0086,1,train,9b435b9644e19f8513d79943b117f44c890d2eb7a630a765314f13687c655e64,daa0083ce68fb03a9eaea6efcadae8797b3ac798731bf063779568605237e375,99abe7cf7eb304caa1678e607049c0544d5be32d7a60ce07349de76a55d952c2,1,56
0087,4,train,fb23a5b25cd1f9c6a855fb918d25b92c7f9716ff34dfc64962f889fe8918fca1,500c07abc25079fe2a898e23cbbc0bca5764a7c1376a3f0608d926535ccd9987,99abe7cf7eb304caa1678e607049c0544d5be32d7a60ce07349de76a55d952c2,1,57
0088,2,train,806b6916eb65a6e59c86252594b24f6497aae4212e1efab1fe10c1140b0d02f3,a55ae68a5698a05db64bf61e1edd248cb841f076858788cf160b7fafdf53b8b7,99abe7cf7eb304caa1678e607049c0544d5be32d7a60ce07349de76a55d952c2,1,58
0091,4,train,2132d175563ec7851fa2f45b8ff40cb49e0f155a2e15387bebcb1304a9b936e1,34209971ab884e8cfddf0842e8e23e6eb2661cee7fcfc28d4d3c160422836bff,99abe7cf7eb304caa1678e607049c0544d5be32d7a60ce07349de76a55d952c2,1,59
0093,3,train,512a2d7a21b9f672f654cf83434213804faf704b8e32e3cfe035fd7f9a064e95,45ca08e1be8bdcee80be7b1fc486f2d300b0b79a13693472a01bce29cb1e5898,99abe7cf7eb304caa1678e607049c0544d5be32d7a60ce07349de76a55d952c2,1,60
0095,3,train,bf4d35a690a3eb179a7791145c164dbf20a2317995c9f1aa0a3e7fc4a64e7036,7c57e51111a085861c3bfca55d0538a46d179011b07f3d3e512bd2774dba1dd0,99abe7cf7eb304caa1678e607049c0544d5be32d7a60ce07349de76a55d952c2,1,61
0097,4,train,e634ea35d5283afb4cb95ca0960284c483470372f813748611ed6c58e18e48bc,0c5eaa33e4e75184d08f3f2366a6ae04fc560c893ba81ddfc15af25fe03de0af,99abe7cf7eb304caa1678e607049c0544d5be32d7a60ce07349de76a55d952c2,1,62
0099,4,train,3658ed8667c81d15f924bfe487d13644d212689370c706fc25c6c4d469417d6c,3a408748a166ea24a938ecf53be340fc3d97a10d980f76985b8df67bc72ec9b9,99abe7cf7eb304caa1678e607049c0544d5be32d7a60ce07349de76a55d952c2,1,63
0100,9,train,bb150f393a0fec9a8f709a6cb7cf376d4fead0eb4138b0108500300d01532456,93f2d7279725e64496e26c67428af9e060a745df16e93a2d723c498988edad51,99abe7cf7eb304caa1678e607049c0544d5be32d7a60ce07349de76a55d952c2,1,64
0101,4,train,46443f4adc0a13edcccdb4905b849f1ad804a36b061fd199d21b38c60ef0bf49,1f489eae80f049e3a6699b4870bf9423c674b26a07d1fa8228c006f6bbeb35a7,99abe7cf7eb304caa1678e607049c0544d5be32d7a60ce07349de76a55d952c2,1,65
0102,6,train,a8a9c8d1c35aa0efe6f21b9f5a18740fe598bb94c311afd8c8714579199d3767,c6277420ac0fad9cf5c5f68983f6173daf816ef3ea8963e40638cdcb883c70c0,99abe7cf7eb304caa1678e607049c0544d5be32d7a60ce07349de76a55d952c2,1,66
0105,3,train,e4477b3c9030fb6ba2fd2cb6cddb334f644fe227a49a0faa40e8fc5687847aa6,b1e065613ca4d95d3fa835174a87298b99806a1b8675d0986f6cda765dfe2939,99abe7cf7eb304caa1678e607049c0544d5be32d7a60ce07349de76a55d952c2,1,67
0106,0,train,0dabd3834a987bd411dc5bd708978ea256e5963ddc7b7935e977a07f65f7cb11,8ff6814080a3341705351dd278bfe1a2e65cd8e01dee1a3c9c2cafabac81d42f,99abe7cf7eb304caa1678e607049c0544d5be32d7a60ce07349de76a55d952c2,1,68
0107,4,train,85e9f05eb4f8d061d03916d1eeecfe8eb6f2783f1108b116176ef2786830ff22,637e022a766c95042c885446de049a300875bc138fb2324734406928c7c50eec,99abe7cf7eb304caa1678e607049c0544d5be32d7a60ce07349de76a55d952c2,1,69
0109,11,train,0726dd1f4344d535c47765a4a11f072890e7243675878a423380c5c212e87db5,d266cddd3af4f29d7687d08c05fd864d53447aacd2a131772eba45ee41efb6ca,99abe7cf7eb304caa1678e607049c0544d5be32d7a60ce07349de76a55d952c2,1,70
0110,6,train,1b72d4c1614a823a3d0a5693cde2377fbd297a6a8cbe95a3537b1a6f758294cc,01b3638b7ce8bbf9b4a1235fbba1f907fd4849307819780430ea7a7aaef6338b,99abe7cf7eb304caa1678e607049c0544d5be32d7a60ce07349de76a55d952c2,1,71
0111,5,train,103fd0c069ecdbcd5b1ea97a5762483b1d05233cd8816a9998c522d13530ef04,784160889299bf079bba58c8ae8885697f72b8f434c194f1a44a25d01ae97820,99abe7cf7eb304caa1678e607049c0544d5be32d7a60ce07349de76a55d952c2,1,72
0113,6,train,9e180adf96c65d1ace6d89fb3d779d0c33d5cc9e26ae02156a4dae7fb69b2301,176890762d5426266a96ff1e00c1d5346724ed1cbde0f0325547d2bd08339fb8,99abe7cf7eb304caa1678e607049c0544d5be32d7a60ce07349de76a55d952c2,1,73
0116,3,train,7924ed59c7b83c7784cfbcad737dc1d48b43c844a0e38f679ac500cc24d2d74c,9be1313f61befbebc13d8fc2f8e472699fb2ba5750dd7431893db0bf5cff0701,99abe7cf7eb304caa1678e607049c0544d5be32d7a60ce07349de76a55d952c2,1,74
0117,6,train,29c7327ec2e952fa2de8b67fb87f8f00c32c02f500afb449e8080766481eef67,4d6e1ca19fef49f087e8bf74283a4e66e1aec962fa0e8580365f7cb4e185305f,99abe7cf7eb304caa1678e607049c0544d5be32d7a60ce07349de76a55d952c2,1,75
0119,4,train,80f859bf2426f796b5a8b32a083e18e24f7d7d9e558c4b726b8699743afafaa3,eb6fe83d5a6359006f52c105caa2f1dbd618882f7b8c324eedd5b617d7e9b66f,99abe7cf7eb304caa1678e607049c0544d5be32d7a60ce07349de76a55d952c2,1,76
0120,4,train,0a295b94961ffb1142f5a61c8011327014f241e8399f1d772c763e5374d91076,081a6b21c32fa70f3f0e480d5edbae10268671f0b6a2ebbc696441a54a3a8e18,99abe7cf7eb304caa1678e607049c0544d5be32d7a60ce07349de76a55d952c2,1,77
0122,6,train,75a40e0b8d887ee6bf914bbef6d39af1d87445de49ed60131e1812a04a1b05ed,e0fc4257d11ffe1b395876e58be00ef69e6267dcc306903bbf87fd06438c1d96,99abe7cf7eb304caa1678e607049c0544d5be32d7a60ce07349de76a55d952c2,1,78
0123,4,train,852d70d1cf04cfc002953681071c048d704b3a37a1caba99d1536baadf05b84f,688711c8877f0acd062d9028f358a05e14a2044a11f7f3409db8f72019e2d6b5,99abe7cf7eb304caa1678e607049c0544d5be32d7a60ce07349de76a55d952c2,1,79
0124,4,train,3f6ed321a39e997bd59c36be07f5d2fe32a8ebf23620660780b9212e1faae2f3,2fed691d84734f525be200d9e2965924d8223abac69e4fae9994ea1bf4a1b5f6,99abe7cf7eb304caa1678e607049c0544d5be32d7a60ce07349de76a55d952c2,1,80
0125,1,train,db0b15ba687d951baf4c419971ec6608aeba1ed60492f21108eb0c1a4dccc948,aef2fba786e79f2d61345a3742e76e00746c9469f17d6b1876216bbb90186e41,99abe7cf7eb304caa1678e607049c0544d5be32d7a60ce07349de76a55d952c2,1,81
0126,1,train,b670fa65d87368160ab6b0a0a4b8b4b0438c82cb3a6372088796e0641a4de2e3,4d1d6d36ec0ee38a7623ccbc385a371a9eb215b061d11218cf7ed8670d461c19,99abe7cf7eb304caa1678e607049c0544d5be32d7a60ce07349de76a55d952c2,1,82
0130,2,train,32bb7a8f28c10ad25c9de8708155c1517469ab10bb23400d52bd2c83888d2067,ca35d28921e1e7cca2d8d9f721f4ae24897d135be96e5aeabb33ba7370922791,99abe7cf7eb304caa1678e607049c0544d5be32d7a60ce07349de76a55d952c2,1,83
0132,4,train,5a8d1e2619e426f1a9783935a2b4ac7917c735ed39aaf5362106464cfb97ed3c,7a8ae493e48eff0a017560158128dce38df15a2c0a1444a4b9b14470d721e2fd,99abe7cf7eb304caa1678e607049c0544d5be32d7a60ce07349de76a55d952c2,1,84
0133,8,train,d504c09df18b81eeca45ef2f39f5d5875f77059389a6062cfe4c244fe7c505c1,9de125bfa9536e45debf5774cdc49afc9016d7578285754989e98ebea7bd0575,1ff1c1ef8242929a0611431cf9ae54d534e971f5cfcbe69efb01c41eaf91f9cd,2,1
0134,9,train,c2b757d9bf35733f930279944a315ab1dbb7a9c23dd6117758fde73f3b0b00d8,60e389d5ebd5cac8d38460fc65b6aacf04756487dada288c58bae7b4a6e84489,1ff1c1ef8242929a0611431cf9ae54d534e971f5cfcbe69efb01c41eaf91f9cd,2,2
0136,6,train,016a2676aa9376620cdad409d44d9b3674aa1825655e518c89b734893ac0a16c,1a9be79c4a0c1f611edc92d578c27d335ed2d9e4e74dcf5650bf1b12fb0e1268,1ff1c1ef8242929a0611431cf9ae54d534e971f5cfcbe69efb01c41eaf91f9cd,2,3
0138,9,train,75067d5cdd70f9ef613c761f8c61ff478510922831dd8f40e851e7d5a5d4eb57,d2160efafb7b85206137c03b53bbb295937dd2a283d77be9efef05e673348e60,1ff1c1ef8242929a0611431cf9ae54d534e971f5cfcbe69efb01c41eaf91f9cd,2,4
0139,8,train,1289880f597ccc78abd0194328099efd8142f94242ad4979b66f9d362a339b16,fd65fa84df555138fa99ddd32a3f49eeb6364af8bbf1505bc029ac404f8d2eba,1ff1c1ef8242929a0611431cf9ae54d534e971f5cfcbe69efb01c41eaf91f9cd,2,5
0140,6,train,41410b7eb0b790e4f7bc9af59d1e5a8658330ead5f264e1f60a64164b0189684,f8b69cc2ff37bcdace0c5260ee405b8e8b11d81514152b5ecf4f7d8c809d5f97,1ff1c1ef8242929a0611431cf9ae54d534e971f5cfcbe69efb01c41eaf91f9cd,2,6
0141,2,train,f7bfcdc05eed9fbcc55a91f3c995d9061f82946e0db036488b8a48c0e8828296,835537d0febc36bf7c973e9f7406eb8092519adb4bce3a58e7adb48a611440e5,1ff1c1ef8242929a0611431cf9ae54d534e971f5cfcbe69efb01c41eaf91f9cd,2,7
0146,8,train,ef2614084a22b41deee2b5d3792c6d613d80a7974e5c974156053a16221a388b,f9364426efc483191782804f080488065b5c51066ee021a1ef7a19d675a1a82c,1ff1c1ef8242929a0611431cf9ae54d534e971f5cfcbe69efb01c41eaf91f9cd,2,8
0150,6,train,102ce8e7c5a6f61fab6581fd25d6ced27973b2b3e80ebcf1e82ed8c9ef4628ad,c27172c7558c15c222a52d972143dc54a2fd6981c8f388ecfb8e879be2115d40,1ff1c1ef8242929a0611431cf9ae54d534e971f5cfcbe69efb01c41eaf91f9cd,2,9
0151,6,train,ba9de373941a3b19da22a96ca0b83ac32d6b67f7f23d4a1a1057a3d84ff7212b,14634a90773a82d98ac4390705de644bc2c815acb4d4e30331639875fe9a7b0d,1ff1c1ef8242929a0611431cf9ae54d534e971f5cfcbe69efb01c41eaf91f9cd,2,10
0152,4,train,fff95684aeebc48df37ead343ae1910ca4cab3092f8bb48ab88591762849f8bd,914301e5f0a6bf353ea5f84c34c158a864110766062aa229845b46ba1eb02141,1ff1c1ef8242929a0611431cf9ae54d534e971f5cfcbe69efb01c41eaf91f9cd,2,11
0153,6,train,3576cf028d4110db983bc3a80ae2a428b46909d864c2e2c22bbc37bdab2e52b3,5d175869220d5c873b2eaa64c37a61a6b00222b64cfaf48c246c9bd27d38d7d3,1ff1c1ef8242929a0611431cf9ae54d534e971f5cfcbe69efb01c41eaf91f9cd,2,12
0154,2,train,d2980469f3cb7f5a4aa4eab10ec5f2381fcf46155b1bc954756b7d0c530e7433,93fa2bcb86867acb43712905de6d1dcc377d5dc178468f4379d5e6bb05fe316a,1ff1c1ef8242929a0611431cf9ae54d534e971f5cfcbe69efb01c41eaf91f9cd,2,13
0155,8,train,f194341def0b53e78f14bb59d95f1104a9915ffab28f2e54ad185097168e9f7a,a24411cff29d2546237aba9f027f741d3f0c0cde93ab5d0cafbb8f9d87fa657b,1ff1c1ef8242929a0611431cf9ae54d534e971f5cfcbe69efb01c41eaf91f9cd,2,14
0156,0,train,6a6d6aad66420adca571a1eea7f713b40b86c3ca9dddf07be71ddd41db632a35,020b5f3f9c5d2caa8cedf5fe4133c77b635707334cb68c2ec46b73adc0402155,1ff1c1ef8242929a0611431cf9ae54d534e971f5cfcbe69efb01c41eaf91f9cd,2,15
0157,8,train,6b302029f5569b05e7510b7864f34af4dc8dd04a0d94f63420d1492ba47840dc,473d8adb1ec6ff4966aed63aa4b93d361a9af62b74f0d706c3935cb6e032fa77,1ff1c1ef8242929a0611431cf9ae54d534e971f5cfcbe69efb01c41eaf91f9cd,2,16
0159,0,train,0bf5ed074d3c372be22ad9e8b790d310be55040cb92373fb0a97273a83849354,b7f068c3a4074dc1d8f33846afb3cd4c32ef136385742ca8a80c699923e50f5a,1ff1c1ef8242929a0611431cf9ae54d534e971f5cfcbe69efb01c41eaf91f9cd,2,17
0162,4,train,6c23eab530a67848d15779b89ae93db4dbf8caabf7a9a8fc03ba4cf7d9b84879,b4b4874fccd01b786bbc3d08942c4855de97325c26e58bc59d950450ee4a5f12,1ff1c1ef8242929a0611431cf9ae54d534e971f5cfcbe69efb01c41eaf91f9cd,2,18
0163,4,train,a8e6b4d5351dcf082f4eaf36f270ee5206a7c4c919e3c2003f2c991215535c35,cff0c3f5fc3446c528b3b2d3a1d440616ed6d3b25d960f84d51f825866557faa,1ff1c1ef8242929a0611431cf9ae54d534e971f5cfcbe69efb01c41eaf91f9cd,2,19
0166,3,train,a4f4c1d8ca0c3361296a327554b29ecc77e0114901a555cee74d06d6e58dd31f,ca461f14103f3666982696e5b419d3b9343194b5ea318831a65579a059da860b,1ff1c1ef8242929a0611431cf9ae54d534e971f5cfcbe69efb01c41eaf91f9cd,2,20
0167,3,train,e1fc964a59334ea6bd9055ec9e5ea96b6aba5a0df0a11e95cb42e2b6219c5519,474f0c17c07ecde69880aae7d6d0ec4b2a5222ba21fec4d3127daeb4966a4488,1ff1c1ef8242929a0611431cf9ae54d534e971f5cfcbe69efb01c41eaf91f9cd,2,21
0168,11,train,88a8e8d342f0f45d94b4849a1b27952e389e3501b04fa4b961276b280cab3c17,2d5ffcfc05aa0d6c634479d6e971f4015db554975f5bb2eab3a0dde91f8e0105,1ff1c1ef8242929a0611431cf9ae54d534e971f5cfcbe69efb01c41eaf91f9cd,2,22
0169,6,train,e7a9d2388a864b0074cdefb8012c91b3136cf963d365a35c612e64ce748d235d,6565c0c9fb1456e3b0af2b57249b65a047f541a0020e252f4b59fdc263c73854,1ff1c1ef8242929a0611431cf9ae54d534e971f5cfcbe69efb01c41eaf91f9cd,2,23
0171,0,train,02f01bfb7937075c131d48206230399150f25cd37bb412e5d44f5f9922581929,8ebbd6a23cd7f2eba2f176bc9a93c486ce700096ceb332d107b26efdb71b6661,1ff1c1ef8242929a0611431cf9ae54d534e971f5cfcbe69efb01c41eaf91f9cd,2,24
0172,1,train,3d20a1a50e5cc687c29f66aaeceb8763e290f3907e84a71d0a56a6d0da0856c5,425d2e49e06f78f635ed3702bc9b273f92b3f3a59c656837bb6366ae54039f63,1ff1c1ef8242929a0611431cf9ae54d534e971f5cfcbe69efb01c41eaf91f9cd,2,25
0173,1,train,5a9747621e8441b60aebbedb8b058c491287841ccef8a4004e0b8dd1e6f9a0dd,9d9514652ae76c8ba20fd073f78bc06286f0c2e06d1b3ad10bdd0463bcd7c9ec,1ff1c1ef8242929a0611431cf9ae54d534e971f5cfcbe69efb01c41eaf91f9cd,2,26
0174,1,train,ddcb5ecd90f2d098b005fce2ff3ba34de9b55457c37b0362403cb50e54855024,cf0e4e779943e436c399e42d5b4b8836c80cb74fc544020524d96e7f1818bad2,1ff1c1ef8242929a0611431cf9ae54d534e971f5cfcbe69efb01c41eaf91f9cd,2,27
0176,10,train,5d6466e91e2fe85b7e15fd0d8d2b98c5d11655b5c5a3dce4d5cde2806a619f59,0206fcac3374fc9a0dda38f10133fc50d619c3d9203c69399e78354ff9b2e836,1ff1c1ef8242929a0611431cf9ae54d534e971f5cfcbe69efb01c41eaf91f9cd,2,28
0177,10,train,6014c7b54a9e37dc7ce86c68888001bba139a15e939b7bb5f2811558d488e61a,67678901fd36f1f1ad24b96964e7ef6761b4f7127afc360280a6cdc0237ecc2c,1ff1c1ef8242929a0611431cf9ae54d534e971f5cfcbe69efb01c41eaf91f9cd,2,29
0179,7,train,9d629b93fe36304233a64f9adf51c56bbae1642cf09d42ea14aab142954f3514,eb549c85b78b5b51221d5871fc782d3ca8b7035140fc56807a110d155277d840,1ff1c1ef8242929a0611431cf9ae54d534e971f5cfcbe69efb01c41eaf91f9cd,2,30
0181,1,train,596d2fa79afc8dd2f23c0ee679eb31a6c93cf724555627bea4560a0889013aa6,5c5838d2e5e5f5bad31397f8592d5210c6ef39113a075e2a0bc6a734c6f66096,1ff1c1ef8242929a0611431cf9ae54d534e971f5cfcbe69efb01c41eaf91f9cd,2,31
0183,2,train,1afc7098231ada0a4aad4f3f0d3ec1c0b695be2cfd93b0e037d7c4add93ab779,9cd99232eefb02b74c452d6fde5b210790ef0a56e4fffca769dc2284ac7ffbcb,1ff1c1ef8242929a0611431cf9ae54d534e971f5cfcbe69efb01c41eaf91f9cd,2,32
0184,1,train,bd114ed4f1ab277fabf9afe031da92101c2791b9038b2204a820b2f8b444e645,55238dbbd0c78a43bedd03eaff1261f00471a8d7e475acb1942b945cf2952b15,1ff1c1ef8242929a0611431cf9ae54d534e971f5cfcbe69efb01c41eaf91f9cd,2,33
0185,2,train,551f65a2ba5832b01889e739585b85e0d32f3d0298bd015aa06b8afe4a7de063,b061a302dfbf60d1551d8557e8329a82979a6c9a2829d8dadf4f7458428b1ce2,1ff1c1ef8242929a0611431cf9ae54d534e971f5cfcbe69efb01c41eaf91f9cd,2,34
0186,1,train,1dba02dfa4b1aa1ecb4293f959db38a1c172f82e13a8b69dba8abb3e35029e72,c94f139997b3163944795a766483b2e8f438bc09484c82dea005593f1aa01f86,1ff1c1ef8242929a0611431cf9ae54d534e971f5cfcbe69efb01c41eaf91f9cd,2,35
0187,10,train,17ef6b37ab65fc44dc9cb2a26d8478c7f36119e7d3832afd5c76063b85a94921,4ef930ee2a5ccde622e6d7a9b6454884aa2d6cd47fc180d56dbf7c49a384f442,1ff1c1ef8242929a0611431cf9ae54d534e971f5cfcbe69efb01c41eaf91f9cd,2,36
0188,1,train,21d99149298a59d2cfe9a8261dbd178cc1c70673a125b44b16e41264814bc3eb,121d2f5702219c06062825a486a8618ba36bc17e1b164ddc8639c3efb7d1d999,1ff1c1ef8242929a0611431cf9ae54d534e971f5cfcbe69efb01c41eaf91f9cd,2,37
0189,1,train,d1b55d3703ac7eebbf477cdd521f5f7b82ffcb18dec181e90ac9e0130711ca1d,bc289de07e245106e78569e4f96d8e8d77c20bd3b2e55842460863747c400ab2,1ff1c1ef8242929a0611431cf9ae54d534e971f5cfcbe69efb01c41eaf91f9cd,2,38
0190,1,train,faec7c52927ea0df6dbb1a64874993722e1b31cc82a430b0d0740c75f5c0b429,85f4e866ddacc888de93a0c8032f8d93f43dcb734e3e02c53777704104a267c5,1ff1c1ef8242929a0611431cf9ae54d534e971f5cfcbe69efb01c41eaf91f9cd,2,39
0191,2,train,dba25729dfb6dab2561c7f6273fb9dfaeca6856e6fa71baabdfe33c58aca7858,c1e51d5ce5730018f811a70377eb66aaffd24778433920886a5f97fae142d547,1ff1c1ef8242929a0611431cf9ae54d534e971f5cfcbe69efb01c41eaf91f9cd,2,40
0193,7,train,eb0b6278b11a22d1c760bf9a66316130b17c26e701c49aa4724c516e4dbd7455,533f2a44d2337f9c148929d8515975d12f7bbc1d699715ec2117d55d4f1fc616,1ff1c1ef8242929a0611431cf9ae54d534e971f5cfcbe69efb01c41eaf91f9cd,2,41
0194,10,train,3579d0672d64e906359fd4b56098e9df709a2b1cb5ce66cc4a05f069b88b8722,83d0811cb7ee65ea5dfb75911fa7e8cf69b945646976ec378fe968b605bc17c2,1ff1c1ef8242929a0611431cf9ae54d534e971f5cfcbe69efb01c41eaf91f9cd,2,42
0195,2,train,da564469bb5d87afc8e4649ed67a5fcdbf34627ee64a1c960a26e6b3c31a45a0,95254c021756284827f8ea7071bd1f11b721ee52e0afa0a57b6ea9201be3182a,1ff1c1ef8242929a0611431cf9ae54d534e971f5cfcbe69efb01c41eaf91f9cd,2,43
0196,7,train,bc8272ccdb67c333fba5a3ccb3a8233526adf0f14bfd7078d8e7c05ec991c161,d60d4cb69f1e9a245ab0a86fd4f27775c3e3e3c76dcdb65d666346912754eebb,1ff1c1ef8242929a0611431cf9ae54d534e971f5cfcbe69efb01c41eaf91f9cd,2,44
0198,3,train,2a6aa4b9ef94add12ca8538e765691626b47fe23b47a8eb8aad33adc7e2bcae7,3383370e86530c9a48599743201a73769d63cd3d3e5b44b4db05024246b477ad,1ff1c1ef8242929a0611431cf9ae54d534e971f5cfcbe69efb01c41eaf91f9cd,2,45
0201,10,train,b4a92a4e27508c659f7707b469c5a5dc126260616f123eaa4d71a2d3a82fe19c,ddc56c8c28ca6817afd225750ca7da3b5a2f445e3fa99d8af72fb9c62671c7d4,1ff1c1ef8242929a0611431cf9ae54d534e971f5cfcbe69efb01c41eaf91f9cd,2,46
0202,9,train,1b3ba33e69ccf71c3ebef6c5f20123bc6bcb4166b59bdab544501bf955590bf9,037096f8972db7fc3b88c8b5127a9e9f325a6ee398728d469a3dc80de426ac07,1ff1c1ef8242929a0611431cf9ae54d534e971f5cfcbe69efb01c41eaf91f9cd,2,47
0206,1,train,e47daeb5fbca51da8ed7e6021e5a471ca759aee8761abd289285ebdef571bc6f,5fd8261314c4928eb519ce6037a77a9aaf58d5dbadd1545d12f62aaf03b0772e,1ff1c1ef8242929a0611431cf9ae54d534e971f5cfcbe69efb01c41eaf91f9cd,2,48
0208,3,train,8aa3cd75bb602a52ac8fda0d2c1cb6500349c806840c5be58bd0aff01e2dc40b,9184136c25993b3688b14222bc71566f75d53e0d4109801de99ffe3b19b7f9b9,1ff1c1ef8242929a0611431cf9ae54d534e971f5cfcbe69efb01c41eaf91f9cd,2,49
0210,10,train,c899af068647d454030df60848b8339e2dd5ecff8877ef6a1a00a65928ab26b2,b1f008bd9763c507a730fc0b860a87d28c8c47866c732d1e30e617536e553e56,1ff1c1ef8242929a0611431cf9ae54d534e971f5cfcbe69efb01c41eaf91f9cd,2,50
0212,1,train,5e8aae5c9329a9adb5ac5a9eae1fde2983200016e34f24b7bbcb1973a2daeafe,4c47868bbf81679a31461c6050d1b45b59d7db0adee443e476940edfe1dc8710,1ff1c1ef8242929a0611431cf9ae54d534e971f5cfcbe69efb01c41eaf91f9cd,2,51
0214,3,train,92886c127c110ed7b48bca7af47a1a1567d02c8a493c77fb08cb0385babf2d88,4a81adeea8672f76808baf19fd5a77103eb2614d8c19855f9765a97870df7b1a,1ff1c1ef8242929a0611431cf9ae54d534e971f5cfcbe69efb01c41eaf91f9cd,2,52
0218,8,train,ef19e04c09a15c06c50585d21ef400888bcedb9f7be14e09e23c318d60809809,a868b8dedb5aa8c55e888054a1e0af10e6d7c5cf7e1bf04e435ca62557f491b4,1ff1c1ef8242929a0611431cf9ae54d534e971f5cfcbe69efb01c41eaf91f9cd,2,53
0219,3,train,4109f54f8957fb15c385de62d35dc73f323be9780b71a0c2aea29281144d9c1d,df722f5b2ba337aaedad7e89358ff507865572e4605a3488356c4181638c7264,1ff1c1ef8242929a0611431cf9ae54d534e971f5cfcbe69efb01c41eaf91f9cd,2,54
0220,10,train,03a084d113ac79d632a1b9885dcd4c34ddc291665d5616244d8bbdc895c73e1a,c258176fa49745701507f21c7f9aceb97dfb15548ed7c85ff7243c02f5ef25a6,1ff1c1ef8242929a0611431cf9ae54d534e971f5cfcbe69efb01c41eaf91f9cd,2,55
0223,11,train,ae1fe87916a7df69728711f02f0764fb1e71a1140b94724acc2505c61f8cc4a2,41b6a9917567029d342476be92574496f7ae88d67986544d7d2ded84c5df0db2,1ff1c1ef8242929a0611431cf9ae54d534e971f5cfcbe69efb01c41eaf91f9cd,2,56
0224,3,train,43d6305f0d8ea5e583b75dde5cad251e0cd64b1b8267ce68b54d808227fc02e8,1dcc0f1ad5cfc6f2c9114f8357833d3e46f6a26b827145816af2d899d08ca86c,1ff1c1ef8242929a0611431cf9ae54d534e971f5cfcbe69efb01c41eaf91f9cd,2,57
0225,7,train,55ec1a32c2ff76ef8f5a620f7bb025fb0fdfa1d0b7b8ab51b4a0c12e230a86e0,d21a061abc77d57c41be5eb53af45287da736a58cbc85c5cb5de9a78fe34d5f0,1ff1c1ef8242929a0611431cf9ae54d534e971f5cfcbe69efb01c41eaf91f9cd,2,58
0226,8,train,9e33e56567fd3ba45285cf498a1bfa5e3e7bbbc701e4de413f0fff3431473196,d50d3db4f8b1c9d226748cd3dc2bca9fd32db4b3697d0c394e0ab0ad66260a00,1ff1c1ef8242929a0611431cf9ae54d534e971f5cfcbe69efb01c41eaf91f9cd,2,59
0227,3,train,a2438ef7f2fe43a58d70b750e11b5d154818b05c058f71ca6113e567b5656a28,0f483a2005c32d5a7e38aa5b47ed9059568385909340e311d265fdffb23aaee0,1ff1c1ef8242929a0611431cf9ae54d534e971f5cfcbe69efb01c41eaf91f9cd,2,60
0228,1,train,2b6566c6eba15e33541976efa51ea36891737920ae84af1ffc82312775a8189c,7465bbd368a52835a8b47b5bd2e127f8d6dff5ea5fee1eb7844bc961d323e6f8,1ff1c1ef8242929a0611431cf9ae54d534e971f5cfcbe69efb01c41eaf91f9cd,2,61
0229,10,train,d5a6ee2457514284f0b43e8b6b279f8c6e5f36f785bb9bad452ff5604b1fe519,45da5adad8de46ff270eb3f822956d21dc17cc6c845a2d137bf09da884f690e7,1ff1c1ef8242929a0611431cf9ae54d534e971f5cfcbe69efb01c41eaf91f9cd,2,62
0230,2,train,df223f09694fe6d5883330c342c67f7e9226b9a25b538c1603e1561534ec3465,2cc099d2858d01602e507a82cb50c636517fb53836390895a6979efc209d8e77,1ff1c1ef8242929a0611431cf9ae54d534e971f5cfcbe69efb01c41eaf91f9cd,2,63
0231,10,train,af217b141964ae121eaf7f3d4c209e72509e3697407b037c58a4cd50153b6d4d,4e14e26bc2696a535757defa9200b7c74712a8fa629df056b367aecc3b74143c,1ff1c1ef8242929a0611431cf9ae54d534e971f5cfcbe69efb01c41eaf91f9cd,2,64
0233,10,train,bddf390a96e0f9c29ea1e4f927de37ecdcc4a9cdec1a2acbb2d2b95bbaa147d9,d01d3c216b5b13440f9063d3eddccb7ced4421fafc09358faabf2ff33ccc118f,1ff1c1ef8242929a0611431cf9ae54d534e971f5cfcbe69efb01c41eaf91f9cd,2,65
0234,10,train,77a239e7b3a8ead80effd91565dcb79141143d096fd5d325768aa55b4b219651,e545b986758b4c80c5dc45e0ff9570ee0c9b292f0eb9edd251704c1b99c3ffcb,1ff1c1ef8242929a0611431cf9ae54d534e971f5cfcbe69efb01c41eaf91f9cd,2,66
0235,7,train,cae003d2ae741e056d17ee10299a3c1036bc247dd85964a957834349acf40070,88af85723d07283762ddc966ab2e2861836635da3b1c80169d2e815e2d70661f,1ff1c1ef8242929a0611431cf9ae54d534e971f5cfcbe69efb01c41eaf91f9cd,2,67
0236,3,train,1454dfba9f7d884ae7455e6b476626dea7f84133925ca750809b9e868c670288,b5fb3938fae70ce52786a2bc1420ce8a31f413783b0447fd29c16c6bd8749eb8,1ff1c1ef8242929a0611431cf9ae54d534e971f5cfcbe69efb01c41eaf91f9cd,2,68
0238,4,train,eb0250bba5604326e74f2ef1dc6a536cac477c8dd9e444db32f010d8380a9656,0c14985e261870852584128c281c5ef6d452e0d81cb25cb85d9c482878967ec5,1ff1c1ef8242929a0611431cf9ae54d534e971f5cfcbe69efb01c41eaf91f9cd,2,69
0239,11,train,53e295f0f4a9383e2a552c2270bd2eeece1d9ecaadf633eee6e2c15f588a059e,d09d2b58fc3688f7ee437e29c5bcd6d0f6a8e3cf6a8ec5f9cc56eb12ef4a4a7b,1ff1c1ef8242929a0611431cf9ae54d534e971f5cfcbe69efb01c41eaf91f9cd,2,70
0240,2,train,70f8439258bbfc91d58f8822a63c80ec6b168fa509cb91a633f9a79f70c5021f,71d779147978b9331fac1c02a70709b6c9893caa0f62033af17a0e6081b6b874,1ff1c1ef8242929a0611431cf9ae54d534e971f5cfcbe69efb01c41eaf91f9cd,2,71
0241,11,train,17dc96b1798d43acf55cd12d51b9ff31788a307b5b118311d9165e276b71972b,8c52be3274b25f8ad8646b780f9e72cb145bc77f3635688f96b69e51435af776,1ff1c1ef8242929a0611431cf9ae54d534e971f5cfcbe69efb01c41eaf91f9cd,2,72
0242,3,train,78de089a8b35f21d23c1c9b4bf42429151dbf18129952a15f881a532273498b0,56506344917310b0234b03ad84779c5404e7d4ac6e06114083ea57d3f4739693,1ff1c1ef8242929a0611431cf9ae54d534e971f5cfcbe69efb01c41eaf91f9cd,2,73
0243,8,train,cc456ae1f1d72d1e87b52165e7e36ebdd048b4a89e0ef61e529f076697481004,7459f9de8ba5fe2202d7e467723e3a82d1255863aa2b1c66e74281f9ab42edd9,1ff1c1ef8242929a0611431cf9ae54d534e971f5cfcbe69efb01c41eaf91f9cd,2,74
0245,2,train,8052bf6a630404cae34dc7e9f59e804f04e780fe94856e292ac72f32f7fe49fa,233fbbba938019973e355c70c24c7414602182bb42864a9969e1d554e98b7ba7,1ff1c1ef8242929a0611431cf9ae54d534e971f5cfcbe69efb01c41eaf91f9cd,2,75
0246,8,train,d639c6e9c57c613e1498c7ff6b200bd9e299f8f2efb84852727042a2b1f8f966,3fae0f3b5c0ab22af666824b999696cd92d7f40c250e7d495b0e20864e12792e,1ff1c1ef8242929a0611431cf9ae54d534e971f5cfcbe69efb01c41eaf91f9cd,2,76
0247,8,train,2617ddb3a11faf8ca9c08546a36329ed36ce3c3517da1673920abf6b6606e4cc,1609a3a0a88709cb6fcf3830627615968d31fa1ed3118c114ee586dde0ff5079,1ff1c1ef8242929a0611431cf9ae54d534e971f5cfcbe69efb01c41eaf91f9cd,2,77
0250,4,train,c5caa261bd7e8a85f5d0fed4c4f49f1d87e08ad4e2ff8c88d8e925095d1aa5b9,89b6ec4d4c842dc46aca2805ce442e441f0d50a98f815688505ca7e602f69e4d,1ff1c1ef8242929a0611431cf9ae54d534e971f5cfcbe69efb01c41eaf91f9cd,2,78
0251,9,train,aede6727138d6ec153df54966499e71fe92ebb4cd1697a702679999e4fe24b18,1612da792c7587df5a02b5a485fccac8f0942b62a5d108d2e7817769ec45edbd,1ff1c1ef8242929a0611431cf9ae54d534e971f5cfcbe69efb01c41eaf91f9cd,2,79
0252,8,train,498f3c02da4afe0e713dac1a77355f0fbf51c94c310dfc9f47870bad24bd1e05,ca212ddef1932dac9956dc183b50613dcc7eb3af89a2b8a599c06ae69c7e9c40,1ff1c1ef8242929a0611431cf9ae54d534e971f5cfcbe69efb01c41eaf91f9cd,2,80
0255,8,train,3098e3bb66c63a6389c866134803b27e795731b9a00d25f2338c03ccf5814da9,daa42f3c2dca14d9d7767c9616e1ed18c8ecb5955dccfdc5a01df4923fa8241c,1ff1c1ef8242929a0611431cf9ae54d534e971f5cfcbe69efb01c41eaf91f9cd,2,81
0256,3,train,0e7dd987ac34c599e2155ef20c3f4ca6cb5d1c61162e447a210f4a2fb4b7ebe3,5895d01d23350a0316e3365aed83ff22c8410b339d1b127301195703ca128de3,1ff1c1ef8242929a0611431cf9ae54d534e971f5cfcbe69efb01c41eaf91f9cd,2,82
0258,3,train,c61025d7af36e21df4c4a571467654430abe579b4d07baf48eee5ebb54acaa9b,cedb7a8ae5929a9894113ba5990ee8174c2f0d39ca418342d60b3d1e235d5aa1,1ff1c1ef8242929a0611431cf9ae54d534e971f5cfcbe69efb01c41eaf91f9cd,2,83
0259,8,train,7666dc534d1576d06b11282bbab07010b57edd263bd2173273ea8fcf24680a55,01cea31e321ff962af347b15cdf05aeb9eb27c5d8ab054de9c7ba4b719e6b9b3,1ff1c1ef8242929a0611431cf9ae54d534e971f5cfcbe69efb01c41eaf91f9cd,2,84
0262,9,train,d5b7af95074d2e55ac31fde6f783393ae126cdb0b28983175c77b8c10b959588,189587c628d5d24d2cfcce2c232d9bb55cfdcfe6eed1093311469ca64043521c,9927e38e9d293df6695119ca2db38a7dfdbdd48753672104b76da04802d33fb3,3,1
0263,6,train,7d328af20bc14a2ebeeefafcba4943b21414fb5f8483201fda8261647b8b05f3,331ed3f156b1cf247a69415bbad9a6d280cee4cc58a6534715da904fedb249c3,9927e38e9d293df6695119ca2db38a7dfdbdd48753672104b76da04802d33fb3,3,2
0265,4,train,cf1696beef39a1ffa59e93f264eb7f9f44ffbbdc145c4ba448156c5a511c50eb,54e50f03bbfacd2cf530876e6ba0a44e0a8d04e98298e6986c0841ff938220e3,9927e38e9d293df6695119ca2db38a7dfdbdd48753672104b76da04802d33fb3,3,3
0266,11,train,3ff825a5baf629f806b5b8852d6df7f327c4e662641ecbe1420637d8e53c4686,537bf254486a24bda5c88d6a6e621348e1ac7c4fc3bfab7119f68adf86ece546,9927e38e9d293df6695119ca2db38a7dfdbdd48753672104b76da04802d33fb3,3,4
0267,3,train,070c0f9f635e1a6296fd4ed78c7f185824db91b7861c9504b776d72f1a9c9947,c975d24ae8806b262777707224b0a64a65504d878dfd6b9b0e291c25670fbad5,9927e38e9d293df6695119ca2db38a7dfdbdd48753672104b76da04802d33fb3,3,5
0268,0,train,91315b134a16c94cc72e9cabd3cabd2ea0ecfcc799063457d5cf37d860f3578b,375328b8a6f1aa48bdc3605e785c2ab9bdf331845b297f6f30dfb8be0b7546f8,9927e38e9d293df6695119ca2db38a7dfdbdd48753672104b76da04802d33fb3,3,6
0269,8,train,ca2ed6dbeb26dcb8f4f1fb72ffa93078713520cb431ef0d9fef0aabb6ddc6f87,deb17560af3bbd0b4bf7e89bd88aec84c49fb2647e0fb992d96b18bcabc274f7,9927e38e9d293df6695119ca2db38a7dfdbdd48753672104b76da04802d33fb3,3,7
0270,4,train,c2e5f709d4955ab4bbef7c30ac14afc911c49ad4d838895053855b2b6f631f49,1344fb4194b7d3efc20fce7c7bc071e4cfa8c530cc5ebe3540a004ff482af77e,9927e38e9d293df6695119ca2db38a7dfdbdd48753672104b76da04802d33fb3,3,8
0271,8,train,4fecb1b05efe8d8a6fc09a0e915ab7a2c2dab3b5400554b9b1a66f5fe757b718,ccaeafd4f2a3e31f73a71f22e1d0661269b51abc240fd88ebd99af8f6a5f9441,9927e38e9d293df6695119ca2db38a7dfdbdd48753672104b76da04802d33fb3,3,9
0272,7,train,430e88f93e6fb45332e7b6122e32486d6464b46989bdea92d80755e082de4ccf,549ce439a1994ba65a985126a05d0cffd6066a956fac4fd95bd3e00e4a70be89,9927e38e9d293df6695119ca2db38a7dfdbdd48753672104b76da04802d33fb3,3,10
0274,7,train,c4838fd7a92e5a8308bb3d3dfa433f71bb9c0f7ecdea3d9133bb869d7d75c4b1,889bef83480663f633684a2a9560a97da187bd8de8b1d4917b55f42871ce8903,9927e38e9d293df6695119ca2db38a7dfdbdd48753672104b76da04802d33fb3,3,11
0275,7,train,49a4c111889e18e1d57db2e2c66ad7eb75ca38ea482068a722cbf25c506fb5f1,fa9bad506de07a1aa7ec0da82807d1b1411c249511c099ee58d6eb2583bc1f94,9927e38e9d293df6695119ca2db38a7dfdbdd48753672104b76da04802d33fb3,3,12
0277,10,train,362a5358e0ba9f3eff9c7e6c56e50c070c53d131ade9ed78cc5157f5961b2b22,a9c50964389e9e66297204ec959223b8b8e018053483eaa7dbbc5109275067b6,9927e38e9d293df6695119ca2db38a7dfdbdd48753672104b76da04802d33fb3,3,13
0278,10,train,ab1640ee0ac3c0a758de6cf4af1b568568ef4abca8b82522fec4932deed7e36d,eafce5a72ff2224666b2ac489ebff813ff29df1babfa67d2a0a797bc56c9acf2,9927e38e9d293df6695119ca2db38a7dfdbdd48753672104b76da04802d33fb3,3,14
0279,7,train,dc124a9624c33173ba3c32f660ec0f95b2efb6adb290ea7b3386cc6430fab91f,4c0ec99c2e75776b49cc624143c10d38c5176f222d19a99d4a915b3023d4992a,9927e38e9d293df6695119ca2db38a7dfdbdd48753672104b76da04802d33fb3,3,15
0282,1,train,d62c684c4dea17a7d6ae62467f56d851fdba63afb8a0f7c2df034d487eec07e6,e1ff0d71890bd1aef74a029449c6ce1d7d0b63a593ab55ab5c0e8bd326c27309,9927e38e9d293df6695119ca2db38a7dfdbdd48753672104b76da04802d33fb3,3,16
0283,9,train,53c2fd2f5d15a69c561db806ed3db2398d88095ca97cf2032e26d3a38947d1be,06922ff440152d2964bc224b72e0f7f22b794914a4b7872e97e42360bd059069,9927e38e9d293df6695119ca2db38a7dfdbdd48753672104b76da04802d33fb3,3,17
0284,8,train,e1f6fd490a5263182ec3e79c8bacdfada9d6bfac9e0946eaa5d38645cdec8dd3,ecc36bb395e3b6f89890948eb08b923c502c65120a9f55c72191e12ae9d9c9de,9927e38e9d293df6695119ca2db38a7dfdbdd48753672104b76da04802d33fb3,3,18
0288,7,train,b8d2686d5133638afddfdea0172f84b0e718d334e30302cf16b391abb8e2fb13,bf9f9fc99bdcdf59a368819dfa97e1747422dd44b2401384ae8ede3834f80965,9927e38e9d293df6695119ca2db38a7dfdbdd48753672104b76da04802d33fb3,3,19
0291,3,train,d99943b8324d390d784725a2f82fc43a6012bf927d8c9036bcad662347270df3,089158bf006408f518cc9c98e0c535b5355e828bfe26958b0d6aaf8ea0939e33,9927e38e9d293df6695119ca2db38a7dfdbdd48753672104b76da04802d33fb3,3,20
0294,9,train,851826380a465aa6c96d57e40540c849f621deeeb1e0969aa15d67039ffc43c4,d09ae710d4cb65eccdcef7a25d3fb1fa0a4d28ab32311a286586fe127e40d72a,9927e38e9d293df6695119ca2db38a7dfdbdd48753672104b76da04802d33fb3,3,21
0295,11,train,eae04e9af9bd4442c3a79d517d561f53d04f134879e8395f311a54535fef4b01,3fc6c1d88220a222f7862f321a13e9c14deddc449c27bb0111edcc7f5cdbcb4b,9927e38e9d293df6695119ca2db38a7dfdbdd48753672104b76da04802d33fb3,3,22
0296,7,train,1790769566a6fbf224f8d42af698f764a9ab73134bf0ca04a30d8d14ef9ec18c,2d01a299c9ffab1827198645a71b3eede080a3a6f45696fd607b195c96dd8a71,9927e38e9d293df6695119ca2db38a7dfdbdd48753672104b76da04802d33fb3,3,23
0297,8,train,0de4500d2ff8a19bc48a7ced94d3129a014d9df179a1ed5607d3eaf5965d297e,54d6d48fc9768c891058b6d17f69e8de76d2dcde6c97bc330ef278ef3e48589d,9927e38e9d293df6695119ca2db38a7dfdbdd48753672104b76da04802d33fb3,3,24
0299,11,train,d2448ee8527507565647f163c6e3d2b0bce793b362e7446b445d5065f04ab040,0941c438fc4e397d9d72326ec2ec7e5dc1c437267989a85f2b26676a2379b4f9,9927e38e9d293df6695119ca2db38a7dfdbdd48753672104b76da04802d33fb3,3,25
0300,0,train,a0ca5a677695b6df01c046c95b4aba2cf0959fbf7d67f8bda09e5e020f5a5401,8ead584f847ace6634cb82fea67a96b51eb33e54a42d7737ad8aeeb66ae3dc15,9927e38e9d293df6695119ca2db38a7dfdbdd48753672104b76da04802d33fb3,3,26
0302,2,train,3c30955d4f652cc52c3bcf27323165329a40e967478bf070b51c1460802e338a,5d8ff6fa58c95e2cbe9eee842591b84ca05904558b6f83be818f8908ecce2c8f,9927e38e9d293df6695119ca2db38a7dfdbdd48753672104b76da04802d33fb3,3,27
0304,11,train,9daccbe3bb38e8205bb74792f49434ce768e3e5f97e3947d53729b8410878ff6,30eb9b194afb4c08bc682b7ed660bd4ea8641d1a92cd0e493dacf95c00e034d6,9927e38e9d293df6695119ca2db38a7dfdbdd48753672104b76da04802d33fb3,3,28
0305,11,train,4aa7f15fc37c395096bfeaf1c8ba01d2987e775c1e6c1cdf83634a7eccd0616f,582aa3ec08d97a82f19fbb74467cdb16683a9cc39c0321b06e98c6a2a2c0500e,9927e38e9d293df6695119ca2db38a7dfdbdd48753672104b76da04802d33fb3,3,29
0307,2,train,a5684ebad6bde399934839b6fdd1539bcf9dbb504864df857162ef9cd62bbcf1,8987fbc23caadc4a56c3cefd65935f89cf1bf3c55e715a8eb665ea76ebd50f5d,9927e38e9d293df6695119ca2db38a7dfdbdd48753672104b76da04802d33fb3,3,30
0309,11,train,f4436833e397aeff0cbae6e1085dde37bd3f48e66009bafd0cdf0adb91c961a9,b0b1240c40654bc58ffdbc76c72dc0a17e8f53956894b234b08c637e9e0eeb5e,9927e38e9d293df6695119ca2db38a7dfdbdd48753672104b76da04802d33fb3,3,31
0310,3,train,00ff0b04e4bdc15e3ed66cab322fd3c08441ff90655e7cd3bc1b6c288ecd2f51,3cae06fe36441964511ac35e3bcd2d77f9ce432be7dcf37a41c9e9f3b35f4b44,9927e38e9d293df6695119ca2db38a7dfdbdd48753672104b76da04802d33fb3,3,32
0312,7,train,41618da7c1b38267dab706f2b2db55a0607c026e578f5e94b142c56d39266ffd,f5e3b9859814cf4e92243bebb59eb70afa4adfe6ecf0a55191fa58bae24edf6e,9927e38e9d293df6695119ca2db38a7dfdbdd48753672104b76da04802d33fb3,3,33
0313,2,train,5f62b18f3d1ceb9e3444549bc4dc394976efa7397091b054cd8e59b9c98b613e,e427ace36588b601fb48f33710108772e150142362fdbdba776e209c97b6700b,9927e38e9d293df6695119ca2db38a7dfdbdd48753672104b76da04802d33fb3,3,34
0314,9,train,4d844ed87d34616ba3ef36f9e4d34aaadc1e1f01cf73cf1f281e17089673324a,c549387d068f15d8fec0d04b8bed88831ae5df93cea64d5acddabb5e0ebb268c,9927e38e9d293df6695119ca2db38a7dfdbdd48753672104b76da04802d33fb3,3,35
0315,2,train,3e61aabe8ce53a1bcf9e194fbfbde3f858a29d062e21f07fb1b6ef07e6255825,fd46839efc708ce89f0f51817303b4e1f1464f1ca40731425fd2432e5ff07a2d,9927e38e9d293df6695119ca2db38a7dfdbdd48753672104b76da04802d33fb3,3,36
0317,8,train,550e6bb54581f076421cb30923865fae2778eb5953a99faff726c1f08c308410,bd720673e7288ef15eadcc1ac24d6e537676054babd120d8549ee0d27230922d,9927e38e9d293df6695119ca2db38a7dfdbdd48753672104b76da04802d33fb3,3,37
0319,2,train,ade1040f800dae02ca0b1a282f488bca0abb60f494858bea0400b544cb25e88d,51f601a1ce364df6ff45e99be888f454a383ef0618ef3493a7f09ff6f27af75a,9927e38e9d293df6695119ca2db38a7dfdbdd48753672104b76da04802d33fb3,3,38
0324,9,train,9e0c1eafba71edbb1c6e16644131f86fabc2330691c7abfd7b54041928d6d68d,4cf7c2d9bd896e80ff5cda4a3733aa54a361f09e7bed7c6dd6e9655cba69ea4c,9927e38e9d293df6695119ca2db38a7dfdbdd48753672104b76da04802d33fb3,3,39
0325,11,train,4b4c7cbc6e3e87847dd8c18f47baca77b8b1935eefcaf2d967ea08e36c3884c8,16ba7387c5339b6f8ae63ffddf42a95b3c6e87e8926233e5fe7a422e20043840,9927e38e9d293df6695119ca2db38a7dfdbdd48753672104b76da04802d33fb3,3,40
0327,2,train,3a78f30f941a98c4c7dfd46a04d484980ed39399fd22ff223907aef02c84ed3b,21e3c00e0ecac3f2789221ea3cdbcccf60d783e9965f22fee2f341e972868007,9927e38e9d293df6695119ca2db38a7dfdbdd48753672104b76da04802d33fb3,3,41
0328,2,train,78db25cb420853c4f2ec6d1e5adeb552f9210503e180c9cd24314437e4a00e3a,1155d7e7c3baa41709502aafdc9c65766e4787a5074a373dc09b33eb98267a31,9927e38e9d293df6695119ca2db38a7dfdbdd48753672104b76da04802d33fb3,3,42
0330,7,train,6030b9190e2fa753c0b064425d886a169521a48595557d429c70a56d745868c6,2e4f536298c9c878a626043912b8339889054271d6263173eae49a384327c216,9927e38e9d293df6695119ca2db38a7dfdbdd48753672104b76da04802d33fb3,3,43
0331,7,train,c4717f129d4ef86781b329be7a6e6430b90afa9e31efb306492d6f770cda173f,382c8a0a9cb46179f34a2e563f5332613bc12c7eb7744976672e576192c1f929,9927e38e9d293df6695119ca2db38a7dfdbdd48753672104b76da04802d33fb3,3,44
0332,11,train,0c59ef5915327c619304a0d7d9b601bd15182fe5fa61a0b9518d8e2919a65c3f,596d5a0107ae5498dc46d8be066428ed17b153a93838939ad19a75e5493829d5,9927e38e9d293df6695119ca2db38a7dfdbdd48753672104b76da04802d33fb3,3,45
0334,6,train,3a998f753107679c8a08b44e113d54dfaddfea9e1880083cce777318e418f705,9937fc945fa8e9c93c98068537014e00ad619d135fe77826efe6974721e7a17a,9927e38e9d293df6695119ca2db38a7dfdbdd48753672104b76da04802d33fb3,3,46
0335,11,train,f6c0dab955288b671e19e9d6c4cb0a25bf699d874182261703e4be63ca7aeb12,e26fcc254a0a09156c626f58029bfc2b9cec487269aac870bad1367167712d48,9927e38e9d293df6695119ca2db38a7dfdbdd48753672104b76da04802d33fb3,3,47
0336,0,train,0c945232be4ae8b58814aa2dab4728751ff866dcf3a04ae129c1ddd8cb59afd5,18e1b0a1e3a5ce9b8c9d9dd5f90a5b1801e239262d44b6cf581886130a6afa15,9927e38e9d293df6695119ca2db38a7dfdbdd48753672104b76da04802d33fb3,3,48
0337,8,train,65a0da01bc300ca853fa259d4b8cd4a4215f502fbb1fa7132b62e5f637bb6921,f4bce402fbf3cdd57e089c72c8d87506e2210fc4c4a719fce48bddb20215d9d5,9927e38e9d293df6695119ca2db38a7dfdbdd48753672104b76da04802d33fb3,3,49
0338,7,train,4f4e1355eba2eb15715c00fc7a3bc0026495b4258ba8a892abe046acf9a5442a,79af1db610029f9248daf0626cb15669147192b623f4196a8c071ee93ab70912,9927e38e9d293df6695119ca2db38a7dfdbdd48753672104b76da04802d33fb3,3,50
0340,1,train,891aee84f4cc8f3e77cee15eb65757f68ff94653a8add7b45d21b15bb36fb9a4,2c53fa3f07f09a86ea00b0ec85a3824740a2bc32247fe266b63f15ae79add6f4,9927e38e9d293df6695119ca2db38a7dfdbdd48753672104b76da04802d33fb3,3,51
0341,3,train,4260085960f0828126ceaacf95337f69166ab5d7fc234cbea34a1af06fe44d5d,7a023d6daad0d6fc4b731938fef1ebc2b0308b6e29e92f89f51f86e944c2650d,9927e38e9d293df6695119ca2db38a7dfdbdd48753672104b76da04802d33fb3,3,52
0342,2,train,d587f4f7d3b951709f96d8bd3f2b648c267c7141f12ec3eb4e0cb48281fa5ae2,af0d8ea547a96572b2efe45cce70a03a99b8a7b97b8218bb987186ea245de0c9,9927e38e9d293df6695119ca2db38a7dfdbdd48753672104b76da04802d33fb3,3,53
0343,2,train,b61835a2e3a90edd83a35ade1278af5f02e2a05327b866c1496c5f480b7850c6,ffaba0ef8d97855aff3453ecd8ec1620d2821b6b3bab898e0e483449e1ec0c9d,9927e38e9d293df6695119ca2db38a7dfdbdd48753672104b76da04802d33fb3,3,54
0344,1,train,278691b518d55b60ccc145e6f10e9ca2b8d38108ad724f7638ff17ad3c85b5b7,eebde94184ba5d9b38b0ccf6cbcf990cf9e88a2f6f449bda8883cb5577531e53,9927e38e9d293df6695119ca2db38a7dfdbdd48753672104b76da04802d33fb3,3,55
0345,1,train,be32d61cd405a79b6a31a5e0e3d9127991a07caae4cecd9fed740c883eeee8fb,f9b0fcf8d0c69cfec74ae7d763d324d70ec3bd16aff834db359bfafc1398f437,9927e38e9d293df6695119ca2db38a7dfdbdd48753672104b76da04802d33fb3,3,56
0347,10,train,cb220b79c1e6f88423d248a2906260f039d0c033e31b7a98288c45d07543dfac,9b5b50775ccbd85576896dd82360681ff15fd9debf31e994897f8aa5b73774db,9927e38e9d293df6695119ca2db38a7dfdbdd48753672104b76da04802d33fb3,3,57
0348,7,train,2706b284dedc24beaa122545e31eaec88499d7eface9b3fa078c52619c1550e7,25a264fada549bcf434d30157c872df1021ea0a507ea5e5e5bbcbdd95c71ccb5,9927e38e9d293df6695119ca2db38a7dfdbdd48753672104b76da04802d33fb3,3,58
0349,7,train,265b0bf2fde8817cfb3f5c352be2ad966a5486a11cbcd611a61a34daf3eae35c,6fb68e4417cb02f4e4eb998429c6f9bf23829f0697e8a7a59f36e67b063a67ed,9927e38e9d293df6695119ca2db38a7dfdbdd48753672104b76da04802d33fb3,3,59
0350,11,train,85b7b72fceab511f38ea3e09f12f38d47182536ba2e462a0fa4f446dcc453b63,843bcb5da2efe151254717bfb036c979c6555d36e309524df404c4a19c7da3af,9927e38e9d293df6695119ca2db38a7dfdbdd48753672104b76da04802d33fb3,3,60
0352,11,train,21a2262ee0275cb2a503d194a5c5388f4011285785f5b1492ed3014eefb28335,e2d256c321b9efc984ee925dd8a77cdd07233204c12b1f6c91a4b7c593258a67,9927e38e9d293df6695119ca2db38a7dfdbdd48753672104b76da04802d33fb3,3,61
0353,2,train,50611be0402f72a1a94c52a00080317e19953425b8264092a05444aff54e129a,23dc46a63eddb1705ae570c507a3ba93ef04a9dd5806d2c9e2432f38c17933ef,9927e38e9d293df6695119ca2db38a7dfdbdd48753672104b76da04802d33fb3,3,62
0354,2,train,9696490c3ae6347d3165765de6c157dd0cfa7129c5746a2d705b146539f5c5a4,1e0c7a5302d92321b89dbd73450b0380ea74ccff361bee09006a1125a31df0f4,9927e38e9d293df6695119ca2db38a7dfdbdd48753672104b76da04802d33fb3,3,63
0355,0,train,9c2b66d854f3b0cfb548c5f79ce61da701563982197b1f1d0c79f4aeffe66c4b,193453e146b91c5c7f1d35e9b49c1f1868e4eebb71a77daba7622938d0d34c98,9927e38e9d293df6695119ca2db38a7dfdbdd48753672104b76da04802d33fb3,3,64
0356,8,train,544ff916ec2b3299ba7e10f3ba606e8c0a1129a4994abb2d269c6eb1d4162b28,ceaf2f22cec8cdf2fdd92a9e2fd2114b779cc0b5b0cb07edb0e6fe59e754d8ed,9927e38e9d293df6695119ca2db38a7dfdbdd48753672104b76da04802d33fb3,3,65
0360,0,train,b88305edef349035aef2d810192a01d2b31b31daea4ff9004a7cc582ad852904,2972a4c50834c364df312e197a4f96c3f39340eba1237aae69c7fdb2f5ec71a1,9927e38e9d293df6695119ca2db38a7dfdbdd48753672104b76da04802d33fb3,3,66
0363,2,train,4116dbc93a45d7d602dc6e6f7d9da11ee86a16faba3518b87616067eba9d8ed6,7ff21b32397e27a03f7499934af49c40317001d73f74bebc770852b9bd2a0aa9,9927e38e9d293df6695119ca2db38a7dfdbdd48753672104b76da04802d33fb3,3,67
0364,3,train,bbe1b5eb2d02c8b2420e5dc870aaad296b6d8c9f6e5338aca27ba4286737d0e3,b6dd324d02b1ef62c263eac4f390aa8f625f6d3feaa3bb08f79bed6797db39ff,9927e38e9d293df6695119ca2db38a7dfdbdd48753672104b76da04802d33fb3,3,68
0365,8,train,060c0519f830c71e37af2221e31878e4b9f2d1a5f46328c4cb2a155f8eb09fcd,5659b79486a8c945025dc6d8d02f233176c6c1de4237d40a5483e908bf15b1c6,9927e38e9d293df6695119ca2db38a7dfdbdd48753672104b76da04802d33fb3,3,69
0371,9,train,fa4d6f410279104d9d616c691cb903800581cee521fafb0109259105db0faeea,f4d673a50ccc7de55e931a6e4a5bc6a465a1a331cec6df15cff38391d4991c4a,9927e38e9d293df6695119ca2db38a7dfdbdd48753672104b76da04802d33fb3,3,70
0372,0,train,eb8b7bd869c3830cdcedabc18cdadf6140500d3aecf03c69d0c0bda2cc3915b7,7ee4eeba2d0ef9c98f66a723af96f37e0bfebceb423d00f3f10abea1a66fc6b2,9927e38e9d293df6695119ca2db38a7dfdbdd48753672104b76da04802d33fb3,3,71
0373,0,train,77bfa6986e2da8c97c667f57cf24af3a4a32014f29c1e2cdb780560049146952,6c5f96ab1978f278eb9e5824c362231cfea293b3e3b3c38233138ba2d34a6337,9927e38e9d293df6695119ca2db38a7dfdbdd48753672104b76da04802d33fb3,3,72
0375,8,train,dc7e121ad9df6e39ee47331bc63a7108bfd0bb50bb8de7d063a3fecec2b9c0a2,fd7df1238b6a9623960c22504bb1d72def48f6283f340cc8d9dcc36158571c15,9927e38e9d293df6695119ca2db38a7dfdbdd48753672104b76da04802d33fb3,3,73
0379,8,train,0c9b76ff4a0f1d6e43a6e1f7bacadd3b9133c984a477e3c63d61374d8e832003,c69424b2bcf22164cc0c6b508422a8ef8a9171d6f187b0776ca5893f8e95652d,9927e38e9d293df6695119ca2db38a7dfdbdd48753672104b76da04802d33fb3,3,74
0381,8,train,576629602990dc9da3ba880955104b45b43c3a6437d5bc046479111fa1cdab16,20aae9699a36241464142412e89a2baf36589de58ca0c9a03960b53ef48026dd,9927e38e9d293df6695119ca2db38a7dfdbdd48753672104b76da04802d33fb3,3,75
0383,0,train,3201f645c8c979d37a6d4e64f6e6f7ef3a20604c83c3b12a4f7d79bdb68e1fc1,79117e96689b2de7551a576e68c4caf05987bb05714d4fbda359115cc5f1da63,9927e38e9d293df6695119ca2db38a7dfdbdd48753672104b76da04802d33fb3,3,76
0384,11,train,f4a73253c4dfe7724315a8dda21f45e0461c69425493cc1efe701d64e1f6f567,480e9492051aff8fb94899a8d2735fbec4e5cc02e3d2abab0095088b9eb6c6c5,9927e38e9d293df6695119ca2db38a7dfdbdd48753672104b76da04802d33fb3,3,77
0385,11,train,3d791e5eed6e3a60d8a544b00ed0b84cb92412b955326cc1ff566695e99eec22,43bda63ce6e145cca9ff88f309665f393170d7c1bc1c15b1d1878277cd5841df,9927e38e9d293df6695119ca2db38a7dfdbdd48753672104b76da04802d33fb3,3,78
0387,9,train,42954e2da35ed65aec7517b764c211487f4e969c1165ce4927a393549729ae3f,eba40d640a0de9d1a9bd372c56a58d584433f1f9be3e8acd942d5df987313e48,9927e38e9d293df6695119ca2db38a7dfdbdd48753672104b76da04802d33fb3,3,79
0390,11,train,8924e4a035e80f67318d149ddb8c70dd3f45694e7eb8738c321d33d5d14a4106,bc0200a5cd0050a845d9eb4410a58e2212f6435691935de16ae18f03854a548b,9927e38e9d293df6695119ca2db38a7dfdbdd48753672104b76da04802d33fb3,3,80
0393,3,train,ffe216eb2d5facb57f86f8659376d008f86c2db412bd03267a571f933bc038ef,d3f3168e1c77c612d15405797139b1d069eb6748978d8262950c393b5f17ea22,9927e38e9d293df6695119ca2db38a7dfdbdd48753672104b76da04802d33fb3,3,81
0394,8,train,1abe2a24c55f1494cbd6e35fe1a1128caa5548f234b24b583de402eef6d69b47,e894ae7a0583637e7b8c80f3b5cf5b29a1fb049b94db120b6c29fdd45bfeb1ac,9927e38e9d293df6695119ca2db38a7dfdbdd48753672104b76da04802d33fb3,3,82
0395,0,train,6e6bfcd0b798218474b288dc1c79b61ff7253c58a216a33ad54a11b5b473450a,9515d527e8f69c630002e256a486d563e8ee232d592e31ce5802fddd985cb40d,9927e38e9d293df6695119ca2db38a7dfdbdd48753672104b76da04802d33fb3,3,83
0396,8,train,8761870b0a436d14ca1b114c81539336fbc41a7fb409910776f4d562677ccab1,d18ac0f02508109de15b877aed151e803aedb2ed129c7e6b2e3f08946aeae898,9927e38e9d293df6695119ca2db38a7dfdbdd48753672104b76da04802d33fb3,3,84
0400,0,train,54c5fa946025176999fa4920cfdecd41c2d84c5ba9aa58b9417c683a368a147e,f35e9abd4ba0e40b3c4ce1f343651a2ed95c6f5d21156b14663401007dad20be,20dd7deb8ad430cb2f3f1cb4854c4d769d96b11241c2b0d58ecdfb264713805c,4,1
0404,2,train,d1d14162ed442b247ce78276b937f8f4442dcafbc66c00ac77d88851ef79fe81,960398eef78411f73151159df0f338e4c400b96471334644038b5901394de4a1,20dd7deb8ad430cb2f3f1cb4854c4d769d96b11241c2b0d58ecdfb264713805c,4,2
0407,9,train,796290cb34d5b14195187142d14b9b901de557eb5f028be5a8fe4d8140b2f20e,4f75c4e8da017bc28b5bc49aa7138521262cbec26e6bacd80042ec9d4f038208,20dd7deb8ad430cb2f3f1cb4854c4d769d96b11241c2b0d58ecdfb264713805c,4,3
0410,9,train,fb6fbdf1c77cae6bea1159e324766e13118cd4570656bc3ff2ab1b33690d9669,e74dc92ffbceaf358dc278f6b5fc9e04a1bbf3a250be0eef0bd14c18775f6d41,20dd7deb8ad430cb2f3f1cb4854c4d769d96b11241c2b0d58ecdfb264713805c,4,4
0411,9,train,4aae87539b6500c2dd6968500ef042838b7ab1b665c90e0ba79dc1f8961ed1cf,036e28aa152b78b5199ffb0e4d28b424acf898f909b01e82316402c8462d40e1,20dd7deb8ad430cb2f3f1cb4854c4d769d96b11241c2b0d58ecdfb264713805c,4,5
0412,7,train,19fb73b6f59043feea587a3e42a6e48a1aeb5bb8171f75ed164dd93dcf7f59d1,7f64c63f607d375aa15d583f15a71132639702624e433e1f256d8ef0e3a8db59,20dd7deb8ad430cb2f3f1cb4854c4d769d96b11241c2b0d58ecdfb264713805c,4,6
0414,4,train,d59f7b8b52b9ceac9938d1f2348dc5cbc0fb300d23259c4029f525878c92d81f,f218c695088370f6b973c3535aac0645534fe1247c73fe8dcea44f0308171c7a,20dd7deb8ad430cb2f3f1cb4854c4d769d96b11241c2b0d58ecdfb264713805c,4,7
0415,0,train,8cad39e1183aad467dc171806cea61d7c0053da33aa1edd8c92e4a4c1b865d32,571845c363c201bab30b567d67634c8c8e168cad4975b825d7675d87c6d3a04b,20dd7deb8ad430cb2f3f1cb4854c4d769d96b11241c2b0d58ecdfb264713805c,4,8
0417,11,train,6f9c2dbcdbfe47b9885227d75391903d5a9a0f7350efb50b093d4715ba8ac321,5f6a306e8aefe4d11cfa4677b525b307441da6927955bd6b094506c01013c587,20dd7deb8ad430cb2f3f1cb4854c4d769d96b11241c2b0d58ecdfb264713805c,4,9
0419,0,train,ff865c62308b5424c8d8dffaf8a5a76492d67c738af96a1228a44348aac62ebb,2c1b9d397ef7354b4cf748668723344f9b9aae8e419078eb14daf64cc5f40fb7,20dd7deb8ad430cb2f3f1cb4854c4d769d96b11241c2b0d58ecdfb264713805c,4,10
0420,0,train,90ea03b0b4f7d2f1da0ed2894809949ee3b83cb2ef61e91a81f34ea98a1e6c5b,28f5f043df1afc7a0c2dfbf34f42ba50134b6b9a235b2ca92de9534f4d61fee6,20dd7deb8ad430cb2f3f1cb4854c4d769d96b11241c2b0d58ecdfb264713805c,4,11
0421,0,train,195beaef880199493a0063d9c77cd36ea6f39888b7c8aa2d4cd9ef56e5df2616,06cf6b44a6e386c91fbff13d7bd1f8fbfe678840dc9289090a0fe2abbdfd1f38,20dd7deb8ad430cb2f3f1cb4854c4d769d96b11241c2b0d58ecdfb264713805c,4,12
0423,0,train,90d8312ed8d4d994ce105197126d298b92db323b566b01471a4941c1fece93fd,7ecab2ec6ebc287900af13a2c2012844138a849653ed9038d1f1c49ac30b258f,20dd7deb8ad430cb2f3f1cb4854c4d769d96b11241c2b0d58ecdfb264713805c,4,13
0424,7,train,31be2c66e41e3c704c8131cd129dcc746174f66fe509633479f355d1669cd280,6169c1aa21367e1e317507ceb479e93442f9b94efc9d8c83a7c73562d0527cae,20dd7deb8ad430cb2f3f1cb4854c4d769d96b11241c2b0d58ecdfb264713805c,4,14
0425,8,train,63217eead0312c3f3cd06c5b1da44c0b7f5ebfd77ef6b4c4b5943c91b5bf8757,cec5e2acf3ecd37b639523b1a4cd4ea20da594ce75ad9b77c6e68d0e0bf84acc,20dd7deb8ad430cb2f3f1cb4854c4d769d96b11241c2b0d58ecdfb264713805c,4,15
0427,11,train,4dcacecad658d4058d96cc11d65d26e5c2d241b084ab05f8abdc6be7050ef637,f0b823f5b8552632ed9abd4bc42e5b197f055fac9ed9ecead3c344dfee9fe34b,20dd7deb8ad430cb2f3f1cb4854c4d769d96b11241c2b0d58ecdfb264713805c,4,16
0429,2,train,04e8a79c0e536321ca0d86c784917a831127104297fa0271efa94970b96b5e80,d7ba2cdd47745fffa6e9900f9686d329bac7c9ef821e240d0a70b9cdbe784a3d,20dd7deb8ad430cb2f3f1cb4854c4d769d96b11241c2b0d58ecdfb264713805c,4,17
0431,11,train,3be37571aa6112f3093967414952e5507f1ff638e115b62fd27b509dcb2d1a6c,b9797dbd6568c10989d8dcf391b06582c3c58e8b6e074bf613994d7785ee1ad3,20dd7deb8ad430cb2f3f1cb4854c4d769d96b11241c2b0d58ecdfb264713805c,4,18
0432,3,train,2b3e7f806c0dd98694cd66ab73ff0541b5fc2ff5f7950732c7b6998e5347b87b,bc65796a4c8a3df8c59c6894ad46728e0897362ed216bdd96541b00cebf53176,20dd7deb8ad430cb2f3f1cb4854c4d769d96b11241c2b0d58ecdfb264713805c,4,19
0434,0,train,ccb84b341c10930aab8a4d86ad103d207592fa65b7450cf2a1ff9c7cde0d9402,608193f26a45a3b671651b2fa5d96c4c971f9ce7bf087fcef780adf09f8f18a1,20dd7deb8ad430cb2f3f1cb4854c4d769d96b11241c2b0d58ecdfb264713805c,4,20
0436,11,train,66912846563ea44de3be01d9a948ccd704a7fbee1d3d838cb54e5cce0efc6513,dd6c1b719e37819340e6eb09422e15c378fa0e6be59ce4c383f0aeb51d80ee67,20dd7deb8ad430cb2f3f1cb4854c4d769d96b11241c2b0d58ecdfb264713805c,4,21
0437,11,train,75af8feeea3694e26cff2bbe9c25e568348722f2c765d9f638d79cc9e15d9891,15e51ff0740f88aea496cca0560b672513e05d2ca9f2b3e9bccf1e5a0970ac24,20dd7deb8ad430cb2f3f1cb4854c4d769d96b11241c2b0d58ecdfb264713805c,4,22
0438,2,train,ba8d8bfcefe1dba95fe1d29998c767d13f7277f3e4a66ddbec2fe552d633ea81,6de495f31a43ee0929fb298c615813f9f04fc1dbb25fffa286c69271bb43171d,20dd7deb8ad430cb2f3f1cb4854c4d769d96b11241c2b0d58ecdfb264713805c,4,23
0439,8,train,2f6002d416f439c61b9ccd97729b5095b5632f5a3f2f3b3b1f9f61fc6350fba4,affe5bcb471df8524d583c10a149fb47b16053c0e34c713d08a57f38a4a71d5e,20dd7deb8ad430cb2f3f1cb4854c4d769d96b11241c2b0d58ecdfb264713805c,4,24
0441,7,train,4440b3ff466702c901bbdc44705acb46b81eda5aa40d13634eda1eb144f5501f,7cc2eec5047f61058f542e2f53584f4265a18ca4c33afc1408ca3606aa449547,20dd7deb8ad430cb2f3f1cb4854c4d769d96b11241c2b0d58ecdfb264713805c,4,25
0444,10,train,08c116d5b252cca34b8d1840bc725b789b1c7f9f1dc5b57c02338da5885d8efd,34a0d2b2baa08ef4e782ed33559f88315593dc3776119eab98975cd1c3dee7a5,20dd7deb8ad430cb2f3f1cb4854c4d769d96b11241c2b0d58ecdfb264713805c,4,26
0445,9,train,617ebdf4e873d50cabb213a86e7ec9d36ba7d3ca451c7ded862c2fecabda8a2c,bc0a96490cc0781a476980f3d77cb2d1e625b8eb501fdf78dc141dfa94513a08,20dd7deb8ad430cb2f3f1cb4854c4d769d96b11241c2b0d58ecdfb264713805c,4,27
0447,2,train,49d7cfe289de164cf421a6f53f800d52cdf2017734e8cc392efa80ba03751752,ebdd85daed20a13ee9673e173d36352856b854b9f6db35c01c28a4a31d37bfbd,20dd7deb8ad430cb2f3f1cb4854c4d769d96b11241c2b0d58ecdfb264713805c,4,28
0448,10,train,056c21b83ac8947ddaf63a582b0ac027706025a17c25ed54fe25e084a3eb2174,4e45ff486bc77156879fdee1d329ba561dae108a9f92ce737e36e62995b439ea,20dd7deb8ad430cb2f3f1cb4854c4d769d96b11241c2b0d58ecdfb264713805c,4,29
0449,7,train,edb2f2d1fa5db4547c9ead68ea11a24163d20c820273d359af69789424db4c3c,3a14a95b1fd753203d833653629d887c8517570c0f280bded1b1de9dd26c0403,20dd7deb8ad430cb2f3f1cb4854c4d769d96b11241c2b0d58ecdfb264713805c,4,30
0451,0,train,b55fb0e9709173dc0d43965af7fc62df9f44c0cdecd44d874395ab2b50a98f16,88ca4b84ab6fa92a34737b8614d2dfb6984ea0a52aecacb9d38c81dfe2405ede,20dd7deb8ad430cb2f3f1cb4854c4d769d96b11241c2b0d58ecdfb264713805c,4,31
0452,9,train,962bc34eb788262af06cb4be62a4a5410d641cd15299c2049d1878b908afeb2f,f4289dda8ee3e108eba22487a82768abafb3240b659eeb56bdf09d56a4ef495d,20dd7deb8ad430cb2f3f1cb4854c4d769d96b11241c2b0d58ecdfb264713805c,4,32
0453,0,train,cea8cb3090e13453aa8e0b34e94563fbac75e8abb643dda0d4acabd5a14429b6,04f3d89f6cfbfed6d86a32750ba77ee1385b7b65bcef759aa598b0875b96a8a0,20dd7deb8ad430cb2f3f1cb4854c4d769d96b11241c2b0d58ecdfb264713805c,4,33
0454,0,train,efbebb4b1d818d6e8016f9ce29535fc04aa4396d5b00cb8db78ff44a71e39d93,379e03af3ee3504119c5c5a074d3a8429f30ba3da7a0a150202abad81915575c,20dd7deb8ad430cb2f3f1cb4854c4d769d96b11241c2b0d58ecdfb264713805c,4,34
0455,2,train,bbcd869da183f1ff51b1461d1717ae1260e3952702db868454b3ca3eacbc2c30,8526efe092cacf1e10369cacaee2181531309a1e1c7d5f94606f264dba06ce53,20dd7deb8ad430cb2f3f1cb4854c4d769d96b11241c2b0d58ecdfb264713805c,4,35
0457,8,train,315bddb22732b375300fe2ec44f6824cd8982240c50c08fc75e1098aac684b39,d32355aba725a7793bbbede64f9d768a7c442346b531e920ffa8f877f9badfd3,20dd7deb8ad430cb2f3f1cb4854c4d769d96b11241c2b0d58ecdfb264713805c,4,36
0458,8,train,cef36367d68b15faed0bdf82f9d0a8188ef6b9b0e8e90e9659e3009b54ae8fa4,da6a9979d8d4fcaf9a87fd0b5b239ed1002c37efde1dd163d4a5b3c21d3c4b7b,20dd7deb8ad430cb2f3f1cb4854c4d769d96b11241c2b0d58ecdfb264713805c,4,37
0462,7,train,3d51103da85bd31b7142921b30068a5f4f30dd7ac884cc4593fffbd731fc617a,45f94d45e1769f09b2abbba1f5bda026a400d0101a5a217c062478ea18655446,20dd7deb8ad430cb2f3f1cb4854c4d769d96b11241c2b0d58ecdfb264713805c,4,38
0464,10,train,732415f3778af8d56d659d9edcc9db545b684382e24acb04c8aed3f9b604fcab,d3bd80b6a95c30af460e00846545f1c004d660a290bcd3246c3d9606aeb19937,20dd7deb8ad430cb2f3f1cb4854c4d769d96b11241c2b0d58ecdfb264713805c,4,39
0467,10,train,d7ac07388ed4b945361b2935e789213aab000a2314a6d413c7a26ec0fee81c6f,40c7e6904928134ba7b07615a2ac093d2c2015797d6b08add6f2808fd7df8c7d,20dd7deb8ad430cb2f3f1cb4854c4d769d96b11241c2b0d58ecdfb264713805c,4,40
0468,10,train,43fb1f504d94e9c33a887e2c2f1d811c3a57e0b64e9388f3321fb50ab6c6d1f2,1a83d176bc436c4596c2bcf6c4c7df40a25e432e586b3d60337c65566fe20453,20dd7deb8ad430cb2f3f1cb4854c4d769d96b11241c2b0d58ecdfb264713805c,4,41
0469,8,train,f3139de57290569ce656372809b1d0a39b707d6721c350db0bc49c03766711a7,187bea82b2849f14d82560a26c6211e067a3f22c2f3b07575a0bca40b39453f3,20dd7deb8ad430cb2f3f1cb4854c4d769d96b11241c2b0d58ecdfb264713805c,4,42
0472,8,train,67909db22bcdc8a79492579c7889da6868e25190185b29c9fb79f58a6a3ab389,44adfcb6f660e27f900857b5f63dc40440288f48accfc077ca93c1e573908286,20dd7deb8ad430cb2f3f1cb4854c4d769d96b11241c2b0d58ecdfb264713805c,4,43
0473,3,train,e0705614c739aba0e7c6e41c83416776f46a2c006a7859a26ef0c12d7e137a26,bde9836e1673aba37c58471d2521040c969c121b0947905dc1d809685898f58c,20dd7deb8ad430cb2f3f1cb4854c4d769d96b11241c2b0d58ecdfb264713805c,4,44
0474,2,train,a7b379282a489b111104ca935f0ad44d7c08c254ce92567fc377c9be3ca4ad63,f4dcc9e21b68f68a72bb94af22d9a7ced03b52d80eff239b02c964d8aefe8f9a,20dd7deb8ad430cb2f3f1cb4854c4d769d96b11241c2b0d58ecdfb264713805c,4,45
0475,5,train,958fa4a934a0c665eb677f73c822041fd89abf69a88cb43908535941bc731218,b96c546e9f28c5c88412cd3c09849475318354777c7bed24dd5ae3bd48af974e,20dd7deb8ad430cb2f3f1cb4854c4d769d96b11241c2b0d58ecdfb264713805c,4,46
0476,1,train,0c22ba632c262d80662ad42540c1f380cd3b4c206bfae82cfb57167ba8ec6675,4657d28062ed25a1d98d61599de5b9f4af7ff2b7f34b8f683f79be354f43b99c,20dd7deb8ad430cb2f3f1cb4854c4d769d96b11241c2b0d58ecdfb264713805c,4,47
0477,10,train,292ea3eaebc65a28ba980fa76701b34535b8a0994dc9061f0c3cc361f576928d,50dd7fba676a6d73c348a67d6db6a3c6d01ea1e4cf5a7335d005880445701d72,20dd7deb8ad430cb2f3f1cb4854c4d769d96b11241c2b0d58ecdfb264713805c,4,48
0481,7,train,9f4089f83ea32a2f350a833931632d3180fc606f79df75da1bf48f0545c94e22,d6d0ec77fe9bd0fdf2e608be0699750ed3010a469185f0f7e1ff8c6f67c28385,20dd7deb8ad430cb2f3f1cb4854c4d769d96b11241c2b0d58ecdfb264713805c,4,49
0482,0,train,248d86aacb0b4046dcb54f1ac2c76dcf288ce7d6d4d28e0ca210d428b6c46bb3,f900d5e486eb6c44db70bfe5cb33349fbb798de440100e0aaf0c84a48e2b4805,20dd7deb8ad430cb2f3f1cb4854c4d769d96b11241c2b0d58ecdfb264713805c,4,50
0483,9,train,2f720212262db9bb9089ace4a1c17d90409d88c81fb68a27dbf6b71df486e372,d8c5b8d0bbbe40dd6d9dd425b02a5bc8325ee6515bec4b1217496ec5adc3144f,20dd7deb8ad430cb2f3f1cb4854c4d769d96b11241c2b0d58ecdfb264713805c,4,51
0484,10,train,89da7e418a32e7506a236b342829ad22039bb59584166009e352d66024a5f167,d57f2394cfacf1ddc663d3096126b55c7104912a8959172b6fdee718ab256963,20dd7deb8ad430cb2f3f1cb4854c4d769d96b11241c2b0d58ecdfb264713805c,4,52
0486,3,train,6b3d03988416d25c8ef852801e188a1f5a62588e804d8c5b21274ee9664f7ee1,bef7ba8d5171c759be5ccd74fec5ff90f5ccb335b3f6038e1ccff2435bf7fd2f,20dd7deb8ad430cb2f3f1cb4854c4d769d96b11241c2b0d58ecdfb264713805c,4,53
0487,8,train,595840d933bc7e195dc72eab353a3dafa063e50827c0594ab13fabc27c6a97f1,5adc60a14f3bd3937ab8bc5095258f3817ac11efa1169a2389982c16a622e2e4,20dd7deb8ad430cb2f3f1cb4854c4d769d96b11241c2b0d58ecdfb264713805c,4,54
0494,6,train,25f114ed625c035c67d7b5fe2d8e13d9a2b84d466e0a120f46c4800df68b6aa6,2df0159b23a6e69a189e65c2c249914dc5b3844533b795beb57a96a4bca8bec9,20dd7deb8ad430cb2f3f1cb4854c4d769d96b11241c2b0d58ecdfb264713805c,4,55
0495,11,train,319fcae77df2d5695fd3121700550d62a2e1b9df364a9e8b57c47be1deac68bf,c6de00fdc59be94c4fc79d7d3758bbb9318a1cc87f8d1d2e75030c4f424890ab,20dd7deb8ad430cb2f3f1cb4854c4d769d96b11241c2b0d58ecdfb264713805c,4,56
0498,4,train,68b2c6c3730f7ed150fa1b58036ee1074d05075246cee36c7abc5d718010758f,874fe31f2c77ba7e612251564aab2ee8b9d1881e40c77bfc24d523f1eea5fac7,20dd7deb8ad430cb2f3f1cb4854c4d769d96b11241c2b0d58ecdfb264713805c,4,57
0500,8,train,d875ff580844e911fdd742b9592b9e72d5e30c0353ef26ee7df4f72aa367162c,9be7523969525d999e31efc4e43368a2a4fb7ddd002f042b4b231ef84a38dae4,20dd7deb8ad430cb2f3f1cb4854c4d769d96b11241c2b0d58ecdfb264713805c,4,58
0511,3,train,b796818c006db68faf0ce18e57d1963124fa5642a31a75b4cee80d42fb8e2559,91675990413a745ceac9b7397fc63eb829353ddde93a0ef433f8d7ec44accd02,20dd7deb8ad430cb2f3f1cb4854c4d769d96b11241c2b0d58ecdfb264713805c,4,59
0512,2,train,ebb575971b5e6d9b97df4ceec7dd410a2b2478305696dbbe0f869aed18cea256,59f00eebef50e0fb0d00bdd81983a02d6f8527e009998369c16387e12f2c1bdf,20dd7deb8ad430cb2f3f1cb4854c4d769d96b11241c2b0d58ecdfb264713805c,4,60
0514,6,train,f60b28d2216256df746acd1063e9c6609f64440becd633c886d69a83f1558c92,aceb1c2cbe3828694e1b8a22e24a0201123ec6372df920ac71ce66b2e0416fdb,20dd7deb8ad430cb2f3f1cb4854c4d769d96b11241c2b0d58ecdfb264713805c,4,61
0516,3,train,1ebe1d4becbff578c70d9cb9859ac822cc569d4180f5ded1f7ab8eca49ac58f7,5cd97219b5a516d39df916de18839f95f8df3c521cf65289d6147240cc07e1bd,20dd7deb8ad430cb2f3f1cb4854c4d769d96b11241c2b0d58ecdfb264713805c,4,62
0519,6,train,ffde791ea2a40a53e13b30f4a20ff5289f259870ea397413c4e4a534d63e6277,8ce88017aa8fa9ee6f74fb217148a7bbee3a76f50c8f06913a741c6e7c0ebfe8,20dd7deb8ad430cb2f3f1cb4854c4d769d96b11241c2b0d58ecdfb264713805c,4,63
0522,6,train,db5acc6baa08be77fd94dd198af1317df284004ed2a5a7c11c29372d033facc6,e7ce4b51cb440967877bb9ff97410741258e44508c9c22b1cbfa4653d6076dcd,20dd7deb8ad430cb2f3f1cb4854c4d769d96b11241c2b0d58ecdfb264713805c,4,64
0524,6,train,1617a96dc50d1ec84d20dc801ad09da6f7e3ffa22e971d7ee4a2b13fb9ed4999,ca89731f8dce213ed580dc92626d8bb7217eddd2e56a038a332d9b2a7246d5fa,20dd7deb8ad430cb2f3f1cb4854c4d769d96b11241c2b0d58ecdfb264713805c,4,65
0527,6,train,92cc8c37c23370d4ced01a4744d5e3729641b05b16ddcdddb672776c9e9dbe49,87bf721a99465c3cc8d12d08eafd0eaa32a760137979d5850e8f7dfb74f56066,20dd7deb8ad430cb2f3f1cb4854c4d769d96b11241c2b0d58ecdfb264713805c,4,66
0532,6,train,f9f25d6462b912f80c1e46877515645389dfc090fbca9a3eb0988856d276f652,03f25ddb137dbb3f950e7e4f811ed127facd35066a50935dc23ddb675314de56,20dd7deb8ad430cb2f3f1cb4854c4d769d96b11241c2b0d58ecdfb264713805c,4,67
0534,6,train,14dce2662cb0dab1854b16c7044c4a4dd25812f5a7c96673ad4f6e0ad856860d,0293fa2428a09dee75cfe6ab89a047778d756973ffd08f46b243f84df2db7880,20dd7deb8ad430cb2f3f1cb4854c4d769d96b11241c2b0d58ecdfb264713805c,4,68
0535,6,train,a05baeb64a4aed8bb0b54e0a93c338ef66017e2716ce9d4132badcece91a23c0,882eb29abea75181c0f462161810c5d01523c2c4950ef7315cf7d53a1690ba05,20dd7deb8ad430cb2f3f1cb4854c4d769d96b11241c2b0d58ecdfb264713805c,4,69
0537,6,train,0f0b28b3d88b9da6c0f2f84ffd699800201424ba412c0adf9f6a5917256174ca,a1aa0644607d65fa4fae8e1b9cdcd915258465820a04cf4f363e996eeeae998d,20dd7deb8ad430cb2f3f1cb4854c4d769d96b11241c2b0d58ecdfb264713805c,4,70
0539,5,train,38c3ea2783e73ca809b2d3cf88d46245c94976befddb7ddc803ff56f7782600d,10e78fad3dc4e4bc9486b94600f05bc533769b5b09ab6a1aab4dcd6e4032cd27,20dd7deb8ad430cb2f3f1cb4854c4d769d96b11241c2b0d58ecdfb264713805c,4,71
0541,5,train,9844d95d65523acfd6a3f102d021354a5529103f4af497c1ab0e999362a1b065,50d0f367b4804a2455d7a5180863514da5a50922945f60ae3aed4b384ebb936b,20dd7deb8ad430cb2f3f1cb4854c4d769d96b11241c2b0d58ecdfb264713805c,4,72
0542,5,train,19c632bfaed0efd31584e7b195e5c253bbab9dcf50d31d45c1b555bd3f3a329e,14bb0287371cb22bcad405e4ff41ac6eb1d5a85f8c2405e0f746d41e794fc1e3,20dd7deb8ad430cb2f3f1cb4854c4d769d96b11241c2b0d58ecdfb264713805c,4,73
0568,4,train,7d248148b1116c95aed068e16b79efb0d62739d2059b8fc05b7d0223bc82ba2c,d7167ba48c85b00707825813a0ebadfc68379b9f6b094ac537185a25f7e4cb5b,20dd7deb8ad430cb2f3f1cb4854c4d769d96b11241c2b0d58ecdfb264713805c,4,74
0569,8,train,57d8537672850b29dafc7a77ca1f959586494b6b83c0b7c80790959fca7a60eb,a81d1fbba134b8c3ccb486a43efc32779b1550502121fd74cc3b04e9799a104b,20dd7deb8ad430cb2f3f1cb4854c4d769d96b11241c2b0d58ecdfb264713805c,4,75
0570,2,train,31e6b60fb042178bff861f5f911b833721995a15675eea9abdc0f793ce688e80,3112e3188cf6dcd8256738d725c55c959baf9f03a7ba918ec1b54c08bc331316,20dd7deb8ad430cb2f3f1cb4854c4d769d96b11241c2b0d58ecdfb264713805c,4,76
0571,6,train,ca492aa9fa5eb9e04191a58e867ddb0fa86eb1792bf8aa2dc0170a12ff60a066,670070be945eacbbe41b9eaf2a91ceba992fb756b1c533b9f025bfab845d8dc7,20dd7deb8ad430cb2f3f1cb4854c4d769d96b11241c2b0d58ecdfb264713805c,4,77
0573,5,train,e5887075c93aea2f978e3728d7cb24d5da7752aa413fa50d6989aac7a652a3db,1f6fbaeda8a407eb830db270691bde7693cecf78fd533019b8a725dbaf668f58,20dd7deb8ad430cb2f3f1cb4854c4d769d96b11241c2b0d58ecdfb264713805c,4,78
0016,1,test,3b3b4039ff93d9edd2757c8419f9ce29d09c77c5b8f323d3236c93c47ae0981c,66c2ee506e7cee1a148b869f40cb9794db417a8530adfad26e8bfb7fa5d087fa,20dd7deb8ad430cb2f3f1cb4854c4d769d96b11241c2b0d58ecdfb264713805c,4,79
0019,2,test,4ba2589631be1545ffea0aa33fd0396b551385b49a693e0b1ea90606c2355b8c,ec9a0ac8ca00589a2d11242cbf64957cffc2b7aff53327c36efd7967ee1f729d,20dd7deb8ad430cb2f3f1cb4854c4d769d96b11241c2b0d58ecdfb264713805c,4,80
0028,4,test,63f0f481439b05994e97b258dba1f3740a48c18461306504a803d1bd05a0f2f4,d416cd1c9e13694f2a8f25269701e78b925843957e3373549cf73c32628b4f7f,20dd7deb8ad430cb2f3f1cb4854c4d769d96b11241c2b0d58ecdfb264713805c,4,81
0062,2,test,0c87b95f8709af5f89f6e0dec525b76f15ebdccb24f456856d2011beb1ca88f3,9ab51313e551865f6b986258a3044a11b7eb79cd479dedd91413209d6a71ee7c,20dd7deb8ad430cb2f3f1cb4854c4d769d96b11241c2b0d58ecdfb264713805c,4,82
0069,2,test,431c0d58ab2a10f06457faf2da38cba4f270e7fd553408eafe58f87aec18cefc,17401be7724817080171a3bb3efe279e0513acd703df5acabd3588d43828e5a5,20dd7deb8ad430cb2f3f1cb4854c4d769d96b11241c2b0d58ecdfb264713805c,4,83
0074,4,test,fd735911b7ae946c19839c4912ae505c65e736b90238c379dd790a76b92033eb,dbfa028d543ae363188cbd45ca151fa0195dbd459d23e6a1210502d491e8000a,20dd7deb8ad430cb2f3f1cb4854c4d769d96b11241c2b0d58ecdfb264713805c,4,84
0077,4,test,8bb6f5da714e39394bc6a7336c2af0d6e176a6d63cde1f4d2ee792081d4746d4,d5e776294106d0756ac8ee9ebb312847458dee3f855cf60a0bb8274944ae3989,97cb035081606e50d558b5bca9b47040d3101954e27878bfddf19caa7c3d5b1d,5,1
0084,5,test,8afc18d8ee1f5b1ddf73381ee701d0aa414c2fb2f303f341f5eaf402ff9b3fe9,3f0028f85d1b425dbfdd5cc8bcc6666ccafa92a0f47191c3de3cd5968b00c86e,97cb035081606e50d558b5bca9b47040d3101954e27878bfddf19caa7c3d5b1d,5,2
0085,5,test,c69e88dde211ad5657d5ece637dc46f528caf58072bd7883589a11c55099f80e,2a74981b061f8dcda293316a0776d7f0beddec2c570e1906d071b3552f90143a,97cb035081606e50d558b5bca9b47040d3101954e27878bfddf19caa7c3d5b1d,5,3
0089,0,test,a485c3ab1feaf7baa7777e9976c36cddbdfdd5ec401da9e6bdf5a1c2d8239cfe,102c5c477b6e87f868e55bd3cf1757d323c63afda4e557170e36a8bf78939a16,97cb035081606e50d558b5bca9b47040d3101954e27878bfddf19caa7c3d5b1d,5,4
0090,2,test,c1039115dd49a2ba6f9cec0889cc805f7c3c1208612c0fc114a4404488768fb9,6bbf856ba26df9fa5e98d4984b9636ef3e49c9b3fc1957bdd3697921680607b1,97cb035081606e50d558b5bca9b47040d3101954e27878bfddf19caa7c3d5b1d,5,5
0096,0,test,c4f264d13708877eb36a6c2a6b6a237e078959e7eb186c4d474b358aa0160ac9,8f7020e48d7fee4bcdcdafa7e3b5ba84f529b24acff4482226790466f2600d53,97cb035081606e50d558b5bca9b47040d3101954e27878bfddf19caa7c3d5b1d,5,6
0098,9,test,4ee1254654e2daf827571f2a4c68aea7d4a6c53d81a8f8fc07fab79682b84219,d92261add7a8b6c2d04b09eaadc42ecd2320db647a518cffd03d055da650a053,97cb035081606e50d558b5bca9b47040d3101954e27878bfddf19caa7c3d5b1d,5,7
0103,3,test,d5f24e83835a82791c369bd1fbdfb7b81730e38858ff55a5d315ae4e5f31e85f,3480d6656aac314e4ec91b6350d188abab21baa16ae0f39266adb0247529dc26,97cb035081606e50d558b5bca9b47040d3101954e27878bfddf19caa7c3d5b1d,5,8
0108,6,test,104d62b12a308a919c570cf09a7f8f805846c9e821e206831b4c1ceac5fe265b,9260a6980e699eb2242fa56ac8fd8c870dbe70c3bdcdc56582feb6f101503a0f,97cb035081606e50d558b5bca9b47040d3101954e27878bfddf19caa7c3d5b1d,5,9
0112,2,test,c758151c95322ae47f4b5dfb2747fa42321740d29dfbbd231293252caf89088f,1a3f30e9b31f3143ba78fc9b0c4f2104d2f95f77671b9ebc65f55a0eb1066b85,97cb035081606e50d558b5bca9b47040d3101954e27878bfddf19caa7c3d5b1d,5,10
0114,3,test,38a1081fcc2fedecde0be10db05935d29ca0acbcd06661dfbb899b280df37f80,9fb7a8780868d5dae841e17a53729ccd26b5791051dcc519f5a17a90d20f02cf,97cb035081606e50d558b5bca9b47040d3101954e27878bfddf19caa7c3d5b1d,5,11
0118,4,test,6e265283f3cb416c7b05f9fc249c3f16ed960cc5d99be61db0af55eaed4f3bc2,071d84cd34bb14ba12aef99828a6b81ae19bcb78e89f25bdd662d495afebf389,97cb035081606e50d558b5bca9b47040d3101954e27878bfddf19caa7c3d5b1d,5,12
0121,4,test,1427f73cccfdc8835a116c8c873571a70648333ba710753c8272a69490aa2831,04f074f1431b3d0bef6f196b4ca5131d6dd57efff17bdddf31fbee444bc7a05b,97cb035081606e50d558b5bca9b47040d3101954e27878bfddf19caa7c3d5b1d,5,13
0129,9,test,af6bb8a6b31b6a985e787605f27e2a84c6cdfb89bf35d82d14c74d2b053b8e50,068cdafb20e1b257400ec3c71cdf1682fc910eb8b7fb26c936f8fa4eb9375bd1,97cb035081606e50d558b5bca9b47040d3101954e27878bfddf19caa7c3d5b1d,5,14
0135,6,test,8efd92f7ae77e68d6f497987c4237aaf764a06dcb37525355b3ab66475f04047,06efc38dc05590aebca0006bfe0445b7babbaaee8aa5c0d1a338484d27efc95d,97cb035081606e50d558b5bca9b47040d3101954e27878bfddf19caa7c3d5b1d,5,15
0137,8,test,16fc1f74c0f0f2e8b86ef4e24eeb6fadbc38bfd30ca0d40b81a768fc3436b41f,2785c34c31d053aa8c4b6282a1e6a59fdac408b278907c615732a7e925c7c47c,97cb035081606e50d558b5bca9b47040d3101954e27878bfddf19caa7c3d5b1d,5,16
0149,8,test,1d9e139b70ae1b9d7b2bd40a6892f8af7db868017e68d5c6354ed768adc22e60,e78fd482a63d9c9ed968a76551d3478139a54306b44619ccecf57f642e36aaa3,97cb035081606e50d558b5bca9b47040d3101954e27878bfddf19caa7c3d5b1d,5,17
0164,4,test,d12cf5afe5234e7387cbe73c8fca0589240314f4fece8d2263ba43ed6ea1f9cc,41292f7e61d81bd13cfacc38349bdd0002f44b6fabfbcdb61391a7510375b9eb,97cb035081606e50d558b5bca9b47040d3101954e27878bfddf19caa7c3d5b1d,5,18
0170,8,test,b253759dd3657a04ffc22e9b3e1f1f2bacce38a6e8b64bd526bf3724e0ab3b6d,f6ec482117de30125fff75f6ef657f693872250b9b9b42e318685396b5d4db01,97cb035081606e50d558b5bca9b47040d3101954e27878bfddf19caa7c3d5b1d,5,19
0175,2,test,fbf09f8905907f550c6c750eb83dd2e8eb82dedabf18444d66734afa7a11aab6,adf531993d70cc475fcdd4e9edbc6cbdf68a149048771737e22843dbe5a19683,97cb035081606e50d558b5bca9b47040d3101954e27878bfddf19caa7c3d5b1d,5,20
0182,1,test,17b0858cf28f5dcf837d9497969634c6de25be9ca2e08cc42f08657e8f960b4e,741d5203dcbc6a02aeae061fcb424aeeb35645172aa89089a9718e15fed979b8,97cb035081606e50d558b5bca9b47040d3101954e27878bfddf19caa7c3d5b1d,5,21
0200,7,test,6153a3f36816f71bdbc2f3151b11cee4b88fd597cd104b445c22f908996f69b5,ad32abbfa8881bcde0ef6610be3107a2784386801df388b6f394c701390a0a4f,97cb035081606e50d558b5bca9b47040d3101954e27878bfddf19caa7c3d5b1d,5,22
0203,7,test,f4255524a840eaad27e341e4511ea2caebdaa257bb46469f99f938332c40bc9e,56c27b8891925616332914849407ab5604bbe0124cad078013f1948a1cd6c1fc,97cb035081606e50d558b5bca9b47040d3101954e27878bfddf19caa7c3d5b1d,5,23
0205,10,test,5f7edf24a35db508ccef58699bc73aa79d9de933e8f0023fc2fd330ff7f7dcc1,bdf0e0ca796fcddb83bdeed98979512691727ef6d97cba91b422ae952c9f64d7,97cb035081606e50d558b5bca9b47040d3101954e27878bfddf19caa7c3d5b1d,5,24
0209,3,test,4b34d87229825119eef2d5c924255384eeedc4af2641c55f790d25474939f050,f4789e7b3c222d1b6b9bd8d81aaf80abd9cb1a8b736d530a1a61afa25c034257,97cb035081606e50d558b5bca9b47040d3101954e27878bfddf19caa7c3d5b1d,5,25
0211,1,test,db09f98005d83425cb969bd316710d5bc7cb194f8e77bca29a5053ecfddc745a,325b881992b9c5f9c97ef527f9dead4897182e72eefb9179c764055f703b45fa,97cb035081606e50d558b5bca9b47040d3101954e27878bfddf19caa7c3d5b1d,5,26
0221,10,test,bb096687d16b330b70cd6a2346465f7cba4bfd1ee392df85b343882cac0cbfbf,04371e9c091a4eddfb7bb0f107ec5c43c09f393bbe1ec83f08abc6cdcabb003e,97cb035081606e50d558b5bca9b47040d3101954e27878bfddf19caa7c3d5b1d,5,27
0222,7,test,dfb76e3fd5bbd2eedf69e9aaa49a40e296abf39e29f077a1b89599e0912e4da4,1c96e7e708082f5977661db756706d2870bea48e36e28fc79b695bf33489c8c8,97cb035081606e50d558b5bca9b47040d3101954e27878bfddf19caa7c3d5b1d,5,28
0232,9,test,60cc3e87c2ec3a457da7f25e3a803d8d4e58a5d5288853d384a860790a1d6971,4846f679b1e9f4ea3b080289f88e38020a9904ead5d27365c78edd4f4c5ca51c,97cb035081606e50d558b5bca9b47040d3101954e27878bfddf19caa7c3d5b1d,5,29
0244,7,test,50af7cb2ee73557d4a5bfa6f88e43af5d8d54945ff1d4a9e98bdf1996112bfb4,410766e14a15b50a645acd9b049ac59bff849a603bec54d790a20ff019b73cbf,97cb035081606e50d558b5bca9b47040d3101954e27878bfddf19caa7c3d5b1d,5,30
0261,1,test,1854c89365700181ef42dcf48c6f566d147ddaa669dc6a95aec36e0085d66ecb,83650d409f71c25157fc012445dff26cc19a82c7c6ae06ac5a15650e83f668dd,97cb035081606e50d558b5bca9b47040d3101954e27878bfddf19caa7c3d5b1d,5,31
0273,1,test,0b486b765829a3b9009b4de86a3eb2c01ca5788672cf81e32de79f1534141a29,084d093fefacc37620fa5ce5dbec101fc36712ff9faf7ea23781e6fe118e3e33,97cb035081606e50d558b5bca9b47040d3101954e27878bfddf19caa7c3d5b1d,5,32
0280,9,test,02f43d8ea956cfee454028be35ca4285e55cc5e627eee1963fba26af1bc66ab2,ea78aeb856da6080793c9e7b0c6867bd3d8c14842b4e4874a99e2b1f97c88afc,97cb035081606e50d558b5bca9b47040d3101954e27878bfddf19caa7c3d5b1d,5,33
0281,7,test,4d11bfd931a0cb6da9152a74447bf6aca1400991fa7fe7ff342e2e7a5ef5cafb,cb8b260de92782c3e746b4340dd9c9729500271d93821e5b91f34b3bcfeb9278,97cb035081606e50d558b5bca9b47040d3101954e27878bfddf19caa7c3d5b1d,5,34
0285,1,test,1909f442e988ccbcb67ed10898ac45e787f19d41a9ff3eb586765b24fc26a046,8a03ddbf8d02c0f7a0a9454aa35a5565bb9dd9f0c2fd0e551cc6d76e5bf317e6,97cb035081606e50d558b5bca9b47040d3101954e27878bfddf19caa7c3d5b1d,5,35
0289,8,test,a2f230756f3701d4d940b3e685014047a15f65ef5112af006af5940afe5dbfcc,eebda72fe93c702414d773246f311af97df7a7c0abc60015076e0e2b661e90e1,97cb035081606e50d558b5bca9b47040d3101954e27878bfddf19caa7c3d5b1d,5,36
0293,5,test,a58e77ce5a6ad201541cdc777c362ed5f4ff8241ae376f88e5a86d6e37d09325,0c77a192536f6e68a9e00430cbd921a7fc2353f8b278b9f1ba543f43a8855531,97cb035081606e50d558b5bca9b47040d3101954e27878bfddf19caa7c3d5b1d,5,37
0298,11,test,605fcba561ed6f5e39adda943f5a9012109ec65dcfd22c87f97f1adef8c7a496,a6164d95c042a21603e29fda2dbca0c13e2d728b1458c9d80a23858a57a2f390,97cb035081606e50d558b5bca9b47040d3101954e27878bfddf19caa7c3d5b1d,5,38
0301,7,test,6a71e8e418f8e5e1be47fdf74b1ad8dcbce1c0d39b971a242997bd70335ea9b1,60ed41b946587e8332170ac594d53bd0d74d15a3403123b138871ec76b4801d1,97cb035081606e50d558b5bca9b47040d3101954e27878bfddf19caa7c3d5b1d,5,39
0306,5,test,209451f4be153b6fb8f8e244c61b4d1debb1292c34f35aabf4b2ad88045c8cda,68b9651d1d1ad4152239da532a828235cd6e4811e6b6b5e4df442bcd461d129f,97cb035081606e50d558b5bca9b47040d3101954e27878bfddf19caa7c3d5b1d,5,40
0311,11,test,94c377d3f6c10db0318e6d2000f78b608e39ab63e9958078343d02e3cc2c54de,1b644c1a2a8601eef310f62f47475804bc2b430be81432c83c51d2756a091278,97cb035081606e50d558b5bca9b47040d3101954e27878bfddf19caa7c3d5b1d,5,41
0326,2,test,1c4c65e7697c53bb27588b38b167b58a64952386d236ae50d9925cd44ef96dd9,0b1146da75bf4ce339e3bf2bb6570928c5a43ef30f293b2dc4c70a604151fc85,97cb035081606e50d558b5bca9b47040d3101954e27878bfddf19caa7c3d5b1d,5,42
0329,11,test,fc1170c5778605fd880fe3113ef75211999d78a1fbe7a3482b92992a91262e8c,95ef628ceeb86ec361c09d8d7f18e847879eecaab27934197e2b502b83961531,97cb035081606e50d558b5bca9b47040d3101954e27878bfddf19caa7c3d5b1d,5,43
0333,11,test,624b9be6403ac132efb1ff71a7c707cfdcb31ab1e2b4a663c6743ce2f1ad0ed5,cc649cb17a0b4c7cc30c96648f361e92a0c1fd48cd2fd6443c9850c812b26edd,97cb035081606e50d558b5bca9b47040d3101954e27878bfddf19caa7c3d5b1d,5,44
0351,5,test,c1c335c80baa2ade1419f9e7cb71274a7030398cff86f35a59b0fc6f203b9f2e,37a3f904189d91fd9b98eda7d7e1a22dccee6ee0467d6a9868e81fbb01dfc686,97cb035081606e50d558b5bca9b47040d3101954e27878bfddf19caa7c3d5b1d,5,45
0357,3,test,1c865fd955c0a54c0af4fd35cdd2c59baa34440c5be48d4a05a7fd041724279c,5b15620b798ad55eae197be5d8c4d924a2f38c373531e85229d2271ed6a028b6,97cb035081606e50d558b5bca9b47040d3101954e27878bfddf19caa7c3d5b1d,5,46
0358,3,test,6e5a804553da49e51e61494de66043b16c7347c7e491fce58b55513d5e32db75,90ab6769c92908157d3ab9baf6e0c2c445a3c66bb44379aac73ceb043489e9fc,97cb035081606e50d558b5bca9b47040d3101954e27878bfddf19caa7c3d5b1d,5,47
0361,11,test,932eaf12fe648afbe7df31809b8f32ec2783b2c07542c55acf7d77e302ab18ff,504ab93d6e1a2e7c81591d37eb02f7ed9017843fe08374ecd5adce174f6c3747,97cb035081606e50d558b5bca9b47040d3101954e27878bfddf19caa7c3d5b1d,5,48
0366,8,test,d4342f1da0fe8645b082bdc5f3d7650c5abece9b1ebb3d487912761e1976943f,5afc1820269080f254b5468790b32b075eaf896702311101a72ef15975e892bd,97cb035081606e50d558b5bca9b47040d3101954e27878bfddf19caa7c3d5b1d,5,49
0368,5,test,d9bd9ca69eb294e7cd55d7372340a615dab2e6b1ad4d7a0e403cab0eaa4d84c0,ce0478e46b6c202ab2be6545ad0d134b3df514e3bfc922e403f7f09e50efcc37,97cb035081606e50d558b5bca9b47040d3101954e27878bfddf19caa7c3d5b1d,5,50
0374,3,test,85a3da49ca18547444afeaa3a8eaa8a61170ea8947ee5ac25b8587bdba20d268,a40046dcd48b01533c04f20d443975343b15ad2a7ffc88ebfdc504446f9cb716,97cb035081606e50d558b5bca9b47040d3101954e27878bfddf19caa7c3d5b1d,5,51
0376,11,test,159c72d56c2f421470524350709c5a9fbcca5f71f8edcefbaf414f8336f5449c,0e9927fb2dbe98a90f4877c3693d6edf4b603e241db02fe3a981c211f45a87ab,97cb035081606e50d558b5bca9b47040d3101954e27878bfddf19caa7c3d5b1d,5,52
0377,6,test,2563cb85ecca25832f8a763af0ba70d4e4923921927e8070517477160d4cd063,4199aa740bb0399d0571567c4dcacba3a5126e436de6abb15d6ed0447ff328f0,97cb035081606e50d558b5bca9b47040d3101954e27878bfddf19caa7c3d5b1d,5,53
0378,11,test,d5ed1d12819affe176211f03a88a64891280abafacfa211f6a721f8deecb1ddd,2c8fb7af291278c70385c1f3277f3b270836f51482ab12c68d06972d4bbf1233,97cb035081606e50d558b5bca9b47040d3101954e27878bfddf19caa7c3d5b1d,5,54
0382,8,test,efc15d7fc5c5069a7d44bf6f8f0d6b7278cc63f7680e834696174890eacf8591,ddd82261e4413930800efeb2cfe744b5f9249279a614cf2224ac48f307479268,97cb035081606e50d558b5bca9b47040d3101954e27878bfddf19caa7c3d5b1d,5,55
0386,9,test,959dee59b1fc1f47f74c002dc61d2f8b16ff9e297bd5dfdc00be46df24fa5160,849c6ea79b0b926091eee138574455cd403357e2d9c8ee067a7c1bae5ad88ef1,97cb035081606e50d558b5bca9b47040d3101954e27878bfddf19caa7c3d5b1d,5,56
0389,9,test,359867f9147030c15c19724829f05292f59bb63b4e4e939640c09554119b34c4,ea8245fe1f0dc5168f53f51f694ea0dba6c3a127bdc46297640e4cdd5a38e1c0,97cb035081606e50d558b5bca9b47040d3101954e27878bfddf19caa7c3d5b1d,5,57
0391,8,test,cf92b85ecf908a0c0f91c8c91cf8408327cde90febbcb91b1dba1ce57be44b8d,e5b5c2c5aa5d2504484a8100bf8b04097b3200792e8834abbc7a40917c38ad44,97cb035081606e50d558b5bca9b47040d3101954e27878bfddf19caa7c3d5b1d,5,58
0392,3,test,bafc1a7b0311e800893316af6adab73e9535f60feace2b34e2afe132bca35aba,dc611e4f530992cd66a79bb95fc372c435b70669f253ec1879e716246f2f10b0,97cb035081606e50d558b5bca9b47040d3101954e27878bfddf19caa7c3d5b1d,5,59
0397,9,test,3abceea3c7c1bf10735a6a3e1e1e64934bf5ce4634c882af8bfa93eff9a3f225,176587dcf2a201a9324464edb26de912c52d9894fa1cd158a017f2f0b9cf7abc,97cb035081606e50d558b5bca9b47040d3101954e27878bfddf19caa7c3d5b1d,5,60
0398,9,test,b926d11cb81e5d55e793d75e31ea30147c47f2b206b491be006fbd504ddcfac7,7c68b469fdabc1bf6a6cd460d44e99b1f68023808642e822a54c29c7819e2e00,97cb035081606e50d558b5bca9b47040d3101954e27878bfddf19caa7c3d5b1d,5,61
0402,2,test,6b3f0831eb0ca7f5c08275ed12dee17fb719d88363f73c8245a6bdfc2ef591bc,8344efec941f372f4e5a2ab49e76aa22ae6ee6a2b6be169e3ea8ee9fa0855986,97cb035081606e50d558b5bca9b47040d3101954e27878bfddf19caa7c3d5b1d,5,62
0403,10,test,0e3a4bc49baffe5e30182f10ea52b690278bd614911c9e9517ae4d580b79b73e,c6b1f7a3572a1c49200293930c5bfcea7ff38904f7f1e6f65e01dc6add0f94cb,97cb035081606e50d558b5bca9b47040d3101954e27878bfddf19caa7c3d5b1d,5,63
0408,7,test,1ef7fbcec5c04b4843b4543ca4ebe0194abd57b5706cd2fab1631a5a71b36331,876f023aebec5a8e2761d28c32bc2e8aa9302df6f83f4586009779fc8317e4ca,97cb035081606e50d558b5bca9b47040d3101954e27878bfddf19caa7c3d5b1d,5,64
0409,10,test,5d1910d56fab2fc56f5d7608ca7d7efa7b7db2f7148ba007d3bba0e385202071,4b5d23f58d6262fbb41be18634183fcef851c25f800fff3e4027b948c8c3cc67,97cb035081606e50d558b5bca9b47040d3101954e27878bfddf19caa7c3d5b1d,5,65
0416,8,test,8687e04f9552566eb979259517c514b4019b2864b027b6802904d1818d8199d2,e72ea5b86c1919c4f2783d80a76eb5af228a4876a5d3d92fc058ea548d09d0ac,97cb035081606e50d558b5bca9b47040d3101954e27878bfddf19caa7c3d5b1d,5,66
0418,7,test,95ac8a3c2e2885dd8b188c31b331f72625555d9af60ba72fb2d18cdb32649354,ba82f925beb310c6f4902fd8dfaa1148ff704a046d4a6f8f74589c42f4eafd1a,97cb035081606e50d558b5bca9b47040d3101954e27878bfddf19caa7c3d5b1d,5,67
0422,11,test,ad2892bff83a8718957ac4090f0d4558c05160adc1f4a7e139027c99d4bf3c19,7066c266c86a1213cf5ce4c233a584f547b922464db0a49a035d48da42b0a817,97cb035081606e50d558b5bca9b47040d3101954e27878bfddf19caa7c3d5b1d,5,68
0426,3,test,30b8b6f15922dbb5d448b1dcf3afd3fc2152c08adc029da6d5ae04f93538ea22,07d07770a399ab836cb30770a2e1411dcbd596c87e058e2c867ad7fc5f7bde23,97cb035081606e50d558b5bca9b47040d3101954e27878bfddf19caa7c3d5b1d,5,69
0430,8,test,0de04034db51d6cc37d6fdcb92fc7025a824826b1d46d2012af52cf75246dbd9,32c8c8b8f1d45ef9a5317ff142006248ca80e7df4d860b9bc240c0f7656c0305,97cb035081606e50d558b5bca9b47040d3101954e27878bfddf19caa7c3d5b1d,5,70
0433,11,test,98bb56849d4120e5c19df146032178eae22380dc90868927fb1e75aa029c070f,dca36d6e1ce638372c399daf9a1eadeeb4061e7e1fdcb1ca4a33ffbcb5e525c1,97cb035081606e50d558b5bca9b47040d3101954e27878bfddf19caa7c3d5b1d,5,71
0435,7,test,af5596cb0ad9b553f3f69979e56b94fd167b3269224f7ad57c1f0c2e771bfff9,9c42a65fb758dc659479fe45c09ae0cdbb30ee3aee3b1d11647568b424c6420e,97cb035081606e50d558b5bca9b47040d3101954e27878bfddf19caa7c3d5b1d,5,72
0443,3,test,106a5762050572b95ceb09ff7c4a2821d85d9c4c97007bbae02046a7c682b2b1,b272c50b079841531accc94d985ab2dc6406163211d32f3b22a712254668ae39,97cb035081606e50d558b5bca9b47040d3101954e27878bfddf19caa7c3d5b1d,5,73
0446,7,test,42bf900d7855fa8dbe9358872ff688742dc2974cb5696efde3d31c2cd1792c41,fd541717147d8673308bfca9fb71705c259c2f089d98900391a1a2a1a6b8c50f,97cb035081606e50d558b5bca9b47040d3101954e27878bfddf19caa7c3d5b1d,5,74
0463,7,test,4939b8e52b88487e59f1d11af07037c3a809aa28c7e72a764c64306ad46afbe9,1befe9392297ba57b7e06fbf072abcc0e248428f50e8b461538bc857f3358dd9,97cb035081606e50d558b5bca9b47040d3101954e27878bfddf19caa7c3d5b1d,5,75
0465,10,test,36a07f7b523b6417f08729edd6d0647488b86d483efda10ba7d50508b2aa427a,556d62d0d824a9084d5bc7ed1ff87146715b855d6a7f6f4be999bd2814cef5b2,97cb035081606e50d558b5bca9b47040d3101954e27878bfddf19caa7c3d5b1d,5,76
0466,2,test,db60f108f8295061285413bc787980f4f494074d560a77c7d2463e4d801037d5,7b82b45e9f52c0a09c5d0e41225521db20d998f3a532ed2186e4e69fe12226b9,97cb035081606e50d558b5bca9b47040d3101954e27878bfddf19caa7c3d5b1d,5,77
0470,11,test,0bf733e7752ecb33c8cd4b77108f63e5dcfd116da4fff3fd266231bb3ae88961,897d5ccd47389843c660ab05c3f7c99a5e5fad01a04c293255c52c0316039aac,97cb035081606e50d558b5bca9b47040d3101954e27878bfddf19caa7c3d5b1d,5,78
0471,2,test,6a889a08850c7c98984e26576d4fddda6f8a9b6e4f5e8d7aba1ce459cbc2a15f,616d79f2b172d629296ec896be0a2dfc050d997b5218781e06075d5ed69d11a8,97cb035081606e50d558b5bca9b47040d3101954e27878bfddf19caa7c3d5b1d,5,79
0480,11,test,7ed129c57a65620a625522922f1614389c3b4d297f20384a1958ea397e707f31,56ae57b523c94d2732f274bd9f33ae869301d5989db38662626b1360c4df6ce8,97cb035081606e50d558b5bca9b47040d3101954e27878bfddf19caa7c3d5b1d,5,80
0513,6,test,8982aee1732045634c988c6f1a4c1d3f4edc591337039c2b3a7cf8b460940cd6,16946f0c07238f15c68136d5ea7dad98d10353362ac2ac59a85af3481f39e4af,97cb035081606e50d558b5bca9b47040d3101954e27878bfddf19caa7c3d5b1d,5,81
0520,6,test,1025df0231b45fedf0fb569dfc53c714f6aae2bc01339f96607d3f7faa34c0a5,e64f38289feba8a8684c9810058f21c96eca8a992b0b1c70167150f32f66569b,97cb035081606e50d558b5bca9b47040d3101954e27878bfddf19caa7c3d5b1d,5,82
0525,5,test,12e8a6554dc3983ab765e523580612d4cf79e400f84066f81121fecdb1190e2d,d33c79b45919be494975a0f04d51a875484614797ea7f432f4f49cd5600db4ff,97cb035081606e50d558b5bca9b47040d3101954e27878bfddf19caa7c3d5b1d,5,83
0531,6,test,3f9fbd9b10d97e99f01e56add7bf940f1a818f82a20d9b1f55ae71400013c7a9,efd57923cccf10f58266715d57f192ff26c2dc8d48d0d011b418f8ea989c3ce0,97cb035081606e50d558b5bca9b47040d3101954e27878bfddf19caa7c3d5b1d,5,84
0543,6,test,26daa98623560fd754af01bdfc6882a7ce8cd0488c3a8d5f083f7e9860c19e54,d85777bb6a5447d2c7092ce0795a0df1a137ca31779eb4c55f2657a079367a57,c42f3d69f205d3bdfcbef16a9455178482a09afad92effc34a5f6accdec70faa,6,1
