route,rgb_group,train_id,test_id,rgb_cosine,hq_cosine,specimen_id,modality,source_sha256,source_archive,source_member,selection
discordant,6,0535,0543,0.8009698390960693,0.4438016712665558,0535,RGB,a05baeb64a4aed8bb0b54e0a93c338ef66017e2716ce9d4132badcece91a23c0,raw_XBAT+_v1.0_RGB_train.zip,raw_XBAT+_v1.0_RGB_train/train_data/images/0535_s_jpg.rf.8bff95bf0af100142702fbd25397e4cf.jpg,adaptive cross-split feature contrast; not independent validation
discordant,6,0535,0543,0.8009698390960693,0.4438016712665558,0543,RGB,26daa98623560fd754af01bdfc6882a7ce8cd0488c3a8d5f083f7e9860c19e54,raw_XBAT+_v1.0_RGB_test.zip,raw_XBAT+_v1.0_RGB_test/test_data/images/0543_s_jpg.rf.b4dd31c8f96f7b4aa3b8459c521c27a7.jpg,adaptive cross-split feature contrast; not independent validation
discordant,6,0535,0543,0.8009698390960693,0.4438016712665558,0535,HQ,882eb29abea75181c0f462161810c5d01523c2c4950ef7315cf7d53a1690ba05,raw_XBAT+_v1.0_HQ_train.zip,raw_XBAT+_v1.0_HQ_train/train_data/images/0535_20_56_S_bmp.rf.5c5ee30a42a4747dd44a959072d27a4e.jpg,adaptive cross-split feature contrast; not independent validation
discordant,6,0535,0543,0.8009698390960693,0.4438016712665558,0543,HQ,d85777bb6a5447d2c7092ce0795a0df1a137ca31779eb4c55f2657a079367a57,raw_XBAT+_v1.0_HQ_test.zip,raw_XBAT+_v1.0_HQ_test/test_data/images/0543_20_56_S_bmp.rf.2bd5c0de2a664248924ed62188ee6bf3.jpg,adaptive cross-split feature contrast; not independent validation
discordant,4,0033,0077,0.7867759466171265,0.5445835590362549,0033,RGB,d17e2447b688f0388afbca9e388a7d6b1ff185fb0b9263bebad3f1d2cd61f5eb,raw_XBAT+_v1.0_RGB_train.zip,raw_XBAT+_v1.0_RGB_train/train_data/images/0033_jpg.rf.d051dc0e9bd272e6f00331b050b2812f.jpg,adaptive cross-split feature contrast; not independent validation
discordant,4,0033,0077,0.7867759466171265,0.5445835590362549,0077,RGB,8bb6f5da714e39394bc6a7336c2af0d6e176a6d63cde1f4d2ee792081d4746d4,raw_XBAT+_v1.0_RGB_test.zip,raw_XBAT+_v1.0_RGB_test/test_data/images/0077_jpg.rf.ca1fa62b184524f51fd6e1455ee90e9b.jpg,adaptive cross-split feature contrast; not independent validation
discordant,4,0033,0077,0.7867759466171265,0.5445835590362549,0033,HQ,5891c807b1f3beed9107e04cdd016e2eb0ee0eeb54c94f57e8a114f263436d69,raw_XBAT+_v1.0_HQ_train.zip,raw_XBAT+_v1.0_HQ_train/train_data/images/0033_20_70_T_bmp.rf.8bd6bfcd58a79eefd0e170bcafa84960.jpg,adaptive cross-split feature contrast; not independent validation
discordant,4,0033,0077,0.7867759466171265,0.5445835590362549,0077,HQ,d5e776294106d0756ac8ee9ebb312847458dee3f855cf60a0bb8274944ae3989,raw_XBAT+_v1.0_HQ_test.zip,raw_XBAT+_v1.0_HQ_test/test_data/images/0077_20_56_T_bmp.rf.d969dbfaf51389171e341cfb195e8682.jpg,adaptive cross-split feature contrast; not independent validation
discordant,9,0324,0389,0.7449222207069397,0.5105071663856506,0324,RGB,9e0c1eafba71edbb1c6e16644131f86fabc2330691c7abfd7b54041928d6d68d,raw_XBAT+_v1.0_RGB_train.zip,raw_XBAT+_v1.0_RGB_train/train_data/images/0324_jpg.rf.94bea0dbdd22aa2dccea662d3addf4ea.jpg,adaptive cross-split feature contrast; not independent validation
discordant,9,0324,0389,0.7449222207069397,0.5105071663856506,0389,RGB,359867f9147030c15c19724829f05292f59bb63b4e4e939640c09554119b34c4,raw_XBAT+_v1.0_RGB_test.zip,raw_XBAT+_v1.0_RGB_test/test_data/images/0389_jpg.rf.21f874df9f1f076f0eeb521776acf355.jpg,adaptive cross-split feature contrast; not independent validation
discordant,9,0324,0389,0.7449222207069397,0.5105071663856506,0324,HQ,4cf7c2d9bd896e80ff5cda4a3733aa54a361f09e7bed7c6dd6e9655cba69ea4c,raw_XBAT+_v1.0_HQ_train.zip,raw_XBAT+_v1.0_HQ_train/train_data/images/0324_20_56_T_bmp.rf.d3ebb7254ecb462c4ce879fe1a6c45eb.jpg,adaptive cross-split feature contrast; not independent validation
discordant,9,0324,0389,0.7449222207069397,0.5105071663856506,0389,HQ,ea8245fe1f0dc5168f53f51f694ea0dba6c3a127bdc46297640e4cdd5a38e1c0,raw_XBAT+_v1.0_HQ_test.zip,raw_XBAT+_v1.0_HQ_test/test_data/images/0389_20_56_T_bmp.rf.3168fef7aeb3946eef9ec9f7cbe792ce.jpg,adaptive cross-split feature contrast; not independent validation
discordant,4,0265,0164,0.8357672691345215,0.6015470027923584,0265,RGB,cf1696beef39a1ffa59e93f264eb7f9f44ffbbdc145c4ba448156c5a511c50eb,raw_XBAT+_v1.0_RGB_train.zip,raw_XBAT+_v1.0_RGB_train/train_data/images/0265_s_jpg.rf.9bfc6bb0ecc7276fa5d7a8cdbdf86e1a.jpg,adaptive cross-split feature contrast; not independent validation
discordant,4,0265,0164,0.8357672691345215,0.6015470027923584,0164,RGB,d12cf5afe5234e7387cbe73c8fca0589240314f4fece8d2263ba43ed6ea1f9cc,raw_XBAT+_v1.0_RGB_test.zip,raw_XBAT+_v1.0_RGB_test/test_data/images/0164_jpg.rf.489bf1bb3493eced6362a5113115b6be.jpg,adaptive cross-split feature contrast; not independent validation
discordant,4,0265,0164,0.8357672691345215,0.6015470027923584,0265,HQ,54e50f03bbfacd2cf530876e6ba0a44e0a8d04e98298e6986c0841ff938220e3,raw_XBAT+_v1.0_HQ_train.zip,raw_XBAT+_v1.0_HQ_train/train_data/images/0265_20_56_S_bmp.rf.b1eb0ae60cf06bf56be68b4f24c24075.jpg,adaptive cross-split feature contrast; not independent validation
discordant,4,0265,0164,0.8357672691345215,0.6015470027923584,0164,HQ,41292f7e61d81bd13cfacc38349bdd0002f44b6fabfbcdb61391a7510375b9eb,raw_XBAT+_v1.0_HQ_test.zip,raw_XBAT+_v1.0_HQ_test/test_data/images/0164_20_56_S_bmp.rf.9aec6a84cbdddc248159b9dc514b08a0.jpg,adaptive cross-split feature contrast; not independent validation
discordant,11,0436,0298,0.7892741560935974,0.5583490133285522,0436,RGB,66912846563ea44de3be01d9a948ccd704a7fbee1d3d838cb54e5cce0efc6513,raw_XBAT+_v1.0_RGB_train.zip,raw_XBAT+_v1.0_RGB_train/train_data/images/0436_s_jpg.rf.58d0acc9c7bff513cf766e27b4130230.jpg,adaptive cross-split feature contrast; not independent validation
discordant,11,0436,0298,0.7892741560935974,0.5583490133285522,0298,RGB,605fcba561ed6f5e39adda943f5a9012109ec65dcfd22c87f97f1adef8c7a496,raw_XBAT+_v1.0_RGB_test.zip,raw_XBAT+_v1.0_RGB_test/test_data/images/0298_s_jpg.rf.18350434a1f78ce3eb382cae76345143.jpg,adaptive cross-split feature contrast; not independent validation
discordant,11,0436,0298,0.7892741560935974,0.5583490133285522,0436,HQ,dd6c1b719e37819340e6eb09422e15c378fa0e6be59ce4c383f0aeb51d80ee67,raw_XBAT+_v1.0_HQ_train.zip,raw_XBAT+_v1.0_HQ_train/train_data/images/0436_20_56_S_bmp.rf.f17fde0cfe64601c7f69472042a1b7c6.jpg,adaptive cross-split feature contrast; not independent validation
discordant,11,0436,0298,0.7892741560935974,0.5583490133285522,0298,HQ,a6164d95c042a21603e29fda2dbca0c13e2d728b1458c9d80a23858a57a2f390,raw_XBAT+_v1.0_HQ_test.zip,raw_XBAT+_v1.0_HQ_test/test_data/images/0298_20_56_S_bmp.rf.1f0a280aef73a547804f6f299a96126f.jpg,adaptive cross-split feature contrast; not independent validation
discordant,6,0136,0135,0.7488201856613159,0.5300050377845764,0136,RGB,016a2676aa9376620cdad409d44d9b3674aa1825655e518c89b734893ac0a16c,raw_XBAT+_v1.0_RGB_train.zip,raw_XBAT+_v1.0_RGB_train/train_data/images/0136_s_jpg.rf.6c3154e12d3ace19486774291007855e.jpg,adaptive cross-split feature contrast; not independent validation
discordant,6,0136,0135,0.7488201856613159,0.5300050377845764,0135,RGB,8efd92f7ae77e68d6f497987c4237aaf764a06dcb37525355b3ab66475f04047,raw_XBAT+_v1.0_RGB_test.zip,raw_XBAT+_v1.0_RGB_test/test_data/images/0135_s_jpg.rf.91430198f23680ac42c593e4cf91693b.jpg,adaptive cross-split feature contrast; not independent validation
discordant,6,0136,0135,0.7488201856613159,0.5300050377845764,0136,HQ,1a9be79c4a0c1f611edc92d578c27d335ed2d9e4e74dcf5650bf1b12fb0e1268,raw_XBAT+_v1.0_HQ_train.zip,raw_XBAT+_v1.0_HQ_train/train_data/images/0136_20_81_S_bmp.rf.b9eb95831231264c758d8d955f69eaec.jpg,adaptive cross-split feature contrast; not independent validation
discordant,6,0136,0135,0.7488201856613159,0.5300050377845764,0135,HQ,06efc38dc05590aebca0006bfe0445b7babbaaee8aa5c0d1a338484d27efc95d,raw_XBAT+_v1.0_HQ_test.zip,raw_XBAT+_v1.0_HQ_test/test_data/images/0135_20_56_S_bmp.rf.bc0ee1c9c537508496e557bec3a27547.jpg,adaptive cross-split feature contrast; not independent validation
discordant,8,0375,0391,0.7738997340202332,0.5551156401634216,0375,RGB,dc7e121ad9df6e39ee47331bc63a7108bfd0bb50bb8de7d063a3fecec2b9c0a2,raw_XBAT+_v1.0_RGB_train.zip,raw_XBAT+_v1.0_RGB_train/train_data/images/0375_s_jpg.rf.2825f1dfbb0f6680e8bbf16aaa3be553.jpg,adaptive cross-split feature contrast; not independent validation
discordant,8,0375,0391,0.7738997340202332,0.5551156401634216,0391,RGB,cf92b85ecf908a0c0f91c8c91cf8408327cde90febbcb91b1dba1ce57be44b8d,raw_XBAT+_v1.0_RGB_test.zip,raw_XBAT+_v1.0_RGB_test/test_data/images/0391_s_jpg.rf.b11c8c6301ff71aa2ce8fa9faa2abbe1.jpg,adaptive cross-split feature contrast; not independent validation
discordant,8,0375,0391,0.7738997340202332,0.5551156401634216,0375,HQ,fd7df1238b6a9623960c22504bb1d72def48f6283f340cc8d9dcc36158571c15,raw_XBAT+_v1.0_HQ_train.zip,raw_XBAT+_v1.0_HQ_train/train_data/images/0375_20_56_S_bmp.rf.0067403f1c903c0cb77df2401afca617.jpg,adaptive cross-split feature contrast; not independent validation
discordant,8,0375,0391,0.7738997340202332,0.5551156401634216,0391,HQ,e5b5c2c5aa5d2504484a8100bf8b04097b3200792e8834abbc7a40917c38ad44,raw_XBAT+_v1.0_HQ_test.zip,raw_XBAT+_v1.0_HQ_test/test_data/images/0391_20_56_S_bmp.rf.df2042f925496f7d4ef0dd9ca9f0a87d.jpg,adaptive cross-split feature contrast; not independent validation
discordant,11,0431,0376,0.8062922954559326,0.6043134927749634,0431,RGB,3be37571aa6112f3093967414952e5507f1ff638e115b62fd27b509dcb2d1a6c,raw_XBAT+_v1.0_RGB_train.zip,raw_XBAT+_v1.0_RGB_train/train_data/images/0431_s_jpg.rf.e0c34887a8b3d5c6ee11b6b12672a558.jpg,adaptive cross-split feature contrast; not independent validation
discordant,11,0431,0376,0.8062922954559326,0.6043134927749634,0376,RGB,159c72d56c2f421470524350709c5a9fbcca5f71f8edcefbaf414f8336f5449c,raw_XBAT+_v1.0_RGB_test.zip,raw_XBAT+_v1.0_RGB_test/test_data/images/0376_s_jpg.rf.8c04df7ebd858148b22dd6e8b8afe8af.jpg,adaptive cross-split feature contrast; not independent validation
discordant,11,0431,0376,0.8062922954559326,0.6043134927749634,0431,HQ,b9797dbd6568c10989d8dcf391b06582c3c58e8b6e074bf613994d7785ee1ad3,raw_XBAT+_v1.0_HQ_train.zip,raw_XBAT+_v1.0_HQ_train/train_data/images/0431_20_56_S_bmp.rf.d5744e1517a2f0ce270da3d0f6a9af80.jpg,adaptive cross-split feature contrast; not independent validation
discordant,11,0431,0376,0.8062922954559326,0.6043134927749634,0376,HQ,0e9927fb2dbe98a90f4877c3693d6edf4b603e241db02fe3a981c211f45a87ab,raw_XBAT+_v1.0_HQ_test.zip,raw_XBAT+_v1.0_HQ_test/test_data/images/0376_20_56_S_bmp.rf.055c0cd77805fd934daee5ffb965d240.jpg,adaptive cross-split feature contrast; not independent validation
discordant,9,0251,0129,0.7464527487754822,0.5490601062774658,0251,RGB,aede6727138d6ec153df54966499e71fe92ebb4cd1697a702679999e4fe24b18,raw_XBAT+_v1.0_RGB_train.zip,raw_XBAT+_v1.0_RGB_train/train_data/images/0251_jpg.rf.ac55751e1f9fea888b4d460db3eb3c26.jpg,adaptive cross-split feature contrast; not independent validation
discordant,9,0251,0129,0.7464527487754822,0.5490601062774658,0129,RGB,af6bb8a6b31b6a985e787605f27e2a84c6cdfb89bf35d82d14c74d2b053b8e50,raw_XBAT+_v1.0_RGB_test.zip,raw_XBAT+_v1.0_RGB_test/test_data/images/0129_jpg.rf.b156581c11bc6b68c7287bd70c2dd423.jpg,adaptive cross-split feature contrast; not independent validation
discordant,9,0251,0129,0.7464527487754822,0.5490601062774658,0251,HQ,1612da792c7587df5a02b5a485fccac8f0942b62a5d108d2e7817769ec45edbd,raw_XBAT+_v1.0_HQ_train.zip,raw_XBAT+_v1.0_HQ_train/train_data/images/0251_20_66_T_bmp.rf.87103769c6cdde8fc2bdece12932d75b.jpg,adaptive cross-split feature contrast; not independent validation
discordant,9,0251,0129,0.7464527487754822,0.5490601062774658,0129,HQ,068cdafb20e1b257400ec3c71cdf1682fc910eb8b7fb26c936f8fa4eb9375bd1,raw_XBAT+_v1.0_HQ_test.zip,raw_XBAT+_v1.0_HQ_test/test_data/images/0129_20_56_T_bmp.rf.8f7d047ead2c56091b53e9861194bf5a.jpg,adaptive cross-split feature contrast; not independent validation
discordant,1,0476,0285,0.8025696873664856,0.6394132971763611,0476,RGB,0c22ba632c262d80662ad42540c1f380cd3b4c206bfae82cfb57167ba8ec6675,raw_XBAT+_v1.0_RGB_train.zip,raw_XBAT+_v1.0_RGB_train/train_data/images/0476_S_jpg.rf.796ad0c46ef9034c3bf3750e84956b51.jpg,adaptive cross-split feature contrast; not independent validation
discordant,1,0476,0285,0.8025696873664856,0.6394132971763611,0285,RGB,1909f442e988ccbcb67ed10898ac45e787f19d41a9ff3eb586765b24fc26a046,raw_XBAT+_v1.0_RGB_test.zip,raw_XBAT+_v1.0_RGB_test/test_data/images/0285_S_jpg.rf.71b49a52327df7eb3df6fd3cd32b9a62.jpg,adaptive cross-split feature contrast; not independent validation
discordant,1,0476,0285,0.8025696873664856,0.6394132971763611,0476,HQ,4657d28062ed25a1d98d61599de5b9f4af7ff2b7f34b8f683f79be354f43b99c,raw_XBAT+_v1.0_HQ_train.zip,raw_XBAT+_v1.0_HQ_train/train_data/images/0476_20_66_S_bmp.rf.6dc03560adc8529fdc4b4b4d74566c24.jpg,adaptive cross-split feature contrast; not independent validation
discordant,1,0476,0285,0.8025696873664856,0.6394132971763611,0285,HQ,8a03ddbf8d02c0f7a0a9454aa35a5565bb9dd9f0c2fd0e551cc6d76e5bf317e6,raw_XBAT+_v1.0_HQ_test.zip,raw_XBAT+_v1.0_HQ_test/test_data/images/0285_20_86_S_bmp.rf.5b5f72e59a3af0df96d90c06dec03057.jpg,adaptive cross-split feature contrast; not independent validation
agreement_control,7,0441,0408,0.9057575464248657,0.9550246000289917,0441,RGB,4440b3ff466702c901bbdc44705acb46b81eda5aa40d13634eda1eb144f5501f,raw_XBAT+_v1.0_RGB_train.zip,raw_XBAT+_v1.0_RGB_train/train_data/images/0441_S_jpg.rf.d517cf8936a0e50b089fb6291d9ff086.jpg,adaptive cross-split feature contrast; not independent validation
agreement_control,7,0441,0408,0.9057575464248657,0.9550246000289917,0408,RGB,1ef7fbcec5c04b4843b4543ca4ebe0194abd57b5706cd2fab1631a5a71b36331,raw_XBAT+_v1.0_RGB_test.zip,raw_XBAT+_v1.0_RGB_test/test_data/images/0408_S_jpg.rf.2fa9d7612741bd76cb318921983d3d1e.jpg,adaptive cross-split feature contrast; not independent validation
agreement_control,7,0441,0408,0.9057575464248657,0.9550246000289917,0441,HQ,7cc2eec5047f61058f542e2f53584f4265a18ca4c33afc1408ca3606aa449547,raw_XBAT+_v1.0_HQ_train.zip,raw_XBAT+_v1.0_HQ_train/train_data/images/0441_20_56_S_bmp.rf.007efe7143c3c50403932d5058df0635.jpg,adaptive cross-split feature contrast; not independent validation
agreement_control,7,0441,0408,0.9057575464248657,0.9550246000289917,0408,HQ,876f023aebec5a8e2761d28c32bc2e8aa9302df6f83f4586009779fc8317e4ca,raw_XBAT+_v1.0_HQ_test.zip,raw_XBAT+_v1.0_HQ_test/test_data/images/0408_20_56_S_bmp.rf.1ed10eb660f3b34180c25d127a7441df.jpg,adaptive cross-split feature contrast; not independent validation
agreement_control,5,0573,0306,0.8795230388641357,0.9046686887741089,0573,RGB,e5887075c93aea2f978e3728d7cb24d5da7752aa413fa50d6989aac7a652a3db,raw_XBAT+_v1.0_RGB_train.zip,raw_XBAT+_v1.0_RGB_train/train_data/images/0573_s_jpg.rf.4922e007dd284b17297157a2e3bf29b0.jpg,adaptive cross-split feature contrast; not independent validation
agreement_control,5,0573,0306,0.8795230388641357,0.9046686887741089,0306,RGB,209451f4be153b6fb8f8e244c61b4d1debb1292c34f35aabf4b2ad88045c8cda,raw_XBAT+_v1.0_RGB_test.zip,raw_XBAT+_v1.0_RGB_test/test_data/images/0306_s_jpg.rf.11d95a1b1f0f497e81f5fbd32b60b011.jpg,adaptive cross-split feature contrast; not independent validation
agreement_control,5,0573,0306,0.8795230388641357,0.9046686887741089,0573,HQ,1f6fbaeda8a407eb830db270691bde7693cecf78fd533019b8a725dbaf668f58,raw_XBAT+_v1.0_HQ_train.zip,raw_XBAT+_v1.0_HQ_train/train_data/images/0573_20_56_S_bmp.rf.4d7dbeec851519b3137c6f7028b963a3.jpg,adaptive cross-split feature contrast; not independent validation
agreement_control,5,0573,0306,0.8795230388641357,0.9046686887741089,0306,HQ,68b9651d1d1ad4152239da532a828235cd6e4811e6b6b5e4df442bcd461d129f,raw_XBAT+_v1.0_HQ_test.zip,raw_XBAT+_v1.0_HQ_test/test_data/images/0306_20_56_S_bmp.rf.e51405178025e01960eb3073f37e540c.jpg,adaptive cross-split feature contrast; not independent validation
agreement_control,1,0206,0273,0.8789149522781372,0.9108734130859375,0206,RGB,e47daeb5fbca51da8ed7e6021e5a471ca759aee8761abd289285ebdef571bc6f,raw_XBAT+_v1.0_RGB_train.zip,raw_XBAT+_v1.0_RGB_train/train_data/images/0206_S_jpg.rf.62ce85107aa93cc9f041ef894424bce4.jpg,adaptive cross-split feature contrast; not independent validation
agreement_control,1,0206,0273,0.8789149522781372,0.9108734130859375,0273,RGB,0b486b765829a3b9009b4de86a3eb2c01ca5788672cf81e32de79f1534141a29,raw_XBAT+_v1.0_RGB_test.zip,raw_XBAT+_v1.0_RGB_test/test_data/images/0273_S_jpg.rf.5ccde87d8b210fbd1aac306fd4cd033a.jpg,adaptive cross-split feature contrast; not independent validation
agreement_control,1,0206,0273,0.8789149522781372,0.9108734130859375,0206,HQ,5fd8261314c4928eb519ce6037a77a9aaf58d5dbadd1545d12f62aaf03b0772e,raw_XBAT+_v1.0_HQ_train.zip,raw_XBAT+_v1.0_HQ_train/train_data/images/0206_20_66_S_bmp.rf.a4cfa8e5829b934678f000ae6b9a9dd4.jpg,adaptive cross-split feature contrast; not independent validation
agreement_control,1,0206,0273,0.8789149522781372,0.9108734130859375,0273,HQ,084d093fefacc37620fa5ce5dbec101fc36712ff9faf7ea23781e6fe118e3e33,raw_XBAT+_v1.0_HQ_test.zip,raw_XBAT+_v1.0_HQ_test/test_data/images/0273_20_76_S_bmp.rf.d3a06236cfa24870d25613fb8233a3f2.jpg,adaptive cross-split feature contrast; not independent validation
agreement_control,4,0035,0077,0.8761035203933716,0.9066269397735596,0035,RGB,bcd9841a48e5c2f8417c58725bcc7c7e1685aa2e138c0275b5585e14fb967afd,raw_XBAT+_v1.0_RGB_train.zip,raw_XBAT+_v1.0_RGB_train/train_data/images/0035_jpg.rf.6710bcead4414cced7925846ac032613.jpg,adaptive cross-split feature contrast; not independent validation
agreement_control,4,0035,0077,0.8761035203933716,0.9066269397735596,0077,RGB,8bb6f5da714e39394bc6a7336c2af0d6e176a6d63cde1f4d2ee792081d4746d4,raw_XBAT+_v1.0_RGB_test.zip,raw_XBAT+_v1.0_RGB_test/test_data/images/0077_jpg.rf.ca1fa62b184524f51fd6e1455ee90e9b.jpg,adaptive cross-split feature contrast; not independent validation
agreement_control,4,0035,0077,0.8761035203933716,0.9066269397735596,0035,HQ,3c7f8c79731e6a12881a6a976cc4c924c919a1d819a2e1f81dd9c0a9874e83ae,raw_XBAT+_v1.0_HQ_train.zip,raw_XBAT+_v1.0_HQ_train/train_data/images/0035_20_70_T_bmp.rf.aaef6015083c1da7bcccc0c6f3f698b1.jpg,adaptive cross-split feature contrast; not independent validation
agreement_control,4,0035,0077,0.8761035203933716,0.9066269397735596,0077,HQ,d5e776294106d0756ac8ee9ebb312847458dee3f855cf60a0bb8274944ae3989,raw_XBAT+_v1.0_HQ_test.zip,raw_XBAT+_v1.0_HQ_test/test_data/images/0077_20_56_T_bmp.rf.d969dbfaf51389171e341cfb195e8682.jpg,adaptive cross-split feature contrast; not independent validation
