region_id,proposal_alignment,semantic_correspondence,claim_interpretation,failure_mode,adjudication_note
c6ba92b460c49a3f3541611d,good,yes,supported,none,"Mask mengikuti kemasan IC persegi pada papan."
779d90a038df793e11196933,partial,no,unsupported,descriptor_correspondence,"Mask menangkap fragmen modul memori dan label, bukan kemasan IC yang sepadan."
bfd5d9f2583de5749f4a8b36,good,yes,supported,none,"Mask mengikuti komponen IC persegi pada papan rakitan."
3f59fbb636afe9974e0d7249,partial,yes,supported,proposal,"Mask hanya mencakup sebagian zona pecah, tetapi kerusakan fisik terlihat langsung."
983c666b570e578ec9a1021d,partial,ambiguous,requires_narrowing,descriptor_correspondence,"Area terkelupas atau ternoda terlihat, tetapi retak tidak dapat dipastikan dari mask lokal."
ca51fdbced69409e860d5a0c,good,no,unsupported,descriptor_correspondence,"Mask mengikuti isi layar berwarna, bukan kerusakan fisik."
00705657fdf22915cb639426,partial,yes,requires_narrowing,proposal,"Mask memilih bagian panel dengan garis rusak, bukan seluruh kerusakan."
86ee50a59776e56d95d6a022,good,ambiguous,requires_narrowing,descriptor_correspondence,"Mask mengikuti patch gelap pada layar; status kerusakan tidak tegas."
2d747d762dfa09eb47357298,good,no,unsupported,descriptor_correspondence,"Mask mengikuti pantulan atau patch gelap tanpa bukti garis panel rusak."
03475001f6da1b8f5486cc32,good,ambiguous,requires_narrowing,interpretation,"Perangkat tampak retak, tetapi mask memilih patch layar gelap dan bukan garis retaknya."
ee5180145ba45fae9967967d,good,ambiguous,requires_narrowing,interpretation,"Konteks layar retak terlihat; region yang dibandingkan adalah patch gelap lokal."
d5ad0c6315af8aa355f5fd9b,good,ambiguous,requires_narrowing,interpretation,"Konteks layar retak terlihat; mask tidak mengisolasi retakan."
3c924a774442d2f716fe2dda,good,yes,supported,none,"Mask mengikuti papan sirkuit di dalam tumpukan perangkat."
53a830da7d5d5857a18c677b,partial,yes,requires_narrowing,proposal,"Mask mencakup papan beserta bagian rakitan putih di sekitarnya."
c83d346d76d734b76f6a786d,good,no,unsupported,descriptor_correspondence,"Mask mengikuti blok logam atau kumparan, bukan papan sirkuit."
159a4d55eea8a962f0070170,partial,yes,requires_narrowing,proposal,"Mask memilih bagian pusat papan terpopulasi, bukan keseluruhan papan."
1ebe514e1c136ca98548dbf4,good,ambiguous,requires_narrowing,descriptor_correspondence,"Mask memilih komponen kecil pada papan; permukaan papan hanya konteks."
31774f01633646474f5a5e94,good,yes,supported,none,"Mask mengikuti patch permukaan papan terpopulasi."
fa4fb74b8d1014a028f99bcf,good,yes,supported,none,"Mask mengikuti blok pola uji warna pada layar datar."
4c1737deac270961848b32d8,good,yes,supported,none,"Mask mengikuti blok pola uji warna pada layar CRT."
2735634d19d280d8a58a1abf,good,yes,supported,none,"Mask mengikuti terminal positif baterai silinder."
e6f6106d92366e8fe2b53e8a,good,ambiguous,requires_narrowing,interpretation,"Mask lebih banyak mengikuti badan silinder daripada terminal positif."
cc35eb9399dddca67c81516f,good,yes,supported,none,"Mask mengikuti konektor kabel berwarna krem."
2b374f040186b010f3d6da67,good,yes,requires_narrowing,source_redundancy,"Region cocok, tetapi foto hampir identik dengan contoh pertama sehingga bukan dukungan independen."
10997875b6fef83b1d999c54,good,no,unsupported,descriptor_correspondence,"Mask mengikuti area gosong atau komponen gelap, bukan pad dan kontak."
fd15e42ff8ace7e3f0e7750b,good,no,unsupported,descriptor_correspondence,"Mask mengikuti komponen gelap pada papan, bukan pad dan kontak."
2cc1130cd2ba94c955038860,good,yes,supported,none,"Mask mengikuti papan dengan pad dan jalur yang terlihat."
e9a8eda92021e70198bc38de,good,yes,supported,none,"Mask mengikuti tepi papan dengan pad dan jalur."
53d41cb14925964ac4ed0797,partial,yes,requires_narrowing,proposal,"Mask mencakup bagian mekanisme pencetak beserta latar terdekat."
e3e23f7755c4cf01ff2a0e73,good,ambiguous,requires_narrowing,descriptor_correspondence,"Mask mengikuti bagian perangkat pada tumpukan; identitas mekanisme pencetak tidak tegas."
897455b3fb3a1b604e3f9152,good,yes,requires_narrowing,interpretation,"Visual label atau bidang atas baterai valid, tetapi bukan bukti konfigurasi komponen."
060639f7a778b35c22243760,good,yes,requires_narrowing,interpretation,"Mask mengikuti label baterai; hubungan diperantarai grafis permukaan."
083502f66c91f464ea6dca5b,good,yes,requires_narrowing,interpretation,"Mask mengikuti blok teks pada badan baterai; klaim harus tetap pada tampilan permukaan."
b29665330912027b11d26d4c,good,yes,requires_narrowing,interpretation,"Mask mengikuti isi panel rusak; keluarga tidak boleh disebut kondisi fisik tanpa inspeksi."
140b2697eb81e5c95b352b1f,good,yes,requires_narrowing,interpretation,"Mask mengikuti figur pada tayangan televisi; ini isi layar."
fe4fa27241d5a1aa237e2a18,good,yes,requires_narrowing,interpretation,"Mask mengikuti blok antarmuka; ini isi layar dan bukan keadaan perangkat."
d2e255992690189210988b1b,good,yes,requires_narrowing,interpretation,"Mask mengikuti gambar pada lembar cetak; bukan mekanisme pencetak."
e68ff300365143efd33e8c3b,good,yes,requires_narrowing,interpretation,"Mask mengikuti gambar pada layar kecil pencetak; bukan komponen internal."
eed429d3c88056f2403bb76b,good,yes,requires_narrowing,interpretation,"Mask mengikuti grafis siaran pada layar; koherensi berasal dari konten gambar."
48a6b669e1f01f612365c8a5,good,yes,requires_narrowing,interpretation,"Mask mengikuti bidang hitam di sudut foto; pola merupakan komposisi adegan."
bd6bd679a50c8fbadd59d6f9,good,yes,requires_narrowing,interpretation,"Mask mengikuti sudut hitam di dekat perangkat; bukan bagian perangkat yang sama."
f4c9b37cd6662a299070b050,good,yes,requires_narrowing,interpretation,"Mask mengikuti bingkai layar hitam; kesamaan terutama warna dan posisi."
