source_image_id,target_image_id,phash_hamming,dino_cosine,source_relative_path,target_relative_path,identity_status
f22ee325f0128795,83bf050dd71aa105,0,0.999785304069519,1_Electronic/Player_102.jpg,1_Electronic/Player_243.jpg,candidate_unreviewed
a145050d46eaeb7f,7f40117646d3155e,0,0.9997340440750122,1_Electronic/2729458.jpg,1_Electronic/device-recycling.jpg,candidate_unreviewed
cbd5b5e474717b64,3aeb311fe06de2bb,0,0.9993215203285217,1_Electronic/Player_162.jpg,1_Electronic/Player_203.jpg,candidate_unreviewed
535f0b67af261014,074144d5217ca094,0,0.9991137981414795,1_Electronic/17.e-waste.jpeg,1_Electronic/E-Waste.jpeg,candidate_unreviewed
df92cd903eb479a6,c5ac96441e268b2c,0,0.9990178346633911,1_Electronic/19.ded708777c311eecc141cc1809ad9be7.jpg,1_Electronic/ded708777c311eecc141cc1809ad9be7.jpg,candidate_unreviewed
684553e8b953ae02,f3271a43cce44be6,0,0.9989989995956421,1_Electronic/Player_119.jpg,1_Electronic/Player_26.jpg,candidate_unreviewed
3bcb964903d0468e,0f9ee942a5cc81e3,0,0.998781681060791,1_Electronic/Player_21.jpg,1_Electronic/Player_98.jpg,candidate_unreviewed
3a29a5c82d46759d,62a2f8e0c31fdee8,0,0.9986773133277893,1_Electronic/Player_171.jpg,1_Electronic/Player_177.jpg,candidate_unreviewed
e799029bcd87f90d,664ef0e2f89b8070,0,0.9985626339912415,1_Electronic/Microwave_202.jpg,1_Electronic/Microwave_70.jpg,candidate_unreviewed
3e3b73a087c80b57,cc9afe2ff83cfa5e,0,0.9984802603721619,1_Electronic/Microwave_166.jpg,1_Electronic/Microwave_188.jpg,candidate_unreviewed
3f92be14fe762716,e0f5eba09baa9f2e,0,0.9982744455337524,1_Electronic/pcb_173.jpg,1_Electronic/pcb_194.jpg,candidate_unreviewed
988d0a65258a62d6,2c816fc13ab775fb,0,0.9981845617294312,1_Electronic/Player_218.jpg,1_Electronic/Player_229.jpg,candidate_unreviewed
ae7a28deea5c15e0,e81e652e0da88900,0,0.9976938962936401,1_Electronic/Player_132.jpg,1_Electronic/Player_179.jpg,candidate_unreviewed
0cedb23ecd3a9805,35843c3704f226c0,0,0.9971256852149963,1_Electronic/Player_157.jpg,1_Electronic/Player_199.jpg,candidate_unreviewed
53d2c33b5ad3415a,e5e2b36968f9484e,0,0.9963335990905762,1_Electronic/Player_22.jpg,1_Electronic/Player_279.jpg,candidate_unreviewed
777bea8508303f2f,41243c39667849ae,0,0.9944747686386108,1_Electronic/71201187C8802D88C35733675E169F6B.jpg,1_Electronic/fff.jpg,candidate_unreviewed
514a7ff49e6d2e8a,621e1e4d5d8d1e63,0,0.9940129518508911,1_Electronic/pcb_34.jpg,1_Electronic/pcb_82.jpg,candidate_unreviewed
416eb5866d1c187d,514a7ff49e6d2e8a,0,0.9931961894035339,1_Electronic/pcb_145.jpg,1_Electronic/pcb_34.jpg,candidate_unreviewed
416eb5866d1c187d,621e1e4d5d8d1e63,0,0.9929618835449219,1_Electronic/pcb_145.jpg,1_Electronic/pcb_82.jpg,candidate_unreviewed
ef8b89a50f3c2833,390208adde68a03c,0,0.9912925362586975,1_Electronic/627(1).jpeg,1_Electronic/627.jpeg,candidate_unreviewed
bfe218259ac290d5,9dfe166d8fd5c64b,0,0.9910874366760254,1_Electronic/11.image-23.png,1_Electronic/13.image-23.png,candidate_unreviewed
dc8d83ca030b0be7,31dab0ef087000ac,0,0.9886102080345154,1_Electronic/Microwave_102.jpg,1_Electronic/Microwave_77.jpg,candidate_unreviewed
41b9cf49100e65d5,a73cb092318f3823,0,0.9868212938308716,1_Electronic/66.1a2f170866294b7159b8784e8ec00f95.png,1_Electronic/e-waste-889x667.jpg,candidate_unreviewed
441617de89505709,ed704744c6ad9e5e,0,0.9832292795181274,1_Electronic/Television_266.jpg,1_Electronic/Television_72.jpg,candidate_unreviewed
eb454d18361621e1,0e3a0125a0545a32,0,0.9781256318092346,1_Electronic/14.jpeg,1_Electronic/Keyboard_16.jpg,candidate_unreviewed
f2ed19ba63a9c4e9,a1fe813a69e2005d,0,0.973069965839386,1_Electronic/633.jpeg,1_Electronic/Television_122.jpg,candidate_unreviewed
3eb36f940723ab45,c7c36a438379c458,0,0.9693644642829895,1_Electronic/626.jpeg,1_Electronic/Television_115.jpg,candidate_unreviewed
1c4d257c129cbb28,189a892835ab045c,0,0.9688401818275452,1_Electronic/604.jpeg,1_Electronic/Television_94.jpg,candidate_unreviewed
bfe218259ac290d5,7f40117646d3155e,0,0.9657638669013977,1_Electronic/11.image-23.png,1_Electronic/device-recycling.jpg,candidate_unreviewed
bfe218259ac290d5,a145050d46eaeb7f,0,0.9655294418334961,1_Electronic/11.image-23.png,1_Electronic/2729458.jpg,candidate_unreviewed
6a6af8ffe6f3aef3,d475b019227de332,0,0.9649985432624817,1_Electronic/901.jpeg,1_Electronic/Television_91.jpg,candidate_unreviewed
12ef8912b7481d20,04ad633e53c3d009,0,0.963688313961029,1_Electronic/478.jpg,1_Electronic/Mobile_27.jpg,candidate_unreviewed
1201b75999dbde17,30938959a3f46e55,0,0.9629038572311401,1_Electronic/456.jpeg,1_Electronic/Mobile_5.jpg,candidate_unreviewed
97ba361dcbd0c278,36f0898633528c24,0,0.962526261806488,1_Electronic/27.jpeg,1_Electronic/Keyboard_48.jpg,candidate_unreviewed
57c446e85d364d11,3cc6c531206c2fb4,0,0.9619245529174805,1_Electronic/Television_251.jpg,1_Electronic/Television_42.jpg,candidate_unreviewed
637620ff81c6b3b9,d273627be025fcf0,0,0.9614608287811279,1_Electronic/619.jpeg,1_Electronic/Television_108.jpg,candidate_unreviewed
a673bd9841aca044,14926d80ebf4b2f1,0,0.9605194926261902,1_Electronic/621.jpeg,1_Electronic/Television_110.jpg,candidate_unreviewed
f1ac929bacde2227,4efea2b46f3f1765,0,0.9599065780639648,1_Electronic/568.jpg,1_Electronic/Mobile_117.jpg,candidate_unreviewed
390208adde68a03c,79129807ed3d04fb,0,0.9598822593688965,1_Electronic/627.jpeg,1_Electronic/Television_116.jpg,candidate_unreviewed
f7ae65e87d3c8f6a,717890cf1e4e9113,0,0.9576178789138794,1_Electronic/479.jpg,1_Electronic/Mobile_28.jpg,candidate_unreviewed
672ecfbf7337a83a,571834c56ff35940,0,0.955854594707489,1_Electronic/782.jpeg,1_Electronic/Mouse_12.jpg,candidate_unreviewed
434fc37727bf95fd,a95dbfb5e66ab2b5,0,0.955758273601532,1_Electronic/611.jpeg,1_Electronic/Television_101.jpg,candidate_unreviewed
9730eb723858d653,715c56303b0850f8,0,0.9557056427001953,1_Electronic/564.jpg,1_Electronic/Mobile_113.jpg,candidate_unreviewed
058dde0c4f4c4e38,f09998298bae2024,0,0.9550917148590088,1_Electronic/628.jpeg,1_Electronic/Television_117.jpg,candidate_unreviewed
1adf90d6220369bb,050cffd0de47e299,0,0.954208493232727,1_Electronic/567.jpg,1_Electronic/Mobile_116.jpg,candidate_unreviewed
ef8b89a50f3c2833,79129807ed3d04fb,0,0.9535274505615234,1_Electronic/627(1).jpeg,1_Electronic/Television_116.jpg,candidate_unreviewed
9373e362ca1dadfb,6d38b7d06b3e4482,0,0.9532545804977417,1_Electronic/618.jpeg,1_Electronic/Television_107.jpg,candidate_unreviewed
3c7818b2a8714059,b04a6c8d6feb5bbb,0,0.9530439376831055,1_Electronic/531.jpeg,1_Electronic/Mobile_80.jpg,candidate_unreviewed
f50fc09c1dac6adc,8e090149d9c18aa7,0,0.9519896507263184,1_Electronic/798.jpeg,1_Electronic/Mouse_30.jpg,candidate_unreviewed
882aa3163aab1510,4c872ec681f378bc,0,0.9518148899078369,1_Electronic/629(1).jpeg,1_Electronic/Television_118.jpg,candidate_unreviewed
a5dec4755629662b,47f266a73959cd89,0,0.9514659643173218,1_Electronic/754.jpeg,1_Electronic/Mouse_275.jpg,candidate_unreviewed
a03425d9b267f654,0b315c1b7ab7da24,0,0.9512711763381958,1_Electronic/631.jpeg,1_Electronic/Television_120.jpg,candidate_unreviewed
4a318740fc60ae0c,1ce962f9dc8f2957,0,0.9511403441429138,1_Electronic/24.jpeg,1_Electronic/Keyboard_44.jpg,candidate_unreviewed
10c91899f0700168,81c753aafd7ad1e8,0,0.9502940773963928,1_Electronic/476.jpg,1_Electronic/Mobile_25.jpg,candidate_unreviewed
cd3461a499e82725,ad9010a37c1b0a39,0,0.9501115083694458,1_Electronic/597.jpeg,1_Electronic/Mobile_146.jpg,candidate_unreviewed
dca57dd61be4fd34,28b4daf9a5723046,0,0.9498081803321838,1_Electronic/625.jpeg,1_Electronic/Television_114.jpg,candidate_unreviewed
a19d99ae87738c64,baef16a71979764c,0,0.9497129917144775,1_Electronic/794.jpeg,1_Electronic/Mouse_25.jpg,candidate_unreviewed
870fba664309149e,5b13558e67412204,0,0.9496719241142273,1_Electronic/608.jpeg,1_Electronic/Television_98.jpg,candidate_unreviewed
5b942d57e65105c2,c9a803dbd76c0829,0,0.9495618343353271,1_Electronic/505.jpeg,1_Electronic/Mobile_54.jpg,candidate_unreviewed
a51535d241ffc88b,1ceb7900742dfc63,0,0.9487762451171875,1_Electronic/1.jpeg,1_Electronic/Keyboard_11.jpg,candidate_unreviewed
4e401737fdc7dae9,7c4caa1a6ec79aa8,0,0.9479488134384155,1_Electronic/513.jpg,1_Electronic/Mobile_62.jpg,candidate_unreviewed
ffa6d2496d4dc2d4,3851acce87523d5a,0,0.9467955231666565,1_Electronic/484.jpg,1_Electronic/Mobile_33.jpg,candidate_unreviewed
9dfe166d8fd5c64b,7f40117646d3155e,0,0.945038914680481,1_Electronic/13.image-23.png,1_Electronic/device-recycling.jpg,candidate_unreviewed
9dfe166d8fd5c64b,a145050d46eaeb7f,0,0.9440560936927795,1_Electronic/13.image-23.png,1_Electronic/2729458.jpg,candidate_unreviewed
24c291b7454ab2dd,876e5155337b055f,0,0.9429134130477905,1_Electronic/751.jpeg,1_Electronic/Mouse_272.jpg,candidate_unreviewed
bbfbd676e00261c3,17afc29da3cae938,0,0.9423511624336243,1_Electronic/34.jpeg,1_Electronic/Keyboard_65.jpg,candidate_unreviewed
5fa5348f252e5f44,67f8c8c05a06b93c,0,0.9417273998260498,1_Electronic/637.jpeg,1_Electronic/Television_126.jpg,candidate_unreviewed
2c6ee63afe7eeaf4,53d6095f8872ec6d,0,0.941562831401825,1_Electronic/560.jpg,1_Electronic/Mobile_109.jpg,candidate_unreviewed
75d6bc0ccbef9ae3,04ef0b9255d5e37d,0,0.9412943124771118,1_Electronic/609.jpeg,1_Electronic/Television_99.jpg,candidate_unreviewed
8ee6d7ca196260ab,3b783ce5e7a387e3,0,0.9409413933753967,1_Electronic/788.jpeg,1_Electronic/Mouse_19.jpg,candidate_unreviewed
96eefdc0ef05bd36,aee690409ebdee8b,0,0.9393938779830933,1_Electronic/605.jpeg,1_Electronic/Television_95.jpg,candidate_unreviewed
fec7b2296b2ea417,85bc61261b2e5554,0,0.9387962818145752,1_Electronic/551.jpg,1_Electronic/Mobile_100.jpg,candidate_unreviewed
99739632ed892b70,60dc072bccc014ea,0,0.9371522665023804,1_Electronic/4.jpeg,1_Electronic/Keyboard_74.jpg,candidate_unreviewed
d2b3ed42b56d1330,0c78e8f285601acb,0,0.936435341835022,1_Electronic/522.jpeg,1_Electronic/Mobile_71.jpg,candidate_unreviewed
83c7f4368496cc71,253f2fb6c9a28a1b,0,0.9358776807785034,1_Electronic/472.jpeg,1_Electronic/Mobile_21.jpg,candidate_unreviewed
13162e179cf220f0,7cd86ad9a84f1e83,0,0.9358245730400085,1_Electronic/459.jpeg,1_Electronic/Mobile_8.jpg,candidate_unreviewed
48250492589ec51e,2c22a9ba92b20aa4,0,0.9340000152587891,1_Electronic/Player_289.jpg,1_Electronic/Player_99.jpg,candidate_unreviewed
598ceb49ea06455d,344267630561fc57,0,0.9336812496185303,1_Electronic/778.jpeg,1_Electronic/Mouse_8.jpg,candidate_unreviewed
bb0a91e335edd326,9f8f195881b7e041,0,0.9334861040115356,1_Electronic/503.jpeg,1_Electronic/Mobile_52.jpg,candidate_unreviewed
5ff1ac4bd85c2665,dc4361197bade8a6,0,0.9330152273178101,1_Electronic/517.jpg,1_Electronic/Mobile_66.jpg,candidate_unreviewed
7793ea15ab87a69e,c5a30948bcd6cf85,0,0.932843029499054,1_Electronic/516.jpg,1_Electronic/Mobile_65.jpg,candidate_unreviewed
d03bf88cd40cb284,38026957a8e0cb99,0,0.9323141574859619,1_Electronic/801.jpeg,1_Electronic/Mouse_42.jpg,candidate_unreviewed
21b180d44cfbdeff,41e8ff581f824ef6,0,0.9321653842926025,1_Electronic/545.jpeg,1_Electronic/Mobile_94.jpg,candidate_unreviewed
cbf426a06df7cf45,5d8dacd49042c4fe,0,0.9309120178222656,1_Electronic/783.jpeg,1_Electronic/Mouse_13.jpg,candidate_unreviewed
893b096dc78023c4,ee86329c0fcacda0,0,0.9302147030830383,1_Electronic/556.jpg,1_Electronic/Mobile_105.jpg,candidate_unreviewed
22f803950f129ef3,72b491515f5382f0,0,0.9300591349601746,1_Electronic/607.jpeg,1_Electronic/Television_97.jpg,candidate_unreviewed
18c01448c38c444b,4394bbf82d759423,0,0.9300320148468018,1_Electronic/752.jpeg,1_Electronic/Mouse_273.jpg,candidate_unreviewed
9938b52a038ab9f8,149f8e361d8d600e,0,0.9298061728477478,1_Electronic/539.jpeg,1_Electronic/Mobile_88.jpg,candidate_unreviewed
e317e8409546e174,21bda855ad298cb6,0,0.9293184280395508,1_Electronic/595.jpeg,1_Electronic/Mobile_144.jpg,candidate_unreviewed
6329a28c4558bf19,a76213f2a7c50ca2,0,0.9287513494491577,1_Electronic/575.jpeg,1_Electronic/Mobile_124.jpg,candidate_unreviewed
be01a543d6b86f78,c4ef857d1ca47e39,0,0.9282224178314209,1_Electronic/764.jpeg,1_Electronic/Mouse_287.jpg,candidate_unreviewed
68a4b243fffc29f8,921ebda5943f80d1,0,0.9280834197998047,1_Electronic/620.jpeg,1_Electronic/Television_109.jpg,candidate_unreviewed
e69565c6cb4231cc,be1ed602f214ffee,0,0.9277458190917969,1_Electronic/600.jpeg,1_Electronic/Mobile_149.jpg,candidate_unreviewed
277f8f17d04149e7,d72b73cafed2ac43,0,0.9275891780853271,1_Electronic/634.jpeg,1_Electronic/Television_123.jpg,candidate_unreviewed
85e3cb8ac8561c88,3e469fa01148e12b,0,0.9275220036506653,1_Electronic/537.jpeg,1_Electronic/Mobile_86.jpg,candidate_unreviewed
a698832c0e56afc6,abfb6bb914118233,0,0.9271090030670166,1_Electronic/467.jpeg,1_Electronic/Mobile_16.jpg,candidate_unreviewed
e481a7ca8464e891,f97c1aa19311caf1,0,0.9266489744186401,1_Electronic/464.jpeg,1_Electronic/Mobile_13.jpg,candidate_unreviewed
6a6cac76874b26d3,2175adcc1bfc157f,0,0.926141619682312,1_Electronic/599.jpeg,1_Electronic/Mobile_148.jpg,candidate_unreviewed
0f161a3016d77a35,69aba07fa58b72d0,0,0.9260259866714478,1_Electronic/519.jpeg,1_Electronic/Mobile_68.jpg,candidate_unreviewed
72d005a6c88b59c7,79f5237c4add033b,0,0.9251670241355896,1_Electronic/616.jpeg,1_Electronic/Television_106.jpg,candidate_unreviewed
43119b54231bb2f1,afaa59cf4f96042d,0,0.9244666695594788,1_Electronic/468.jpeg,1_Electronic/Mobile_17.jpg,candidate_unreviewed
5b1f7d5c8ee0a003,99c65b6489f51025,0,0.9244537949562073,1_Electronic/482.jpg,1_Electronic/Mobile_31.jpg,candidate_unreviewed
f9d57e10a8b58a36,4a3dd7179140fd87,0,0.9234349131584167,1_Electronic/574.jpeg,1_Electronic/Mobile_123.jpg,candidate_unreviewed
4f9801e8ac274cb5,4f2e3a3bc74e8d96,0,0.9232434630393982,1_Electronic/35.jpeg,1_Electronic/Keyboard_66.jpg,candidate_unreviewed
9411b84b7ba19680,284d71aa27adfd25,0,0.9216396808624268,1_Electronic/460.jpeg,1_Electronic/Mobile_9.jpg,candidate_unreviewed
da63a3126da76fd5,9be5e0e4fe3b0257,0,0.919235110282898,1_Electronic/557.jpg,1_Electronic/Mobile_106.jpg,candidate_unreviewed
1f878fb57be21042,1b64e3c35a269260,0,0.9190244674682617,1_Electronic/18.jpeg,1_Electronic/Keyboard_22.jpg,candidate_unreviewed
17930e9b565faef0,328009afd9a39deb,0,0.9189156293869019,1_Electronic/7.jpeg,1_Electronic/Keyboard_101.jpg,candidate_unreviewed
45df255dfe9edaa3,6c73d823b447ea02,0,0.9179926514625549,1_Electronic/569.jpg,1_Electronic/Mobile_118.jpg,candidate_unreviewed
71a041c31430cd1f,b1dbe54aac6beae3,0,0.9173384308815002,1_Electronic/554.jpg,1_Electronic/Mobile_103.jpg,candidate_unreviewed
347b6f00e443997c,79f4a2e4a3073c31,0,0.9169583916664124,1_Electronic/544.jpeg,1_Electronic/Mobile_93.jpg,candidate_unreviewed
a6faad93a99ebb30,25397770c3bdde73,0,0.9159824252128601,1_Electronic/562.jpg,1_Electronic/Mobile_111.jpg,candidate_unreviewed
187a2b9a435090c4,3efbac52a6211830,0,0.9150713086128235,1_Electronic/766.jpeg,1_Electronic/Mouse_290.jpg,candidate_unreviewed
0cd46dea4e90460d,5347cf0eb5ed2f22,0,0.913680911064148,1_Electronic/784.jpeg,1_Electronic/Mouse_14.jpg,candidate_unreviewed
d4203c1f6666615e,8be6c92ea30ba42d,0,0.9127020835876465,1_Electronic/610.jpeg,1_Electronic/Television_100.jpg,candidate_unreviewed
a7d5fd713c50a848,492ea061cebe8e5f,0,0.9107881784439087,1_Electronic/469.jpeg,1_Electronic/Mobile_18.jpg,candidate_unreviewed
fb8a653e23019953,ad297c2b41efcaa3,0,0.9107810258865356,1_Electronic/506.jpeg,1_Electronic/Mobile_55.jpg,candidate_unreviewed
321a8eee76258983,f077de6a08cc24b9,0,0.9100983142852783,1_Electronic/549.jpeg,1_Electronic/Mobile_98.jpg,candidate_unreviewed
912da31749a2ab1d,014c869441d4c54c,0,0.9098440408706665,1_Electronic/555.jpg,1_Electronic/Mobile_104.jpg,candidate_unreviewed
4d14fe45dcf91120,4b46b03fec6b833c,0,0.9096897840499878,1_Electronic/585.jpeg,1_Electronic/Mobile_134.jpg,candidate_unreviewed
6aac0aa6c2784f5e,928cb94a7e5854e8,0,0.9095978736877441,1_Electronic/Television_249.jpg,1_Electronic/Television_46.jpg,candidate_unreviewed
a023e513ad2ea571,24405fcccd10bb8b,0,0.9087258577346802,1_Electronic/488.jpeg,1_Electronic/Mobile_37.jpg,candidate_unreviewed
dbcfc38ef9c07945,6eae0e419827a37e,0,0.9085344076156616,1_Electronic/462.jpeg,1_Electronic/Mobile_11.jpg,candidate_unreviewed
8adc201e11114877,d3e33c59f2d8905b,0,0.9059162735939026,1_Electronic/797.jpeg,1_Electronic/Mouse_29.jpg,candidate_unreviewed
bc7891989117aefc,3bb9855be070839c,0,0.904616117477417,1_Electronic/559.jpg,1_Electronic/Mobile_108.jpg,candidate_unreviewed
918b291deac99d9d,4b354777273dd09f,0,0.9033830761909485,1_Electronic/495.jpeg,1_Electronic/Mobile_44.jpg,candidate_unreviewed
fb6870629c25dca6,ea51c6642ea6854d,0,0.903361976146698,1_Electronic/756.jpg,1_Electronic/Mouse_277.jpg,candidate_unreviewed
ad1ba8c7d5699777,7cd87e6e2815760a,0,0.9032957553863525,1_Electronic/592.jpeg,1_Electronic/Mobile_141.jpg,candidate_unreviewed
8eade84d69e3d2dc,acebc40357b0180a,0,0.9029387831687927,1_Electronic/594.jpeg,1_Electronic/Mobile_143.jpg,candidate_unreviewed
db75c3dcce2bffb3,518c49f65d34838c,0,0.9019314646720886,1_Electronic/601.jpeg,1_Electronic/Mobile_150.jpg,candidate_unreviewed
310b93ba7d56b39c,47f9643813998a32,0,0.9018399715423584,1_Electronic/786.jpeg,1_Electronic/Mouse_17.jpg,candidate_unreviewed
906645b0e5e1b3c1,33bb579f585c4151,0,0.9015425443649292,1_Electronic/492.jpeg,1_Electronic/Mobile_41.jpg,candidate_unreviewed
98812cf11faaa41b,119fdceddbbedf3e,0,0.9015082120895386,1_Electronic/477.jpg,1_Electronic/Mobile_26.jpg,candidate_unreviewed
b18a811f7d7e1b5c,fd1654138ff72d2d,0,0.9014950394630432,1_Electronic/590.jpeg,1_Electronic/Mobile_139.jpg,candidate_unreviewed
4c39d715b80713a4,172b87db9c1cd59c,0,0.9011317491531372,1_Electronic/588.jpeg,1_Electronic/Mobile_137.jpg,candidate_unreviewed
065771f965bcfba8,370e2c462c45b5e3,0,0.9010910391807556,1_Electronic/457.jpeg,1_Electronic/Mobile_56.jpg,candidate_unreviewed
ce4c8d80092d11f4,3bf5f6cedf4a9acc,0,0.9007396101951599,1_Electronic/602.jpeg,1_Electronic/Mobile_151.jpg,candidate_unreviewed
4ee964022ec4e6ba,4286e9913d002449,0,0.9002352952957153,1_Electronic/32.jpeg,1_Electronic/Keyboard_63.jpg,candidate_unreviewed
87f159f5a5e87233,a331c050361e9e86,0,0.900057315826416,1_Electronic/11.jpeg,1_Electronic/Keyboard_13.jpg,candidate_unreviewed
82366cbfe10d351d,ed5e539abd7ec4b9,2,0.9997575283050537,1_Electronic/Player_107.jpg,1_Electronic/Player_230.jpg,candidate_unreviewed
c9c9d7cb543fe399,70b44806cc1b253c,2,0.9978083968162537,1_Electronic/Television_277.jpg,1_Electronic/Television_286.jpg,candidate_unreviewed
d4bde32c10f39fca,26dfe78badf3d531,2,0.9947267174720764,1_Electronic/pcb_153.jpg,1_Electronic/pcb_67.jpg,candidate_unreviewed
c49b73d372b21065,f6d9dee6dd5e5753,2,0.974557638168335,1_Electronic/Mobile_265.jpg,1_Electronic/Mobile_266.jpg,candidate_unreviewed
b1804c6659040f0f,6154c24f691b3520,2,0.9733358025550842,1_Electronic/614.jpg,1_Electronic/Television_104.jpg,candidate_unreviewed
bf756d0f3f9b8fe8,bd72075020bc4412,2,0.9689189195632935,1_Electronic/470.jpeg,1_Electronic/Mobile_19.jpg,candidate_unreviewed
bbd5cd32de24abb9,fc57cabb47c2d38e,2,0.9646292328834534,1_Electronic/504.jpeg,1_Electronic/Mobile_53.jpg,candidate_unreviewed
ead0daedabc435b6,ebddf06e3005ce62,2,0.9585574269294739,1_Electronic/Mobile_215.jpg,1_Electronic/Mobile_217.jpg,candidate_unreviewed
a2733a788261a87c,0e1afdccb42daffc,2,0.9558407068252563,1_Electronic/762.jpeg,1_Electronic/Mouse_285.jpg,candidate_unreviewed
7e4d19ff57a78f6b,580bccd669d29e9a,2,0.9544385671615601,1_Electronic/483.jpg,1_Electronic/Mobile_32.jpg,candidate_unreviewed
dd4de348dd3a12ef,a93ac527555cb1e7,2,0.9533625245094299,1_Electronic/19.jpeg,1_Electronic/Keyboard_24.jpg,candidate_unreviewed
ad9ed5b53c04f7f3,bb5410946182ba6e,2,0.9425152540206909,1_Electronic/Television_17.jpg,1_Electronic/Television_199.jpg,candidate_unreviewed
54e824ef5b4afb97,6fcbe4a25fb39824,2,0.940843403339386,1_Electronic/543.jpeg,1_Electronic/Mobile_92.jpg,candidate_unreviewed
4bd072f182799257,fbb23406c6a63e7e,2,0.9397585391998291,1_Electronic/521.jpeg,1_Electronic/Mobile_70.jpg,candidate_unreviewed
6b42ca4d76733cc8,ed9f387b0dc3ad4a,2,0.9360486268997192,1_Electronic/624.jpeg,1_Electronic/Television_113.jpg,candidate_unreviewed
0a3964259f749fdf,a0f65f504caff048,2,0.9337790608406067,1_Electronic/Mobile_259.jpg,1_Electronic/Mobile_260.jpg,candidate_unreviewed
eb8b688b096fb012,b62e7d1b5da5c56e,2,0.9333019256591797,1_Electronic/563.jpg,1_Electronic/Mobile_112.jpg,candidate_unreviewed
b51c0e60616e7c9d,37517c8220a32790,2,0.9237319231033325,1_Electronic/593.jpeg,1_Electronic/Mobile_142.jpg,candidate_unreviewed
ce476f44ba109db3,7a9be2d2c7c1068e,2,0.9209536910057068,1_Electronic/Printer_53.jpg,1_Electronic/Printer_54.jpg,candidate_unreviewed
7fbc683106536116,9c9a4ab95ecbf7fd,2,0.9196190237998962,1_Electronic/454.jpeg,1_Electronic/Mobile_3.jpg,candidate_unreviewed
83791a3325882e17,81e1a0e3c0b37f47,2,0.9182547330856323,1_Electronic/606.jpeg,1_Electronic/Television_96.jpg,candidate_unreviewed
e429f8219affbf25,18fc9486d4b7ec76,2,0.9175182580947876,1_Electronic/561.jpg,1_Electronic/Mobile_110.jpg,candidate_unreviewed
7b3f7ecc345350fa,5597e5a150554eb5,2,0.9052354097366333,1_Electronic/12.jpeg,1_Electronic/Keyboard_14.jpg,candidate_unreviewed
fc18653ab1e86d0c,b6a78df2cbed9ea6,2,0.9026379585266113,1_Electronic/9.jpg,1_Electronic/Keyboard_118.jpg,candidate_unreviewed
55522b79d9694318,e174ab5e402167db,2,0.900931715965271,1_Electronic/Player_262.jpg,1_Electronic/Player_29.jpg,candidate_unreviewed
9b30aecf2daa80ca,5fc3ca83f74bd0df,4,0.987701416015625,1_Electronic/IMG_20200329_152857.jpg,1_Electronic/IMG_20200329_152858.jpg,candidate_unreviewed
f5b25a252a5d441c,b214e80c36aaee12,4,0.9858168959617615,1_Electronic/Mouse_157.jpg,1_Electronic/Mouse_199.jpg,candidate_unreviewed
b532876fafc8b096,5c597954e4a57070,4,0.9811313152313232,1_Electronic/1-theworldprod.jpg,1_Electronic/24.according-to-the-unite.jpg,candidate_unreviewed
ca4080bad229707e,f1dfcf5864bf1745,4,0.9800326824188232,1_Electronic/pcb_56.jpg,1_Electronic/pcb_93.jpg,candidate_unreviewed
4a029ce550e1886c,237e9d4c9c65cbd4,4,0.9676200151443481,1_Electronic/Mouse_165.jpg,1_Electronic/Mouse_189.jpg,candidate_unreviewed
e8110f5fe1750616,0496f29e91316fd3,4,0.9138926267623901,1_Electronic/480.jpg,1_Electronic/Mobile_29.jpg,candidate_unreviewed
af98b348b877418d,3a44485ed07e1c50,6,0.9945093989372253,1_Electronic/Mouse_142.jpg,1_Electronic/Mouse_179.jpg,candidate_unreviewed
396147994e70a5de,d931b0536818c2b2,6,0.9918296337127686,1_Electronic/Television_269.jpg,1_Electronic/Television_276.jpg,candidate_unreviewed
81a255451d487072,c7c39a7d25bc1140,6,0.9828916788101196,1_Electronic/Mouse_145.jpg,1_Electronic/Mouse_163.jpg,candidate_unreviewed
97c7e808d7f015f1,141c8a172fc9bde0,6,0.9823569059371948,1_Electronic/10.Sadoff-ERecycling-Data-Destruction_blog-post-header.png,1_Electronic/20.steptodown.com801613.jpg,candidate_unreviewed
6a1acb5318eb9070,dad3b5fc69758dbb,6,0.9800359606742859,1_Electronic/elwaste-e1523350816941.jpg,1_Electronic/yui.jpeg,candidate_unreviewed
2360cddccbf31fdf,61c8df586ec454f5,6,0.9787648916244507,1_Electronic/Mobile_244.jpg,1_Electronic/Mobile_246.jpg,candidate_unreviewed
b08aed059399d4ba,ae4bf4c323ef6bf8,6,0.9729007482528687,1_Electronic/17.electronical_waste_weee_scrap_web.jpg,1_Electronic/e-waste-dump.jpg,candidate_unreviewed
24322fbfc33216de,088a5f8875dd379b,6,0.9674573540687561,1_Electronic/Player_120.jpg,1_Electronic/Player_145.jpg,candidate_unreviewed
5a54bf0286f8aeb3,2ed55ba4876e15e7,6,0.9668725728988647,1_Electronic/Player_194.jpg,1_Electronic/Player_204.jpg,candidate_unreviewed
18e0f8389766bd69,f78e4f4d38d9bbae,6,0.9591363072395325,1_Electronic/Keyboard_102.jpg,1_Electronic/Keyboard_178.jpg,candidate_unreviewed
52603812b511d26b,61c8818eb356c848,6,0.9553089141845703,1_Electronic/15.jpeg,1_Electronic/Keyboard_17.jpg,candidate_unreviewed
28d9d0f3b35ffb33,30b1008b34b9a02d,6,0.9472872614860535,1_Electronic/465.jpeg,1_Electronic/Mobile_14.jpg,candidate_unreviewed
8a924e19c01f63c0,800938a049c25130,6,0.9334852695465088,1_Electronic/451.jpeg,1_Electronic/452.jpeg,candidate_unreviewed
3325d7c38185e3c2,f284915a3f592b86,6,0.928267240524292,1_Electronic/514.jpg,1_Electronic/Mobile_63.jpg,candidate_unreviewed
20104223d7c87a47,8b25656af9790fa3,6,0.9159836769104004,1_Electronic/630.jpeg,1_Electronic/Television_119.jpg,candidate_unreviewed
9308dfebf49a9bc8,9f09660857854ec1,8,0.9862778782844543,1_Electronic/774.jpeg,1_Electronic/775.jpeg,candidate_unreviewed
8c56291faa9bd9c3,b275c60a261cafd5,8,0.9848408699035645,1_Electronic/pcb_104.jpg,1_Electronic/pcb_50.jpg,candidate_unreviewed
e730d29b40ca0f35,d364d7c722665dd3,8,0.9828145503997803,1_Electronic/266.jpeg,1_Electronic/267.jpeg,candidate_unreviewed
99b8d9bc8388698e,2b11d2dfa8c0c559,8,0.9764819145202637,1_Electronic/pcb_116.jpg,1_Electronic/pcb_52.jpg,candidate_unreviewed
5d257e4542424799,9df9d4bd8bcc3ee4,8,0.9715876579284668,1_Electronic/25.2021_06_10-00_08_41_b3452d0af1a06dccd6b83d404b1e303f_960x640_thumb.jpg,1_Electronic/67.antarafoto-potensi-ekonomi-sampah-elektronik-090621-irp-4.jpg,candidate_unreviewed
f442b2c73d870d59,3ea02a67b15f7972,8,0.9713696241378784,1_Electronic/Player_288.jpg,1_Electronic/Player_49.jpg,candidate_unreviewed
41a0582c6297f260,6483e5c9437e2a4f,8,0.9566664695739746,1_Electronic/24.screenshot_2024_12_18_at_21402_pm.png,1_Electronic/40.fc135a1904e4b003df06fc50d7433cf8.jpg,candidate_unreviewed
ca4080bad229707e,26dfe78badf3d531,8,0.9481282234191895,1_Electronic/pcb_56.jpg,1_Electronic/pcb_67.jpg,candidate_unreviewed
d4bde32c10f39fca,ca4080bad229707e,8,0.9467505216598511,1_Electronic/pcb_153.jpg,1_Electronic/pcb_56.jpg,candidate_unreviewed
9bc615c9c935184d,cf0974d2e0dfe2ed,8,0.9466315507888794,1_Electronic/IMG_20200329_152755.jpg,1_Electronic/IMG_20200329_152800.jpg,candidate_unreviewed
dbfeec56570ea092,b8735b9c064f287f,8,0.9433492422103882,1_Electronic/22.old-tv-broken-tube-old-tv-broken-tube-television-electronic-scrap-old-tv-thrown-away-next-to-wall-pile-mixed-224486244.jpg,1_Electronic/36.old-tv-broken-tube-old-tv-broken-tube-television-electronic-scrap-old-tv-thrown-away-next-to-wall-pile-mixed-224486244.jpg,candidate_unreviewed
db3947165ba372f1,aed8494d64cff516,8,0.9362345933914185,1_Electronic/615.jpg,1_Electronic/Television_105.jpg,candidate_unreviewed
10c91899f0700168,f7ae65e87d3c8f6a,8,0.9284171462059021,1_Electronic/476.jpg,1_Electronic/479.jpg,candidate_unreviewed
a103fee7559582e1,bee1aa8f5c229d7d,8,0.9276465773582458,1_Electronic/Television_244.jpg,1_Electronic/Television_48.jpg,candidate_unreviewed
7cb24103a014532a,6463ed8278f9e93c,14,0.9918051958084106,1_Electronic/18.depositphotos_212637112-stock-photo-waste-heap-discarded-laptop-parts.jpg,1_Electronic/2.ewaste-heap-discarded-laptop-parts-260nw-1174197958.jpg,candidate_unreviewed
8177cb79fadbafb5,d931b0536818c2b2,32,0.9919779300689697,1_Electronic/Television_264.jpg,1_Electronic/Television_276.jpg,candidate_unreviewed
8df0b4c73d8086cd,1bb08a9a24c5b1ee,32,0.9903940558433533,1_Electronic/Player_5.jpg,1_Electronic/Player_8.jpg,candidate_unreviewed
