community_id,descriptive_name,visual_purity,primary_visible_pattern,boundary_warning
0,Tumpukan dan rakitan campuran,sedang,"Tumpukan limbah elektronik, perangkat terbuka, dan rakitan dengan papan terlihat","Foto reparasi kamera dan konteks sumber serupa muncul di batas; nama ini tidak menyiratkan komposisi tersembunyi"
1,Ponsel,tinggi,"Ponsel utuh dan tampilan depan/belakang perangkat genggam","Beberapa batas dipengaruhi latar dan sudut pengambilan"
2,Tetikus,tinggi,"Tetikus komputer dalam beragam bentuk dan warna","Contoh batas dapat mendekati periferal kecil lain"
3,Layar dan televisi,sedang,"Televisi, panel layar, dan permukaan tampilan dominan","Layar laptop rusak dapat bergabung karena bukti visual panel, sehingga komunitas bukan kelas produk murni"
4,Mesin cuci,tinggi,"Mesin cuci dan kabinet peralatan cuci","Konteks ruangan dan katalog turut memengaruhi kedekatan"
5,Pencetak,tinggi,"Pencetak dan perangkat cetak meja","Sudut katalog dan latar putih menjadi faktor sekunder"
6,Pemutar media dan radio,sedang,"Radio, pemutar media, dan perangkat audio-video kecil","Bentuk kotak dan fotografi katalog dapat menyatukan perangkat dengan fungsi berbeda"
7,Microwave,tinggi,"Oven microwave dan kabinet dengan pintu depan","Permukaan depan gelap dan foto katalog dapat memengaruhi batas"
8,Papan rangkaian,sedang,"Papan rangkaian terbuka dan rakitan elektronik yang memperlihatkan komponen","Objek kipas/pemanas bundar dan bagian mekanis muncul di batas; komunitas tidak membuktikan identitas komponen"
9,Papan ketik,tinggi,"Papan ketik komputer","Sudut, warna, dan latar menjadi variasi utama"
10,Monitor dalam konteks meja,sedang,"Monitor dan workstation yang difoto di meja atau ruangan","Konteks meja/perabot ikut membentuk struktur, sehingga nama menyatakan bukti yang terlihat"
11,Laptop,tinggi,"Laptop utuh dan perangkat lipat","Contoh batas dapat dipengaruhi tampilan layar atau kerusakan casing"
12,Baterai perangkat portabel,tinggi,"Sel dan paket baterai kecil untuk perangkat portabel","Tulisan label tidak digunakan sebagai bukti kimia atau kondisi internal"
13,Aki dan baterai kendaraan,tinggi,"Aki berbentuk kotak dan baterai kendaraan","Foto stok bertanda air dan produk rusak muncul di batas; tidak ada inferensi kandungan atau bahaya"
14,Stopkontak dan sakelar,sedang,"Stopkontak, sakelar, dan pelat instalasi listrik","Objek kipas serta citra sangat gelap/beresolusi buruk muncul di batas; komunitas mengandung kontaminasi nyata"
