arm,rank,canonical_id,source_sha256,source_relative_path,subgroup,photo_group
dinov3_seed,1,8fd35027f093628e,39cbfbd237a40cdeae8c54bdce194899eb3e533a4e835a3c2eef2f1b4ab38e62,1_Electronic/73.motherboard-scrap-1512975832-3511682.jpg,1,8fd35027f093628e
dinov3_seed,2,8c52ec63f313777b,f96f5a10775b1ace28a96e63f9a0649a2397feaa33f8b5a2b9545993367813a3,1_Electronic/63.878436f7-cef3-4811-ba67-1ac0c2ae8920_47000465.jpg,3,8c52ec63f313777b
dinov3_seed,3,82eb0ac651749356,4ffbb38b8f3d038d84cd34bc1096813931533774021a19185475ae0f1295b069,1_Electronic/pcb_287.jpg,3,82eb0ac651749356
dinov3_seed,4,2da6929f606e52fc,4424762b57ca128135b04cda42efce17d812d0f047eb4b3f91aca3c78f52d5dd,1_Electronic/8.Laptops-edited.jpg,3,2da6929f606e52fc
dinov3_seed,5,51ef695d71f54eab,02998b75930e8bdcc430e2296032a7d1750fe2a169f2f0f8348583a381d2f2f1,1_Electronic/pcb_279.jpg,1,51ef695d71f54eab
dinov3_seed,6,ef50e786b83b948d,d12e16248c30c0958fda06659b816312c0ff9f5062979d2e46d7f887c89c9750,1_Electronic/13.Water-and-liquid-damage-for-laptop-what-to-do-step-to-dry-all-the-laptop-components-for-at-least-24-hours-let-laptop-fully-dry-550x422.jpg,3,ef50e786b83b948d
dinov3_seed,7,d4b3db3429537da3,874b249ad1d4294a02ca4d7cd0b5bb1d69739db4ec77553bc1d44f981efa286d,1_Electronic/17.Screen-Shot-2016-08-04-at-12.32.42-PM.png,3,d4b3db3429537da3
dinov3_seed,8,9b14924bc1f4dde1,1d2946f837b327270fb41757cb818756c89643c0a4a9c77d6ff5c573ac32f04b,1_Electronic/76.12066708-broken-laptop-disassembled-into-parts.jpg,3,9b14924bc1f4dde1
dinov3_seed,9,8daca89def2ea683,449fe86c5532e81fd8bb6c20a2806ad29c1618417900aa78d02266274e8ef2aa,1_Electronic/pcb_217.jpg,5,8daca89def2ea683
dinov3_seed,10,5885b973a8ece270,2483053210521ba0759647db89791282ee66c5de77011b6ee982101d227c269e,1_Electronic/77.recycle-electronics-drop-off-points-min.jpg,3,5885b973a8ece270
dinov3_seed,11,32c3b13e439dc12f,0c8b97e513776c13d00b81e09f35be0334074360d03ba89b56e26172985d0dab,1_Electronic/20.E-waste-disposal.jpg,3,32c3b13e439dc12f
dinov3_seed,12,a122bb814ca4f55b,d9d17df209bd869f6dbb875d6a5a2629dfd6e6eb1160a51e28f99ed47d96d466,1_Electronic/11.Copy-of-IRD-R2R-PR-16-Sept-Blog-visual-640x426.jpg,3,a122bb814ca4f55b
dinov3_seed,13,c2e9ad80a3e84f37,4f908b071c9de35a04a22154900662ab55d428c013a372948a350b1fccdc523d,1_Electronic/pcb_31.jpg,1,c2e9ad80a3e84f37
dinov3_seed,14,fd7d2143b0bacc90,6a19f1e0839fc4cd3344f94cbeba4437e0ead806451475d88cde7fa2a6a18741,1_Electronic/19.What_20is_20e-waste_20recycling.jpg,4,fd7d2143b0bacc90
dinov3_seed,15,9dbc90127874faf2,c860551f1e0953299aa47b6f68beec696d61db946345e6800c3285f14ddfb963,1_Electronic/1.tumpukan-e-limbah-yang-kacau-dari-laptop-dan-suku-cadang-komputer-yang-dibuang-representasi-visual-yang-luar-biasa-dari-masalah-limbah-elektronik-yang-berkembang-dan-kebutuhan-akan-solusi-daur-ulang-berkelanjutan_73523-11403.jpg,2,9dbc90127874faf2
dinov3_seed,16,3cc81b8c015ef626,0cec92e68516eadb9d185f7b8e9ff922fec6ccbaebc290aecdc8a8f5779ea323,1_Electronic/35.depositphotos_213404014-stock-photo-electronic-waste-old-computers-monitors.jpg,4,3cc81b8c015ef626
dinov3_seed,17,93545de8b94c0081,52446e972dbcb606fe61280e77a2ed4747d71cfdd5a219143b3766f3bf4aa227,1_Electronic/14.laptop-recycling-1422x800.jpg,0,93545de8b94c0081
dinov3_seed,18,f7343a9dd7510aa5,ee0e7b192a39ba29fc9c99f7177ba0e013ce40392532e5186f44b2b82ba51f4f,1_Electronic/70.oar2.jpg,1,f7343a9dd7510aa5
dinov3_seed,19,e24426d6d8941fdf,cf091222d33f671b70b81f3ddc80bd7a714849a763e1c43b1881df320fabc5de,1_Electronic/9.laptop-scrap-2180430574-7bekzljc.png,3,e24426d6d8941fdf
dinov3_seed,20,d0bc1211d5d41094,f5cb25c7fb581cc84000fdf7bf71af20197ec89344e02ecc85e766ab819b66c3,1_Electronic/pcb_182.jpg,1,d0bc1211d5d41094
dinov3_seed,21,eae90e7cb44174fc,ce56cfa5f5f3e0a06f4778d728158d3c2be027e898168c33d0172054ce1a302b,1_Electronic/imagescv.jpg,2,eae90e7cb44174fc
dinov3_seed,22,8df3ec335e13edb4,14a728b461df343ace358323b7756b3a476e79d818a4d0f2566851ff0687bf71,1_Electronic/Smashtop.jpg,3,8df3ec335e13edb4
dinov3_seed,23,8949d3e95e3abf2f,b14365187acfb6ae08dd6ceaf0ec40b11fb129122e4b3a8f292eb6326992cde5,1_Electronic/imagesyuioop.jpg,2,8949d3e95e3abf2f
dinov3_seed,24,b08aed059399d4ba,f9ac32bbf19abbf67a0a933650973ec7b23bc9070397a2fc506b03c08d6de370,1_Electronic/17.electronical_waste_weee_scrap_web.jpg,2,b08aed059399d4ba
dinov3_seed,25,074e3063222539c3,907e6d91865919b2d9d52d9ee8cbca5e6b37f257883171b16f41e2100e028d1b,1_Electronic/59.unearthed-fortune-in-your-old-tech-find-out-how-yo.jpg,2,074e3063222539c3
dinov3_seed,26,0ef8da423cd59f22,bc888b2e34d4674bbdc771a5024d9febf8af45159a3b70fe1d5b3399ffb9bf41,1_Electronic/9.komponen-pc-rusak-350x250.jpg,3,0ef8da423cd59f22
dinov3_seed,27,f5836cb93d3580fe,cc3b88f6508d343283ed6604293b2884d398a346dffa1e0c09b21b4192634eff,1_Electronic/12.large-pile-assorted-electronic-waste-including-components-devices-isolated-white-backg-1200x675.jpg,2,f5836cb93d3580fe
dinov3_seed,28,c6afa9946c6d8efb,2d688268201758cc84ed2203a3b4613d026738cabfe8c68fc198141ab97f3231,1_Electronic/20.Sampah_Elektronik_1.jpg,2,c6afa9946c6d8efb
dinov3_seed,29,a145050d46eaeb7f,2a8cabc3e3fa76056867efa7036f273a125e971c5bc498c4c16185ca115a6129,1_Electronic/2729458.jpg,3,7f40117646d3155e
dinov3_seed,30,2f1382293b6e1f0f,970a6617c3791480407c00efc1f87fe0c6d7a13b0abecef7bcc34f3a7d10629b,1_Electronic/83.scrap-yard-electronic-waste-recycling-with-selective-focus-electronic-aluminium-waste_641503-141716.jpg,2,2f1382293b6e1f0f
dinov3_seed,31,521f86389223f069,d690758e1479e8f21c933fcf3fb68f5655ee5eae5cad3a5c0ccb821b974b186b,1_Electronic/13.dreamstime_m_19814977.jpg,4,521f86389223f069
dinov3_seed,32,7884c7c553303f5a,6bd67a84edca17874b1e67b63a3954ba1d09e52236f0a3bf8b7c668fbf115793,1_Electronic/14.electronic_waste_02.jpg,2,7884c7c553303f5a
dinov3_seed,33,858e5813fbba3f2c,594d5fd3e429813293138bfe9dbb6ab3c24a84a9adf6d9a7658eb963e7a22462,1_Electronic/7.stock-photo-pile-of-electronic-waste-rusty-old-computer-cases-and-obsolete-computer-hardware-such-as-1918603046.jpg,0,858e5813fbba3f2c
dinov3_seed,34,645b4bec2a7fde8e,252d0b8c9a2dc0d906876942d0d39b64cdb545414543dc9459ecc3423a6d8268,1_Electronic/35.computer-recycling-milton-keynes-.jpg,0,645b4bec2a7fde8e
dinov3_seed,35,8e30cef4096cf2b5,e3221eaa7d63d59606f4c29db2abd1facf48acca08699a49660d0eb6d467de74,1_Electronic/83.hq720.jpg,3,8e30cef4096cf2b5
dinov3_seed,36,9ded9e1344536ec9,8b72e4217c02f3b136356f181bb7e7848a1657ce219f88662e1bbd83883b96bf,1_Electronic/66.Electronic_20Recyclables.png,2,9ded9e1344536ec9
dinov3_seed,37,ae4bf4c323ef6bf8,cb29e514cf17689c8b299280ea12ece719b98195873fe79970350bbf9bc86ace,1_Electronic/e-waste-dump.jpg,2,ae4bf4c323ef6bf8
dinov3_seed,38,36a11b70d7d42562,38d8a250aa09376200860ea7f6114276abca6f38d7810370fc3659f7fb5ae978,1_Electronic/5.scrap-yard-electronic-waste-for-recycling-with-selective-focus-electronic-aluminium-waste-2BWXNJG.jpg,2,36a11b70d7d42562
dinov3_seed,39,d7cf28a4080b774f,89f9b97cad544637316b81a79dfb304ed000920257c6af3a42a8e52cae5e552b,1_Electronic/ewaste.jpg,3,d7cf28a4080b774f
dinov3_seed,40,b0086e4ceb6372cf,72e85199dcab3f732e908a3e552fc2fe4e77d5c6988bd2bf83a40c7b3ab47ab5,1_Electronic/74.recycleIT-blog-post-safe-disposal2.jpg,3,b0086e4ceb6372cf
siglip_seed,1,82eb0ac651749356,4ffbb38b8f3d038d84cd34bc1096813931533774021a19185475ae0f1295b069,1_Electronic/pcb_287.jpg,3,82eb0ac651749356
siglip_seed,2,d4b3db3429537da3,874b249ad1d4294a02ca4d7cd0b5bb1d69739db4ec77553bc1d44f981efa286d,1_Electronic/17.Screen-Shot-2016-08-04-at-12.32.42-PM.png,3,d4b3db3429537da3
siglip_seed,3,8df3ec335e13edb4,14a728b461df343ace358323b7756b3a476e79d818a4d0f2566851ff0687bf71,1_Electronic/Smashtop.jpg,3,8df3ec335e13edb4
siglip_seed,4,7f40117646d3155e,8ea52e4d8ec5bea509d5a6799d5cad32484101ec77375336ee595f73a7b9ca33,1_Electronic/device-recycling.jpg,3,7f40117646d3155e
siglip_seed,5,a122bb814ca4f55b,d9d17df209bd869f6dbb875d6a5a2629dfd6e6eb1160a51e28f99ed47d96d466,1_Electronic/11.Copy-of-IRD-R2R-PR-16-Sept-Blog-visual-640x426.jpg,3,a122bb814ca4f55b
siglip_seed,6,9b14924bc1f4dde1,1d2946f837b327270fb41757cb818756c89643c0a4a9c77d6ff5c573ac32f04b,1_Electronic/76.12066708-broken-laptop-disassembled-into-parts.jpg,3,9b14924bc1f4dde1
siglip_seed,7,d7cf28a4080b774f,89f9b97cad544637316b81a79dfb304ed000920257c6af3a42a8e52cae5e552b,1_Electronic/ewaste.jpg,3,d7cf28a4080b774f
siglip_seed,8,141c8a172fc9bde0,7d62fcc9d91c5349fa21b0254abaed48c88748396a3cab8741cb7983764d0549,1_Electronic/20.steptodown.com801613.jpg,3,141c8a172fc9bde0
siglip_seed,9,851f33a8f81494c2,ba0f37088767e8c99d4fef547db55a04f54e368cfd3893fde4a6ef43b2ec11ae,1_Electronic/12.electronic-waste-pile-stockcake.jpg,5,851f33a8f81494c2
siglip_seed,10,ef50e786b83b948d,d12e16248c30c0958fda06659b816312c0ff9f5062979d2e46d7f887c89c9750,1_Electronic/13.Water-and-liquid-damage-for-laptop-what-to-do-step-to-dry-all-the-laptop-components-for-at-least-24-hours-let-laptop-fully-dry-550x422.jpg,3,ef50e786b83b948d
siglip_seed,11,9836e57c9b956a22,4a67eebb826fb5d977a08f9958ebef0aaeca2701b8a28df88c5ca090f134a6a7,1_Electronic/4.old-computer-components-29637543.jpg,0,9836e57c9b956a22
siglip_seed,12,9dbc90127874faf2,c860551f1e0953299aa47b6f68beec696d61db946345e6800c3285f14ddfb963,1_Electronic/1.tumpukan-e-limbah-yang-kacau-dari-laptop-dan-suku-cadang-komputer-yang-dibuang-representasi-visual-yang-luar-biasa-dari-masalah-limbah-elektronik-yang-berkembang-dan-kebutuhan-akan-solusi-daur-ulang-berkelanjutan_73523-11403.jpg,2,9dbc90127874faf2
siglip_seed,13,8daca89def2ea683,449fe86c5532e81fd8bb6c20a2806ad29c1618417900aa78d02266274e8ef2aa,1_Electronic/pcb_217.jpg,5,8daca89def2ea683
siglip_seed,14,b0086e4ceb6372cf,72e85199dcab3f732e908a3e552fc2fe4e77d5c6988bd2bf83a40c7b3ab47ab5,1_Electronic/74.recycleIT-blog-post-safe-disposal2.jpg,3,b0086e4ceb6372cf
siglip_seed,15,9c93a95b2d7e4fac,1b1e5f42c00f6113b6030dc47d3d619a6ec2eb65b077b3f1312fd31ca2df859f,1_Electronic/16.computer-recycling_800x800.jpg,6,9c93a95b2d7e4fac
siglip_seed,16,2da6929f606e52fc,4424762b57ca128135b04cda42efce17d812d0f047eb4b3f91aca3c78f52d5dd,1_Electronic/8.Laptops-edited.jpg,3,2da6929f606e52fc
siglip_seed,17,f98f1336b1e53a95,4e4c9fa065c0837169d0a54f4a78f7339e26da6da19ae40f5fabcacc9a9472c6,1_Electronic/37.a-pile-of-discarded-electronic-waste-is-shown-including-a-laptop-television-keyboard-and-other-obsolete-devices-this-image-can-be-used-for-concepts-r-3E1WHH5.jpg,4,f98f1336b1e53a95
siglip_seed,18,074e3063222539c3,907e6d91865919b2d9d52d9ee8cbca5e6b37f257883171b16f41e2100e028d1b,1_Electronic/59.unearthed-fortune-in-your-old-tech-find-out-how-yo.jpg,2,074e3063222539c3
siglip_seed,19,7f50e7f0106f884b,c3b5c50dbe6f23e7f75188ce03a82f21b12f5f3c3cb63f57dfb8e7145209b1eb,1_Electronic/18.scrap-laptops-10-for-dollar150-free-shipping__55453.1762353348.800.1000.jpg,3,7f50e7f0106f884b
siglip_seed,20,1fdf33464f93f242,4d029c32d17fe6667bf5f6d7793d078423426ea745eb6c03580f928be58211b7,1_Electronic/76.Electronics_Recycling_OKC.jpg,5,1fdf33464f93f242
siglip_seed,21,9778e2c6d876749b,0c6d7a64095092561f09f7686f15c684cbfdf61527ca1978d0ba6288ab78bea1,1_Electronic/68.kiel-germany-november-22-2018-260nw-1511680658.jpg,3,9778e2c6d876749b
siglip_seed,22,2fa8927a8d60758a,f8e66fe95ea6f564e0ee07fb27d8d1287afbb216dbf86bb52c47c20d48743dfb,1_Electronic/70.35520267.jpg,3,2fa8927a8d60758a
siglip_seed,23,427266abea0da5b6,b062e20b49105d3d38bdd57181d4d0420e6b474cfa0b1bb4913b7d86b5d1bf2b,1_Electronic/8.41893_2019_320_Figa_HTML.jpg,0,427266abea0da5b6
siglip_seed,24,fd7d2143b0bacc90,6a19f1e0839fc4cd3344f94cbeba4437e0ead806451475d88cde7fa2a6a18741,1_Electronic/19.What_20is_20e-waste_20recycling.jpg,4,fd7d2143b0bacc90
siglip_seed,25,830c59cbe4f0340c,9aaaa4c2b33b9618c4ef9dc2a09bb724a3e33b61674b7d83100e718278c9e62e,1_Electronic/uiop.jpg,3,830c59cbe4f0340c
siglip_seed,26,9b1b6c6d283703e2,74135e01db3ad2513c87d29d2b1ba1cc93326d51b436e38159511c13b4e1693e,1_Electronic/16.e-waste-pile-discarded-electronics-environmental-concerns-close-up-shot-showcasing-pile-discarded-electronic-devices-406665791.jpg,5,9b1b6c6d283703e2
siglip_seed,27,41b9cf49100e65d5,a331a68428806e659c7ea8955e47a1b4ba35cc7dd30e6cf0143a90ec259e8969,1_Electronic/66.1a2f170866294b7159b8784e8ec00f95.png,5,a73cb092318f3823
siglip_seed,28,51ef695d71f54eab,02998b75930e8bdcc430e2296032a7d1750fe2a169f2f0f8348583a381d2f2f1,1_Electronic/pcb_279.jpg,1,51ef695d71f54eab
siglip_seed,29,b48a83cf6326d697,62b6dd313549cebf96dcc0dba2fb9834e12a2ed01518057c4ba542876de23a60,1_Electronic/pcb_32.jpg,1,b48a83cf6326d697
siglip_seed,30,f5836cb93d3580fe,cc3b88f6508d343283ed6604293b2884d398a346dffa1e0c09b21b4192634eff,1_Electronic/12.large-pile-assorted-electronic-waste-including-components-devices-isolated-white-backg-1200x675.jpg,2,f5836cb93d3580fe
siglip_seed,31,ddd5acafde74d2ec,8043d9348e3812743e7c3a0a4685922f9c90845cd8dc745842e71afc06abf0f0,1_Electronic/17.avoid-the-trash-heap-15-great-uses-for-an-old-pc_sjb3.jpg,0,ddd5acafde74d2ec
siglip_seed,32,8949d3e95e3abf2f,b14365187acfb6ae08dd6ceaf0ec40b11fb129122e4b3a8f292eb6326992cde5,1_Electronic/imagesyuioop.jpg,2,8949d3e95e3abf2f
siglip_seed,33,5edcef1d9c6f7345,3f99e5ecb7dd42ef64b1b37f66a51ee10cf6f45c2b34d9a2f53660714ad8d984,1_Electronic/68.thrown-electronics-in-singapore.jpg,4,5edcef1d9c6f7345
siglip_seed,34,5c0940d8a38a8b0a,8645266165cbd144e3db4c7d3f402401259b1bf812dae7bb95121f2f269db428,1_Electronic/83.pile-mixed-ewaste-recycling-facility-concept-recycling-facility-ewaste-environmental-impact-electronic-waste-management-recycling-initiatives_864588-267121.jpg,2,5c0940d8a38a8b0a
siglip_seed,35,521f86389223f069,d690758e1479e8f21c933fcf3fb68f5655ee5eae5cad3a5c0ccb821b974b186b,1_Electronic/13.dreamstime_m_19814977.jpg,4,521f86389223f069
siglip_seed,36,cadc13db7d829629,7ce16e4895ca3ee7108c21a3a76d5a73c00f4c8bb65981f63d189a4a5b1df862,1_Electronic/59.1044448.jpg,3,cadc13db7d829629
siglip_seed,37,d0bc1211d5d41094,f5cb25c7fb581cc84000fdf7bf71af20197ec89344e02ecc85e766ab819b66c3,1_Electronic/pcb_182.jpg,1,d0bc1211d5d41094
siglip_seed,38,d39136c379c2be57,20eacac576b980fb63b38ecac55555754d7a03b3434c5a6c56df870e5945449e,1_Electronic/63.obsolete-electronics-household-items-recycling-concept_875825-75108.jpg,0,d39136c379c2be57
siglip_seed,39,a3f9d493cb2ed8c0,7c56b4a643707c9f92d247ccb0f467e998aaabffac80f33dc8634bfa42ab9739,1_Electronic/1.electronic-waste-ready-recycle-isolated-600nw-2451911881.jpg,5,a3f9d493cb2ed8c0
siglip_seed,40,7097352bddda4370,8dbc965121dc87db816f0eca3999b83f678e1a96d3665ab1591c33cb748b3ac2,1_Electronic/61.pile-discarded-computer-monitors-electronics-landfill-environmental-pollution-pile-discarded-computer-monitors-437381574.jpg,0,7097352bddda4370
nested_subgroup,1,a122bb814ca4f55b,d9d17df209bd869f6dbb875d6a5a2629dfd6e6eb1160a51e28f99ed47d96d466,1_Electronic/11.Copy-of-IRD-R2R-PR-16-Sept-Blog-visual-640x426.jpg,3,a122bb814ca4f55b
nested_subgroup,2,e24426d6d8941fdf,cf091222d33f671b70b81f3ddc80bd7a714849a763e1c43b1881df320fabc5de,1_Electronic/9.laptop-scrap-2180430574-7bekzljc.png,3,e24426d6d8941fdf
nested_subgroup,3,2da6929f606e52fc,4424762b57ca128135b04cda42efce17d812d0f047eb4b3f91aca3c78f52d5dd,1_Electronic/8.Laptops-edited.jpg,3,2da6929f606e52fc
nested_subgroup,4,64859614d380282f,1271a450d2801d97edb07260a341ee94c5da384700deebbdbaaa328ca9d5ac2c,1_Electronic/76.e-waste-in-a-container-1-930x450.jpg,3,64859614d380282f
nested_subgroup,5,2fa8927a8d60758a,f8e66fe95ea6f564e0ee07fb27d8d1287afbb216dbf86bb52c47c20d48743dfb,1_Electronic/70.35520267.jpg,3,2fa8927a8d60758a
nested_subgroup,6,7f40117646d3155e,8ea52e4d8ec5bea509d5a6799d5cad32484101ec77375336ee595f73a7b9ca33,1_Electronic/device-recycling.jpg,3,7f40117646d3155e
nested_subgroup,7,8df3ec335e13edb4,14a728b461df343ace358323b7756b3a476e79d818a4d0f2566851ff0687bf71,1_Electronic/Smashtop.jpg,3,8df3ec335e13edb4
nested_subgroup,8,97c7e808d7f015f1,23f6b3c0e92ec46bffd3d6005f9a6df51439c37c254d4c1b4337c00c68c9672e,1_Electronic/10.Sadoff-ERecycling-Data-Destruction_blog-post-header.png,3,97c7e808d7f015f1
nested_subgroup,9,141c8a172fc9bde0,7d62fcc9d91c5349fa21b0254abaed48c88748396a3cab8741cb7983764d0549,1_Electronic/20.steptodown.com801613.jpg,3,141c8a172fc9bde0
nested_subgroup,10,ef50e786b83b948d,d12e16248c30c0958fda06659b816312c0ff9f5062979d2e46d7f887c89c9750,1_Electronic/13.Water-and-liquid-damage-for-laptop-what-to-do-step-to-dry-all-the-laptop-components-for-at-least-24-hours-let-laptop-fully-dry-550x422.jpg,3,ef50e786b83b948d
nested_subgroup,11,8c52ec63f313777b,f96f5a10775b1ace28a96e63f9a0649a2397feaa33f8b5a2b9545993367813a3,1_Electronic/63.878436f7-cef3-4811-ba67-1ac0c2ae8920_47000465.jpg,3,8c52ec63f313777b
nested_subgroup,12,d4b3db3429537da3,874b249ad1d4294a02ca4d7cd0b5bb1d69739db4ec77553bc1d44f981efa286d,1_Electronic/17.Screen-Shot-2016-08-04-at-12.32.42-PM.png,3,d4b3db3429537da3
nested_subgroup,13,6261099fe1aba4d3,19c037066cd5e331c8c1ff492c119cedc02a40ad2b7f332c891f19058a0e1129,1_Electronic/74.e-waste_recycling_laptops_002.jpg,3,6261099fe1aba4d3
nested_subgroup,14,77638779cbe598b9,2bc770aa01d057726b696c6629c35ce63e2493dc8720504a4beb5fa08f67d469,1_Electronic/11.laptops-scrap-1589266802-5424844.jpeg,3,77638779cbe598b9
nested_subgroup,15,786e96f425c8ab03,5a4838f06091ea0a45a18c77295b084bfeaaa706daeb0128e55c3ae416008138,1_Electronic/14.2728905_20190122100223.jpg,3,786e96f425c8ab03
nested_subgroup,16,5885b973a8ece270,2483053210521ba0759647db89791282ee66c5de77011b6ee982101d227c269e,1_Electronic/77.recycle-electronics-drop-off-points-min.jpg,3,5885b973a8ece270
nested_subgroup,17,9778e2c6d876749b,0c6d7a64095092561f09f7686f15c684cbfdf61527ca1978d0ba6288ab78bea1,1_Electronic/68.kiel-germany-november-22-2018-260nw-1511680658.jpg,3,9778e2c6d876749b
nested_subgroup,18,1606775ae9bae967,50c75ef570a907d2b31051de3ee94b22512239cf6fbc3b5ca9f6d85d9a8c4881,1_Electronic/3.used-laptop-scrap-500x500.jpg,3,1606775ae9bae967
nested_subgroup,19,cc4a97197e180f4b,60ed672d916eca79a8d2e7ce477e26d1dc57e319bd05cae63055cd9290f9fc1f,1_Electronic/69.electronics-recycling-service.jpg,3,cc4a97197e180f4b
nested_subgroup,20,4f7e110c69f449c7,848ff98fdbb1c20181e03c4919f54c1b5ba13c30a56b255e30107e40fe8a40e3,1_Electronic/14.Ha811c3cd45794163a77ba7994663b662I.jpg,3,4f7e110c69f449c7
nested_subgroup,21,8a594dab9da317ba,ec5543e305406f7eb4635fe95a7eea05f7c76acfbad7eeec2b879e9ae3b9802d,1_Electronic/19.pile-of-discarded-laptops-tablets-and-keyboards-e-waste-recycling-concept-photo.jpg,3,8a594dab9da317ba
nested_subgroup,22,9b14924bc1f4dde1,1d2946f837b327270fb41757cb818756c89643c0a4a9c77d6ff5c573ac32f04b,1_Electronic/76.12066708-broken-laptop-disassembled-into-parts.jpg,3,9b14924bc1f4dde1
nested_subgroup,23,1b64de84afce6be8,b9eb3678da6fa8b9c57187cdbf8912d412d084cdd6cb3dd7123db5977e8b85e8,1_Electronic/4.1.jpg,3,1b64de84afce6be8
nested_subgroup,24,d7cf28a4080b774f,89f9b97cad544637316b81a79dfb304ed000920257c6af3a42a8e52cae5e552b,1_Electronic/ewaste.jpg,3,d7cf28a4080b774f
nested_subgroup,25,95ff6fd07fdd88a5,5a3c69540033bc62badaeec73325314cb7d86ce60af41bb1ab8c4a477fd1773e,1_Electronic/26.69402.jpg,3,95ff6fd07fdd88a5
nested_subgroup,26,7f50e7f0106f884b,c3b5c50dbe6f23e7f75188ce03a82f21b12f5f3c3cb63f57dfb8e7145209b1eb,1_Electronic/18.scrap-laptops-10-for-dollar150-free-shipping__55453.1762353348.800.1000.jpg,3,7f50e7f0106f884b
nested_subgroup,27,cadc13db7d829629,7ce16e4895ca3ee7108c21a3a76d5a73c00f4c8bb65981f63d189a4a5b1df862,1_Electronic/59.1044448.jpg,3,cadc13db7d829629
nested_subgroup,28,830c59cbe4f0340c,9aaaa4c2b33b9618c4ef9dc2a09bb724a3e33b61674b7d83100e718278c9e62e,1_Electronic/uiop.jpg,3,830c59cbe4f0340c
nested_subgroup,29,b0086e4ceb6372cf,72e85199dcab3f732e908a3e552fc2fe4e77d5c6988bd2bf83a40c7b3ab47ab5,1_Electronic/74.recycleIT-blog-post-safe-disposal2.jpg,3,b0086e4ceb6372cf
nested_subgroup,30,32c3b13e439dc12f,0c8b97e513776c13d00b81e09f35be0334074360d03ba89b56e26172985d0dab,1_Electronic/20.E-waste-disposal.jpg,3,32c3b13e439dc12f
nested_subgroup,31,82eb0ac651749356,4ffbb38b8f3d038d84cd34bc1096813931533774021a19185475ae0f1295b069,1_Electronic/pcb_287.jpg,3,82eb0ac651749356
nested_subgroup,32,bf3bc6ab26da0d1e,93dc7ff62d423e0a9e90aeaabdd546d535d2b6157b6cfe504aa9ed2a950c4234,1_Electronic/broken-computers-1.jpg,3,bf3bc6ab26da0d1e
nested_subgroup,33,cb2c8e08b5d989dc,c95b24fb9bcb87feeb8a5dc432e614ae801c14e90f97fecce077e28af7b3c747,1_Electronic/19.layanan-roni-mandiri1.png,3,cb2c8e08b5d989dc
nested_subgroup,34,e36ed269f2f487ef,a887b435fdefe961808dad27dd729b38614c8f1eafd8ff9be665ecd827f7a918,1_Electronic/12.20170119155743-intip-pusat-pemusnahan-limbah-elektronik-di-jepang-002-dru.jpg,3,e36ed269f2f487ef
nested_subgroup,35,0ef8da423cd59f22,bc888b2e34d4674bbdc771a5024d9febf8af45159a3b70fe1d5b3399ffb9bf41,1_Electronic/9.komponen-pc-rusak-350x250.jpg,3,0ef8da423cd59f22
nested_subgroup,36,cc95f82dfa74bb02,b101f9de6fb42c2ec882a763c32a72d7868e0f51c6867ae1a747b22db2dec574,1_Electronic/19.BATAM-ESUN-INI-3.jpeg,3,cc95f82dfa74bb02
nested_subgroup,37,c4ed0148ed7d02fb,6e935deb25959f5f786cf7f991d4dcbe8171a00df8ee5c1ac558f23ae15c060d,1_Electronic/68.hq720.jpg,3,c4ed0148ed7d02fb
nested_subgroup,38,c2d56f8003d71ade,42f5c8f07671c708251d0d0d5e75dd1527fcae38ef9013986bc19605184900cc,1_Electronic/aGg1KNn_460s.jpg,3,c2d56f8003d71ade
nested_subgroup,39,8e30cef4096cf2b5,e3221eaa7d63d59606f4c29db2abd1facf48acca08699a49660d0eb6d467de74,1_Electronic/83.hq720.jpg,3,8e30cef4096cf2b5
nested_subgroup,40,5dbde1b587635b8e,fc34ea3ece5cb7dd35e271bbed89af20625f9938a8ca4193abd2e2d57d5b781f,1_Electronic/23.gallery-1470257543-2665906010-a79abf2e0a-b.jpg,3,5dbde1b587635b8e
random_same_parent_group,1,786e96f425c8ab03,5a4838f06091ea0a45a18c77295b084bfeaaa706daeb0128e55c3ae416008138,1_Electronic/14.2728905_20190122100223.jpg,3,786e96f425c8ab03
random_same_parent_group,2,48d4691409fdae2d,5e3409f7823bdeb7ec033ee05dc506e67c3b7d09fa0ba46236346fe4eb551020,1_Electronic/23.image-24.png,0,48d4691409fdae2d
random_same_parent_group,3,30379104f4a394b6,fa65702a46969868926269776f11640d77c9db45ababf25848a80e1978095450,1_Electronic/13.2020_09_01_103472_1598935010._large.jpg,4,30379104f4a394b6
random_same_parent_group,4,4bdef06987d80afc,e36cf7fed08f36db4a4da8e18797647c4a3f8cfd1c762c0f2f15e7a2dcb6114d,1_Electronic/61.led-lcd-tvs-monitor-scrap-1691226659-7017577.jpeg,0,4bdef06987d80afc
random_same_parent_group,5,3a64e2be6751f4a4,b072e6d74f44ee1ce5c58f5b362321dadb9b2fdb3a4fcc5b0f410f3572e208ba,1_Electronic/78.limbah-elektronik-3_169.jpeg,2,3a64e2be6751f4a4
random_same_parent_group,6,8a594dab9da317ba,ec5543e305406f7eb4635fe95a7eea05f7c76acfbad7eeec2b879e9ae3b9802d,1_Electronic/19.pile-of-discarded-laptops-tablets-and-keyboards-e-waste-recycling-concept-photo.jpg,3,8a594dab9da317ba
random_same_parent_group,7,cd32abf0b726542d,64c91cba63f42812150107d8bb970fd28519a308bac0f9ac8078afdf3763470c,1_Electronic/12.For-New-8-core-64-bit-CPU-Scrap-for-Laptop-E-Waste-Recovery-and-Gold-Extraction-RAM-Board-Scrap-Wholesale.jpg,1,cd32abf0b726542d
random_same_parent_group,8,b16ff464e563c936,ead1c423f0f06204463a3d80a667902336fe51eff39b311fc3a0952ac1808665,1_Electronic/15.discarded-broken-smartphones-amidst-cracked-screens-close-up-discarded-broken-smartphones-cracked-screens-highlighting-333067838.jpg,5,b16ff464e563c936
random_same_parent_group,9,9836e57c9b956a22,4a67eebb826fb5d977a08f9958ebef0aaeca2701b8a28df88c5ca090f134a6a7,1_Electronic/4.old-computer-components-29637543.jpg,0,9836e57c9b956a22
random_same_parent_group,10,49fd29c34b25b3bf,920bff1c05bff89e42468924ab4d5f25b667fad306bce6026bab86571772990d,1_Electronic/e-waste circular economy wide.jpg,5,49fd29c34b25b3bf
random_same_parent_group,11,4889c50aac13666c,e91db101a1f1b9c07145b06923a4980da9e6b807f63f08f4f61ce0c4d3ed9cc5,1_Electronic/6.20170119155741-intip-pusat-pemusnahan-limbah-elektronik-di-jepang-001-dru.jpg,7,4889c50aac13666c
random_same_parent_group,12,fd7d2143b0bacc90,6a19f1e0839fc4cd3344f94cbeba4437e0ead806451475d88cde7fa2a6a18741,1_Electronic/19.What_20is_20e-waste_20recycling.jpg,4,fd7d2143b0bacc90
random_same_parent_group,13,59d0197851c05e4f,e2aa5917f68061256f4792ed8694d02e3838ff6b1a4142900d20a53eafb7ad4a,1_Electronic/4ffaae26c38a4923bee02805b70c4acf_18.jpeg,5,59d0197851c05e4f
random_same_parent_group,14,e36ed269f2f487ef,a887b435fdefe961808dad27dd729b38614c8f1eafd8ff9be665ecd827f7a918,1_Electronic/12.20170119155743-intip-pusat-pemusnahan-limbah-elektronik-di-jepang-002-dru.jpg,3,e36ed269f2f487ef
random_same_parent_group,15,db610bf7393b5fe2,1c67887b733740750cf04e1648b34f4ce0898bedad93901b458a86381009f380,1_Electronic/12.why-should-you-consider-recycling-laptops-1200px-640w.jpg,6,db610bf7393b5fe2
random_same_parent_group,16,db759ab271965dde,3eb68b58d09ff9d36708646ec0729c5909cfd85202cd551c650ef7e16382b2d9,1_Electronic/FQVGFP3IMI0XZXE.jpg,0,db759ab271965dde
random_same_parent_group,17,418c26ca6b01e74f,7264e1fd46e78b781dad10b765e5a2227276975e1635be6ffbf08e8cce7d9b26,1_Electronic/11.landfill-e-waste-scaled.jpg,2,418c26ca6b01e74f
random_same_parent_group,18,518b0255ae4cc613,15aa6c4fe527d0200be9e04bb47a643201a3af3684528b584795bddae739afc8,1_Electronic/2.04NPlPDpndI2H2wxCNdR6nS.fit_lim.size_1050x578.v1569508808.jpg,7,518b0255ae4cc613
random_same_parent_group,19,d7cf28a4080b774f,89f9b97cad544637316b81a79dfb304ed000920257c6af3a42a8e52cae5e552b,1_Electronic/ewaste.jpg,3,d7cf28a4080b774f
random_same_parent_group,20,328da8a2830735b0,c693773f1eb0d2ceea16d58ed9c55649f6c2bb1c2115cef8d30d96ac19045687,1_Electronic/qwertyuiop.jpg,5,328da8a2830735b0
random_same_parent_group,21,9dfe166d8fd5c64b,03279d78a878f5c88bbd48e9bdb50a7585f9ff6e855e25e4f69cd0553a38140c,1_Electronic/13.image-23.png,3,7f40117646d3155e
random_same_parent_group,22,9df9d4bd8bcc3ee4,79d9a92c9d7978fc64a17a143c0da0658c99cb87889cbb1fafbe082ac073ffbb,1_Electronic/67.antarafoto-potensi-ekonomi-sampah-elektronik-090621-irp-4.jpg,0,9df9d4bd8bcc3ee4
random_same_parent_group,23,ce9a1ece42be6f56,e1504867516c95072e745340c54cca1fb3beb1c237073c76fd480cac16445c7b,1_Electronic/69.discarded-electronics-pile-up-county-recycling-event-lawrenceville-ga-usa-november-volunteers-assist-people-cars-dropping-37003481.jpg,0,ce9a1ece42be6f56
random_same_parent_group,24,83431fd780c8fe69,d25da5b1ada43d795709c91a6edcb4c0445e3b907f29e683da31a779c2d46f47,1_Electronic/15.recycling-of-electronic-waste-in-India.jpg,2,83431fd780c8fe69
random_same_parent_group,25,d0bc1211d5d41094,f5cb25c7fb581cc84000fdf7bf71af20197ec89344e02ecc85e766ab819b66c3,1_Electronic/pcb_182.jpg,1,d0bc1211d5d41094
random_same_parent_group,26,8aa1c5ba957cf0b9,e356104f3a4aef97add9fe3c3fe5299b1d30e210f58711940c55f05f0419e219,1_Electronic/69.Service_Kabel-Elektroschrott.jpg,7,8aa1c5ba957cf0b9
random_same_parent_group,27,851f33a8f81494c2,ba0f37088767e8c99d4fef547db55a04f54e368cfd3893fde4a6ef43b2ec11ae,1_Electronic/12.electronic-waste-pile-stockcake.jpg,5,851f33a8f81494c2
random_same_parent_group,28,6a1acb5318eb9070,5f3529bb8792dc8c7a04cf647bf8fae34882a4c315134120ca17d674e8b62054,1_Electronic/elwaste-e1523350816941.jpg,4,6a1acb5318eb9070
random_same_parent_group,29,c6f1193f2cd2db9f,12b45eda5e5968a9680e4a183ec2810a38d584426319a74be61a1232d4edc8e1,1_Electronic/23.pile-of-abandoned-computers-and-monitors-in-empty-school-classroom-C2NJR3.jpg,0,c6f1193f2cd2db9f
random_same_parent_group,30,70098a5cc378ed62,de934858191f80ec62334ebf8cb5cd8b99174ac8bad86e4516159d42406dad77,1_Electronic/19.pile-of-electronic-waste-polluting-the-environment-in-junkyard-photo.jpg,2,70098a5cc378ed62
random_same_parent_group,31,009d1faad460b734,499c99d1aeb483c32f71ef87c227cbb29ce5b8336eacfcf501835dc1d9941f76,1_Electronic/18.shredded_electronic_waste_weee_web.jpg,2,009d1faad460b734
random_same_parent_group,32,4b5032668e44fe32,8dd1a3dc3da3837624d10ca93fb46e6240e8af5affa13ba5d7b86857e060eec6,1_Electronic/24.e03d2a5d-cfb4-4d27-9c0a-32ae7778e7f4.jpg,0,4b5032668e44fe32
random_same_parent_group,33,8e30cef4096cf2b5,e3221eaa7d63d59606f4c29db2abd1facf48acca08699a49660d0eb6d467de74,1_Electronic/83.hq720.jpg,3,8e30cef4096cf2b5
random_same_parent_group,34,b14e3c1142506abc,a548b3617a1739fef7d4bc1aaa1e0b567885ac8697f8c800abce1642df051911,1_Electronic/17.tv-1024x732.jpg,0,b14e3c1142506abc
random_same_parent_group,35,8893c3305bdf74dc,e29697c77b3559ffe2fbaf016c252f007e25ecab402e0b848df8963e170175ea,1_Electronic/64.blog-cover---sampah-elektronik-mePxVxZBVqSo795r.png,0,8893c3305bdf74dc
random_same_parent_group,36,2d986fda63e4a105,b3d447bfe54b5200695f4090b62a004104717288f7495191fb44764d64a41073,1_Electronic/7.utama11.jpg,7,2d986fda63e4a105
random_same_parent_group,37,f43d439c2292b34c,4c3eb51f1cbadd219b0358f1857ba340286db656da704de9dd1226e3904f4ad4,1_Electronic/IMG_20201101_130720.jpg,4,f43d439c2292b34c
random_same_parent_group,38,b4c16b84caec78ba,37b9c8805a4617027d6e2bfe9f7282ce06cba8abd9a057a52eed6b564fb60626,1_Electronic/5.shutterstock_2521558043.jpg,0,b4c16b84caec78ba
random_same_parent_group,39,e3387d1813ffc333,8df40afaed6ef9b30d428116954b7ab069a5bbe2c8959c1afbaffbf120c21d83,1_Electronic/s-l640.jpg,8,e3387d1813ffc333
random_same_parent_group,40,11085aad8eb5953f,b755334e0409bef43c025d03bf4837727e6f6b35ae72e9305e13058a4e31b9d6,1_Electronic/4.Ilustrasi-Barang-Elektronik-Yang-Rusak-Akibat-Listrik-Yang-Tidak-Stabil-300x169.jpeg,0,11085aad8eb5953f
