method,family_internal,photo_count,context_count,stable,parent_photo_count,shortcut_risk
discovery_greedy,0,3,2,True,214,0
discovery_greedy,1,2,1,True,203,1
discovery_greedy,2,3,1,True,157,4
discovery_greedy,3,2,1,True,159,1
discovery_greedy,4,1,1,True,165,4
discovery_greedy,5,3,2,True,122,0
discovery_greedy,6,2,1,True,142,0
discovery_greedy,7,2,1,True,140,1
discovery_greedy,8,3,3,True,122,3
discovery_greedy,9,2,2,False,91,0
discovery_greedy,10,2,2,True,85,1
discovery_greedy,11,2,2,True,84,0
discovery_greedy,12,0,0,True,116,4
discovery_greedy,13,2,1,False,104,1
discovery_greedy,14,1,1,True,80,4
discovery_greedy,15,2,1,True,105,3
discovery_greedy,16,2,1,True,91,0
discovery_greedy,17,2,2,True,107,3
discovery_greedy,18,3,2,False,96,2
discovery_greedy,19,3,2,False,77,3
discovery_greedy,20,2,1,True,71,0
discovery_greedy,21,2,2,True,63,1
discovery_greedy,22,3,2,False,64,1
discovery_greedy,23,2,2,False,66,0
discovery_greedy,24,2,1,True,75,0
discovery_greedy,25,1,1,True,74,4
discovery_greedy,26,2,2,True,57,1
discovery_greedy,27,2,1,True,69,0
discovery_greedy,28,0,0,True,54,4
discovery_greedy,29,0,0,False,67,4
discovery_greedy,30,2,1,True,64,0
discovery_greedy,31,2,1,False,62,3
discovery_greedy,32,2,2,True,56,3
discovery_greedy,33,2,2,True,44,1
discovery_greedy,34,3,3,True,52,0
discovery_greedy,35,1,1,False,61,4
discovery_greedy,36,3,1,True,42,1
discovery_greedy,37,0,0,True,46,4
discovery_greedy,38,3,2,True,32,3
discovery_greedy,39,3,3,True,43,1
discovery_greedy,40,2,1,True,35,1
discovery_greedy,41,2,1,True,28,0
discovery_greedy,42,2,1,False,44,3
discovery_greedy,43,2,1,True,35,1
discovery_greedy,44,2,2,True,36,1
discovery_greedy,45,2,1,False,31,0
discovery_greedy,46,2,1,True,33,0
discovery_greedy,47,1,1,True,33,4
discovery_greedy,48,3,2,True,31,0
discovery_greedy,49,3,3,False,26,1
discovery_greedy,50,1,1,True,24,4
discovery_greedy,51,2,1,True,16,0
discovery_greedy,52,2,1,False,21,0
discovery_greedy,53,2,2,True,19,2
discovery_greedy,54,2,1,True,17,1
discovery_greedy,55,2,2,False,16,2
discovery_greedy,56,2,1,False,12,1
discovery_greedy,57,1,1,False,8,1
discovery_greedy,58,0,0,True,8,4
discovery_greedy,59,1,1,True,7,1
discovery_greedy,60,0,0,True,6,1
discovery_greedy,61,1,1,True,5,2
discovery_greedy,62,0,0,True,5,1
discovery_greedy,63,0,0,True,5,2
discovery_greedy,64,2,1,True,5,0
discovery_greedy,65,0,0,True,5,4
discovery_greedy,66,1,1,True,3,3
discovery_greedy,67,0,0,False,4,2
discovery_greedy,68,0,0,True,3,3
discovery_greedy,69,1,1,True,4,1
discovery_greedy,70,2,1,True,4,0
discovery_greedy,71,0,0,True,4,3
discovery_greedy,72,0,0,True,3,3
discovery_greedy,73,2,2,True,3,4
discovery_greedy,74,0,0,True,3,1
discovery_greedy,75,0,0,True,3,3
discovery_greedy,76,2,2,True,3,1
discovery_greedy,77,1,1,True,3,3
discovery_greedy,78,2,1,False,3,1
discovery_greedy,79,1,1,False,3,4
discovery_greedy,80,0,0,False,3,3
discovery_greedy,81,0,0,True,3,1
discovery_greedy,82,0,0,True,3,3
discovery_greedy,83,0,0,True,3,2
discovery_greedy,84,0,0,True,2,3
discovery_greedy,85,0,0,True,2,1
discovery_greedy,86,0,0,True,2,3
discovery_greedy,87,1,1,True,2,1
discovery_greedy,88,0,0,True,2,4
discovery_greedy,89,0,0,True,2,4
discovery_greedy,90,0,0,True,2,1
discovery_greedy,91,1,1,True,2,3
discovery_greedy,92,0,0,True,2,3
discovery_greedy,93,0,0,True,2,4
discovery_greedy,94,0,0,True,2,1
discovery_greedy,95,0,0,True,2,3
discovery_greedy,96,0,0,True,2,4
discovery_greedy,97,1,1,True,2,1
discovery_greedy,98,1,1,True,2,1
discovery_greedy,99,0,0,True,2,1
discovery_greedy,100,0,0,True,2,3
discovery_greedy,101,1,1,True,2,1
discovery_greedy,102,0,0,True,2,4
discovery_greedy,103,0,0,True,2,3
discovery_greedy,104,0,0,True,2,4
discovery_greedy,105,0,0,True,2,4
discovery_greedy,106,0,0,True,2,4
discovery_greedy,107,0,0,True,2,2
discovery_greedy,108,0,0,True,2,2
discovery_greedy,109,0,0,True,2,4
discovery_greedy,110,0,0,True,2,4
discovery_greedy,111,0,0,True,2,1
discovery_greedy,112,0,0,True,2,4
discovery_greedy,113,0,0,True,2,4
discovery_greedy,114,0,0,True,2,2
discovery_greedy,115,0,0,True,2,2
discovery_greedy,116,0,0,True,2,1
discovery_greedy,117,1,1,True,2,1
discovery_greedy,118,0,0,True,2,2
discovery_greedy,119,2,1,True,2,0
discovery_greedy,120,1,1,True,2,2
discovery_greedy,121,0,0,True,2,4
discovery_greedy,122,1,1,True,2,1
discovery_greedy,123,1,1,True,2,2
discovery_greedy,124,2,1,True,2,0
discovery_greedy,125,0,0,True,2,1
discovery_greedy,126,0,0,True,2,2
discovery_greedy,127,0,0,False,2,1
discovery_greedy,128,1,1,False,2,1
global_centroids,0,3,1,True,214,0
global_centroids,1,3,1,True,203,1
global_centroids,2,3,1,True,157,4
global_centroids,3,3,1,True,159,1
global_centroids,4,4,2,True,165,4
global_centroids,5,4,2,True,122,0
global_centroids,6,4,1,True,142,0
global_centroids,7,2,1,True,140,1
global_centroids,8,2,1,True,122,3
global_centroids,9,2,1,False,91,0
global_centroids,10,3,1,True,85,1
global_centroids,11,5,2,True,84,0
global_centroids,12,3,2,True,116,4
global_centroids,13,3,1,False,104,1
global_centroids,14,0,0,True,80,4
global_centroids,15,1,1,True,105,3
global_centroids,16,1,1,True,91,0
global_centroids,17,2,2,True,107,3
global_centroids,18,0,0,False,96,2
global_centroids,19,1,1,False,77,3
global_centroids,20,2,1,True,71,0
global_centroids,21,2,1,True,63,1
global_centroids,22,1,1,False,64,1
global_centroids,23,1,1,False,66,0
global_centroids,24,2,1,True,75,0
global_centroids,25,0,0,True,74,4
global_centroids,26,0,0,True,57,1
global_centroids,27,2,1,True,69,0
global_centroids,28,3,1,True,54,4
global_centroids,29,0,0,False,67,4
global_centroids,30,3,1,True,64,0
global_centroids,31,1,1,False,62,3
global_centroids,32,0,0,True,56,3
global_centroids,33,0,0,True,44,1
global_centroids,34,0,0,True,52,0
global_centroids,35,0,0,False,61,4
global_centroids,36,0,0,True,42,1
global_centroids,37,1,1,True,46,4
global_centroids,38,0,0,True,32,3
global_centroids,39,3,1,True,43,1
global_centroids,40,0,0,True,35,1
global_centroids,41,0,0,True,28,0
global_centroids,42,2,1,False,44,3
global_centroids,43,0,0,True,35,1
global_centroids,44,1,1,True,36,1
global_centroids,45,1,1,False,31,0
global_centroids,46,1,1,True,33,0
global_centroids,47,0,0,True,33,4
global_centroids,48,0,0,True,31,0
global_centroids,49,1,1,False,26,1
global_centroids,50,0,0,True,24,4
global_centroids,51,2,1,True,16,0
global_centroids,52,0,0,False,21,0
global_centroids,53,0,0,True,19,2
global_centroids,54,0,0,True,17,1
global_centroids,55,0,0,False,16,2
global_centroids,56,0,0,False,12,1
global_centroids,57,0,0,False,8,1
global_centroids,58,0,0,True,8,4
global_centroids,59,0,0,True,7,1
global_centroids,60,0,0,True,6,1
global_centroids,61,0,0,True,5,2
global_centroids,62,0,0,True,5,1
global_centroids,63,0,0,True,5,2
global_centroids,64,0,0,True,5,0
global_centroids,65,0,0,True,5,4
global_centroids,66,0,0,True,3,3
global_centroids,67,0,0,False,4,2
global_centroids,68,0,0,True,3,3
global_centroids,69,0,0,True,4,1
global_centroids,70,0,0,True,4,0
global_centroids,71,0,0,True,4,3
global_centroids,72,0,0,True,3,3
global_centroids,73,0,0,True,3,4
global_centroids,74,0,0,True,3,1
global_centroids,75,0,0,True,3,3
global_centroids,76,0,0,True,3,1
global_centroids,77,0,0,True,3,3
global_centroids,78,0,0,False,3,1
global_centroids,79,0,0,False,3,4
global_centroids,80,0,0,False,3,3
global_centroids,81,0,0,True,3,1
global_centroids,82,1,1,True,3,3
global_centroids,83,0,0,True,3,2
global_centroids,84,0,0,True,2,3
global_centroids,85,0,0,True,2,1
global_centroids,86,0,0,True,2,3
global_centroids,87,0,0,True,2,1
global_centroids,88,0,0,True,2,4
global_centroids,89,0,0,True,2,4
global_centroids,90,0,0,True,2,1
global_centroids,91,0,0,True,2,3
global_centroids,92,0,0,True,2,3
global_centroids,93,0,0,True,2,4
global_centroids,94,0,0,True,2,1
global_centroids,95,0,0,True,2,3
global_centroids,96,0,0,True,2,4
global_centroids,97,0,0,True,2,1
global_centroids,98,0,0,True,2,1
global_centroids,99,0,0,True,2,1
global_centroids,100,0,0,True,2,3
global_centroids,101,0,0,True,2,1
global_centroids,102,0,0,True,2,4
global_centroids,103,0,0,True,2,3
global_centroids,104,0,0,True,2,4
global_centroids,105,0,0,True,2,4
global_centroids,106,0,0,True,2,4
global_centroids,107,0,0,True,2,2
global_centroids,108,0,0,True,2,2
global_centroids,109,0,0,True,2,4
global_centroids,110,0,0,True,2,4
global_centroids,111,0,0,True,2,1
global_centroids,112,0,0,True,2,4
global_centroids,113,0,0,True,2,4
global_centroids,114,0,0,True,2,2
global_centroids,115,0,0,True,2,2
global_centroids,116,0,0,True,2,1
global_centroids,117,0,0,True,2,1
global_centroids,118,0,0,True,2,2
global_centroids,119,0,0,True,2,0
global_centroids,120,0,0,True,2,2
global_centroids,121,0,0,True,2,4
global_centroids,122,0,0,True,2,1
global_centroids,123,0,0,True,2,2
global_centroids,124,0,0,True,2,0
global_centroids,125,0,0,True,2,1
global_centroids,126,0,0,True,2,2
global_centroids,127,0,0,False,2,1
global_centroids,128,0,0,False,2,1
static_local_degree,0,6,2,True,214,0
static_local_degree,1,0,0,True,203,1
static_local_degree,2,1,1,True,157,4
static_local_degree,3,1,1,True,159,1
static_local_degree,4,2,2,True,165,4
static_local_degree,5,6,2,True,122,0
static_local_degree,6,3,2,True,142,0
static_local_degree,7,5,2,True,140,1
static_local_degree,8,1,1,True,122,3
static_local_degree,9,7,2,False,91,0
static_local_degree,10,0,0,True,85,1
static_local_degree,11,1,1,True,84,0
static_local_degree,12,0,0,True,116,4
static_local_degree,13,6,2,False,104,1
static_local_degree,14,1,1,True,80,4
static_local_degree,15,2,1,True,105,3
static_local_degree,16,1,1,True,91,0
static_local_degree,17,1,1,True,107,3
static_local_degree,18,1,1,False,96,2
static_local_degree,19,2,1,False,77,3
static_local_degree,20,6,1,True,71,0
static_local_degree,21,0,0,True,63,1
static_local_degree,22,4,2,False,64,1
static_local_degree,23,13,2,False,66,0
static_local_degree,24,6,1,True,75,0
static_local_degree,25,1,1,True,74,4
static_local_degree,26,0,0,True,57,1
static_local_degree,27,11,2,True,69,0
static_local_degree,28,0,0,True,54,4
static_local_degree,29,0,0,False,67,4
static_local_degree,30,3,1,True,64,0
static_local_degree,31,0,0,False,62,3
static_local_degree,32,8,3,True,56,3
static_local_degree,33,0,0,True,44,1
static_local_degree,34,3,2,True,52,0
static_local_degree,35,3,1,False,61,4
static_local_degree,36,2,1,True,42,1
static_local_degree,37,0,0,True,46,4
static_local_degree,38,0,0,True,32,3
static_local_degree,39,7,2,True,43,1
static_local_degree,40,0,0,True,35,1
static_local_degree,41,3,2,True,28,0
static_local_degree,42,6,2,False,44,3
static_local_degree,43,1,1,True,35,1
static_local_degree,44,3,2,True,36,1
static_local_degree,45,3,1,False,31,0
static_local_degree,46,4,1,True,33,0
static_local_degree,47,0,0,True,33,4
static_local_degree,48,8,2,True,31,0
static_local_degree,49,2,2,False,26,1
static_local_degree,50,1,1,True,24,4
static_local_degree,51,0,0,True,16,0
static_local_degree,52,3,1,False,21,0
static_local_degree,53,0,0,True,19,2
static_local_degree,54,2,1,True,17,1
static_local_degree,55,0,0,False,16,2
static_local_degree,56,0,0,False,12,1
static_local_degree,57,2,1,False,8,1
static_local_degree,58,0,0,True,8,4
static_local_degree,59,1,1,True,7,1
static_local_degree,60,0,0,True,6,1
static_local_degree,61,0,0,True,5,2
static_local_degree,62,0,0,True,5,1
static_local_degree,63,1,1,True,5,2
static_local_degree,64,0,0,True,5,0
static_local_degree,65,0,0,True,5,4
static_local_degree,66,0,0,True,3,3
static_local_degree,67,0,0,False,4,2
static_local_degree,68,0,0,True,3,3
static_local_degree,69,0,0,True,4,1
static_local_degree,70,2,1,True,4,0
static_local_degree,71,0,0,True,4,3
static_local_degree,72,0,0,True,3,3
static_local_degree,73,2,2,True,3,4
static_local_degree,74,0,0,True,3,1
static_local_degree,75,0,0,True,3,3
static_local_degree,76,1,1,True,3,1
static_local_degree,77,0,0,True,3,3
static_local_degree,78,2,2,False,3,1
static_local_degree,79,0,0,False,3,4
static_local_degree,80,0,0,False,3,3
static_local_degree,81,0,0,True,3,1
static_local_degree,82,0,0,True,3,3
static_local_degree,83,0,0,True,3,2
static_local_degree,84,0,0,True,2,3
static_local_degree,85,0,0,True,2,1
static_local_degree,86,0,0,True,2,3
static_local_degree,87,0,0,True,2,1
static_local_degree,88,0,0,True,2,4
static_local_degree,89,0,0,True,2,4
static_local_degree,90,0,0,True,2,1
static_local_degree,91,1,1,True,2,3
static_local_degree,92,0,0,True,2,3
static_local_degree,93,0,0,True,2,4
static_local_degree,94,0,0,True,2,1
static_local_degree,95,0,0,True,2,3
static_local_degree,96,0,0,True,2,4
static_local_degree,97,1,1,True,2,1
static_local_degree,98,1,1,True,2,1
static_local_degree,99,0,0,True,2,1
static_local_degree,100,0,0,True,2,3
static_local_degree,101,0,0,True,2,1
static_local_degree,102,0,0,True,2,4
static_local_degree,103,0,0,True,2,3
static_local_degree,104,0,0,True,2,4
static_local_degree,105,0,0,True,2,4
static_local_degree,106,0,0,True,2,4
static_local_degree,107,0,0,True,2,2
static_local_degree,108,0,0,True,2,2
static_local_degree,109,0,0,True,2,4
static_local_degree,110,0,0,True,2,4
static_local_degree,111,0,0,True,2,1
static_local_degree,112,0,0,True,2,4
static_local_degree,113,0,0,True,2,4
static_local_degree,114,0,0,True,2,2
static_local_degree,115,0,0,True,2,2
static_local_degree,116,0,0,True,2,1
static_local_degree,117,1,1,True,2,1
static_local_degree,118,1,1,True,2,2
static_local_degree,119,1,1,True,2,0
static_local_degree,120,1,1,True,2,2
static_local_degree,121,0,0,True,2,4
static_local_degree,122,0,0,True,2,1
static_local_degree,123,1,1,True,2,2
static_local_degree,124,0,0,True,2,0
static_local_degree,125,0,0,True,2,1
static_local_degree,126,0,0,True,2,2
static_local_degree,127,0,0,False,2,1
static_local_degree,128,1,1,False,2,1
