method,stratum,eligible_families,seen_mean,seen_p025,seen_p975,repeated_mean,cross_context_mean
discovery_greedy,all,129,77.0,77.0,77.0,54.0,25.0
discovery_greedy,at_least_5_photos,66,57.0,57.0,57.0,48.0,23.0
discovery_greedy,rare_2_4_photos,63,20.0,20.0,20.0,6.0,2.0
discovery_greedy,shortcut_risk_0,22,22.0,22.0,22.0,22.0,7.0
discovery_greedy,shortcut_risk_1,41,29.0,29.0,29.0,19.0,9.0
discovery_greedy,shortcut_risk_2,15,6.0,6.0,6.0,3.0,3.0
discovery_greedy,shortcut_risk_3,23,11.0,11.0,11.0,8.0,5.0
discovery_greedy,shortcut_risk_4,28,9.0,9.0,9.0,2.0,1.0
discovery_greedy,stable,107,59.0,59.0,59.0,40.0,18.0
discovery_greedy,stable_at_least_5_photos,50,42.0,42.0,42.0,35.0,16.0
discovery_greedy,stable_rare_2_4_photos,57,17.0,17.0,17.0,5.0,2.0
global_centroids,all,129,36.0,36.0,36.0,24.0,5.0
global_centroids,at_least_5_photos,66,35.0,35.0,35.0,24.0,5.0
global_centroids,rare_2_4_photos,63,1.0,1.0,1.0,0.0,0.0
global_centroids,shortcut_risk_0,22,14.0,14.0,14.0,10.0,2.0
global_centroids,shortcut_risk_1,41,10.0,10.0,10.0,7.0,0.0
global_centroids,shortcut_risk_2,15,0.0,0.0,0.0,0.0,0.0
global_centroids,shortcut_risk_3,23,7.0,7.0,7.0,3.0,1.0
global_centroids,shortcut_risk_4,28,5.0,5.0,5.0,4.0,2.0
global_centroids,stable,107,27.0,27.0,27.0,21.0,5.0
global_centroids,stable_at_least_5_photos,50,26.0,26.0,26.0,21.0,5.0
global_centroids,stable_rare_2_4_photos,57,1.0,1.0,1.0,0.0,0.0
random,all,129,38.85,33.0,45.52499999999999,18.99,8.4
random,at_least_5_photos,66,36.47,32.0,42.0,18.98,8.4
random,rare_2_4_photos,63,2.38,0.0,6.5249999999999915,0.01,0.0
random,shortcut_risk_0,22,11.53,8.0,14.524999999999991,6.09,2.24
random,shortcut_risk_1,41,11.29,7.475,15.0,5.23,1.06
random,shortcut_risk_2,15,1.78,0.0,4.0,0.51,0.42
random,shortcut_risk_3,23,6.2,4.0,9.0,2.83,1.98
random,shortcut_risk_4,28,8.05,5.0,12.0,4.33,2.7
random,stable,107,29.81,24.0,35.52499999999999,15.23,6.59
random,stable_at_least_5_photos,50,27.71,23.0,33.52499999999999,15.22,6.59
random,stable_rare_2_4_photos,57,2.1,0.0,6.0,0.01,0.0
static_local_degree,all,129,56.0,56.0,56.0,33.0,20.0
static_local_degree,at_least_5_photos,66,43.0,43.0,43.0,30.0,18.0
static_local_degree,rare_2_4_photos,63,13.0,13.0,13.0,3.0,2.0
static_local_degree,shortcut_risk_0,22,19.0,19.0,19.0,16.0,9.0
static_local_degree,shortcut_risk_1,41,18.0,18.0,18.0,10.0,7.0
static_local_degree,shortcut_risk_2,15,5.0,5.0,5.0,0.0,0.0
static_local_degree,shortcut_risk_3,23,7.0,7.0,7.0,4.0,2.0
static_local_degree,shortcut_risk_4,28,7.0,7.0,7.0,3.0,2.0
static_local_degree,stable,107,42.0,42.0,42.0,21.0,13.0
static_local_degree,stable_at_least_5_photos,50,31.0,31.0,31.0,19.0,12.0
static_local_degree,stable_rare_2_4_photos,57,11.0,11.0,11.0,2.0,1.0
