canonical_id,source_sha256,source_relative_path,label,target,score_global_dinov3,score_global_siglip2,score_global_fused,score_region_families,score_region_plus_global,review_id,width,height,presentation,scene_group,reason
51ef695d71f54eab,02998b75930e8bdcc430e2296032a7d1750fe2a169f2f0f8348583a381d2f2f1,1_Electronic/pcb_279.jpg,X,0,0.354467815078327,0.5002774190073521,0.4653364943293659,0.4777171136301068,0.041802820008814,S01,150,150,scene,S01,Komponen di atas meja bertekstur
9dfe166d8fd5c64b,03279d78a878f5c88bbd48e9bdb50a7585f9ff6e855e25e4f69cd0553a38140c,1_Electronic/13.image-23.png,X,0,0.5044922630350529,0.4987871505148205,0.4956953601907327,0.9599690851657168,0.9999978646218184,S02,500,332,scene,keyboard_pile,Tumpukan papan dan papan ketik; adegan sama dengan S10 dan S31
32c3b13e439dc12f,0c8b97e513776c13d00b81e09f35be0334074360d03ba89b56e26172985d0dab,1_Electronic/20.E-waste-disposal.jpg,X,0,0.5359764580008559,0.4991689054592056,0.497424189198823,0.7732845364145813,0.8823388392148068,S03,800,533,scene,S03,Rakitan dalam kotak dengan lingkungan gudang
3cc81b8c015ef626,0cec92e68516eadb9d185f7b8e9ff922fec6ccbaebc290aecdc8a8f5779ea323,1_Electronic/35.depositphotos_213404014-stock-photo-electronic-waste-old-computers-monitors.jpg,M,1,0.6667698848657014,0.4996300221287937,0.5285796329945558,0.7989965350084411,0.9987861157164803,S04,1600,1167,scene,computer_case_pile,Tumpukan komputer dengan sasis terbuka; objek dan susunan sama dengan S22 dan S42
8df3ec335e13edb4,14a728b461df343ace358323b7756b3a476e79d818a4d0f2566851ff0687bf71,1_Electronic/Smashtop.jpg,M,1,0.7267647971058459,0.5054107527049044,0.5962669189793998,0.5324140498203164,0.0653024412881181,S05,1600,1200,scene,S05,Laptop terbongkar pada lantai bertekstur
9c93a95b2d7e4fac,1b1e5f42c00f6113b6030dc47d3d619a6ec2eb65b077b3f1312fd31ca2df859f,1_Electronic/16.computer-recycling_800x800.jpg,X,0,0.6441506889050939,0.5006645801092575,0.5402631711076439,0.2375715675256004,9.950230312282198e-06,S06,600,400,scene,S06,Tangan dan wadah pengumpulan
9b14924bc1f4dde1,1d2946f837b327270fb41757cb818756c89643c0a4a9c77d6ff5c573ac32f04b,1_Electronic/76.12066708-broken-laptop-disassembled-into-parts.jpg,X,0,0.6300486060660649,0.5044793053389012,0.5667415936435211,0.3589417397235173,0.0131252199645894,S07,1300,866,isolated,S07,Perangkat dan papan terisolasi di latar putih
97c7e808d7f015f1,23f6b3c0e92ec46bffd3d6005f9a6df51439c37c254d4c1b4337c00c68c9672e,1_Electronic/10.Sadoff-ERecycling-Data-Destruction_blog-post-header.png,X,0,0.483302972865594,0.5001748688786251,0.504137626772794,0.9903418636173152,0.9999999995299846,S08,1000,667,scene,laptop_stack,Tumpukan laptop; susunan dan sudut sama dengan S25 dan S46
5885b973a8ece270,2483053210521ba0759647db89791282ee66c5de77011b6ee982101d227c269e,1_Electronic/77.recycle-electronics-drop-off-points-min.jpg,X,0,0.4702171706685986,0.4972329685581433,0.4738202092329236,0.7354376726955613,0.6146975764429514,S09,800,536,scene,S09,Perangkat dalam wadah kardus
c6afa9946c6d8efb,2d688268201758cc84ed2203a3b4613d026738cabfe8c68fc198141ab97f3231,1_Electronic/20.Sampah_Elektronik_1.jpg,X,0,0.4412032957431204,0.4957811261630623,0.4578489598655765,0.7631619912872342,0.8986085801191721,S11,1000,563,scene,S11,Tumpukan komponen padat
8fd35027f093628e,39cbfbd237a40cdeae8c54bdce194899eb3e533a4e835a3c2eef2f1b4ab38e62,1_Electronic/73.motherboard-scrap-1512975832-3511682.jpg,X,0,0.4009154172525653,0.5025835773481623,0.4809956619315615,0.5343720203489897,0.935529446926899,S12,300,150,isolated,S12,Papan tunggal pada latar putih
8daca89def2ea683,449fe86c5532e81fd8bb6c20a2806ad29c1618417900aa78d02266274e8ef2aa,1_Electronic/pcb_217.jpg,X,0,0.4306241008517376,0.4990407246303981,0.4710513406381724,0.3680104454552839,0.1228055979765201,S13,150,150,uncertain,S13,Citra berkontras sangat tinggi dan detail terbatas
009d1faad460b734,499c99d1aeb483c32f71ef87c227cbb29ce5b8336eacfcf501835dc1d9941f76,1_Electronic/18.shredded_electronic_waste_weee_web.jpg,X,0,0.247695467161763,0.495778076892275,0.423665288091695,0.4687945026969221,0.0044707713333109,S14,2200,1130,scene,S14,Tumpukan padat komponen pada area penyimpanan
9836e57c9b956a22,4a67eebb826fb5d977a08f9958ebef0aaeca2701b8a28df88c5ca090f134a6a7,1_Electronic/4.old-computer-components-29637543.jpg,X,0,0.4312643462355437,0.4977957194117461,0.4734154321329711,0.5541452413820356,0.1504997700774704,S15,600,900,isolated,S15,Susunan perangkat terisolasi di latar putih
f98f1336b1e53a95,4e4c9fa065c0837169d0a54f4a78f7339e26da6da19ae40f5fabcacc9a9472c6,1_Electronic/37.a-pile-of-discarded-electronic-waste-is-shown-including-a-laptop-television-keyboard-and-other-obsolete-devices-this-image-can-be-used-for-concepts-r-3E1WHH5.jpg,X,0,0.5389854214296651,0.4982286670520949,0.503242166425953,0.6170422355357897,0.4325563504709884,S16,1300,956,scene,S16,Tumpukan perangkat dalam wadah berkawat
c2e9ad80a3e84f37,4f908b071c9de35a04a22154900662ab55d428c013a372948a350b1fccdc523d,1_Electronic/pcb_31.jpg,X,0,0.350499354363275,0.4977226874069754,0.4367311846236654,0.3736940861281171,0.0500776870590797,S17,150,150,scene,S17,Banyak papan tersusun memenuhi bidang foto
82eb0ac651749356,4ffbb38b8f3d038d84cd34bc1096813931533774021a19185475ae0f1295b069,1_Electronic/pcb_287.jpg,X,0,0.7162914964008432,0.5036534826776498,0.5648041008104119,0.2984284471439157,0.3425853237374546,S18,150,150,scene,S18,Tangan alat dan bagian perangkat dalam penanganan
93545de8b94c0081,52446e972dbcb606fe61280e77a2ed4747d71cfdd5a219143b3766f3bf4aa227,1_Electronic/14.laptop-recycling-1422x800.jpg,M,1,0.5663269209165817,0.4983034689339528,0.4983968532911761,0.552364593777346,0.0120969502400813,S19,1422,800,scene,S19,Tumpukan komputer dalam wadah kayu
858e5813fbba3f2c,594d5fd3e429813293138bfe9dbb6ab3c24a84a9adf6d9a7658eb963e7a22462,1_Electronic/7.stock-photo-pile-of-electronic-waste-rusty-old-computer-cases-and-obsolete-computer-hardware-such-as-1918603046.jpg,X,0,0.6036065748990038,0.499334206014191,0.5180778638075431,0.3758495859740117,0.0005873462061176,S20,1500,1101,isolated,S20,Sasis dan bagian lain terisolasi di latar putih
b48a83cf6326d697,62b6dd313549cebf96dcc0dba2fb9834e12a2ed01518057c4ba542876de23a60,1_Electronic/pcb_32.jpg,X,0,0.4089991666932125,0.4966458536388425,0.4539264736327785,0.3616152389801724,0.0503973503264457,S21,150,150,scene,S21,Papan pada permukaan gelap bertekstur
9b1b6c6d283703e2,74135e01db3ad2513c87d29d2b1ba1cc93326d51b436e38159511c13b4e1693e,1_Electronic/16.e-waste-pile-discarded-electronics-environmental-concerns-close-up-shot-showcasing-pile-discarded-electronic-devices-406665791.jpg,X,0,0.3994333518345925,0.4966905104461195,0.4617298136317831,0.3249180310457469,1.4259518772850244e-05,S23,1600,1004,scene,S23,Tumpukan perangkat dengan kedalaman dan objek berlapis
9df9d4bd8bcc3ee4,79d9a92c9d7978fc64a17a143c0da0658c99cb87889cbb1fafbe082ac073ffbb,1_Electronic/67.antarafoto-potensi-ekonomi-sampah-elektronik-090621-irp-4.jpg,X,0,0.5745285660597422,0.4995313864631882,0.5162761508593817,0.4687945026969221,0.0482830974178185,S24,800,500,scene,S24,Orang dan lingkungan tempat penanganan
ddd5acafde74d2ec,8043d9348e3812743e7c3a0a4685922f9c90845cd8dc745842e71afc06abf0f0,1_Electronic/17.avoid-the-trash-heap-15-great-uses-for-an-old-pc_sjb3.jpg,X,0,0.6370099576693824,0.5000370260398427,0.5322018923946823,0.5539079133069845,0.1156127792505957,S26,1280,720,isolated,S26,Susunan perangkat pada latar seragam terang
d4b3db3429537da3,874b249ad1d4294a02ca4d7cd0b5bb1d69739db4ec77553bc1d44f981efa286d,1_Electronic/17.Screen-Shot-2016-08-04-at-12.32.42-PM.png,M,1,0.7142652256358742,0.5050093628700411,0.5912652447064324,0.7286249429404311,0.0540162971737953,S27,789,530,isolated,S27,Laptop dan komponen disusun pada latar putih
d7cf28a4080b774f,89f9b97cad544637316b81a79dfb304ed000920257c6af3a42a8e52cae5e552b,1_Electronic/ewaste.jpg,X,0,0.5614653484454258,0.4987403750863047,0.5047456065649768,0.5662166413686853,0.0962151610778577,S28,860,516,scene,S28,Tumpukan perangkat dan kabel pada permukaan
9ded9e1344536ec9,8b72e4217c02f3b136356f181bb7e7848a1657ce219f88662e1bbd83883b96bf,1_Electronic/66.Electronic_20Recyclables.png,X,0,0.4650027077542468,0.4970560662833442,0.4702665155572485,0.5953004399057499,0.0117367998285308,S29,2000,1429,scene,S29,Layar terbuka pada tumpukan
e3387d1813ffc333,8df40afaed6ef9b30d428116954b7ab069a5bbe2c8959c1afbaffbf120c21d83,1_Electronic/s-l640.jpg,X,0,0.526365574671813,0.501906137949795,0.5195644521596863,0.4919107796658162,0.0686738880815006,S30,640,430,scene,S30,Mesin cuci terbuka dengan bagian di tanah
074e3063222539c3,907e6d91865919b2d9d52d9ee8cbca5e6b37f257883171b16f41e2100e028d1b,1_Electronic/59.unearthed-fortune-in-your-old-tech-find-out-how-yo.jpg,X,0,0.5464271579666626,0.4999913435017835,0.5100233886471894,0.5080380452779653,0.0126948476741357,S32,1216,832,scene,S32,Tangan dan lingkungan tumpukan; keaslian fotografis tidak ditetapkan
2f1382293b6e1f0f,970a6617c3791480407c00efc1f87fe0c6d7a13b0abecef7bcc34f3a7d10629b,1_Electronic/83.scrap-yard-electronic-waste-recycling-with-selective-focus-electronic-aluminium-waste_641503-141716.jpg,X,0,0.3552036799077971,0.4977182696199123,0.455711725081406,0.5978141787068377,0.2082930934872633,S33,626,417,scene,S33,Tumpukan dengan kedalaman dan latar blur; keaslian fotografis tidak ditetapkan
cc95f82dfa74bb02,b101f9de6fb42c2ec882a763c32a72d7868e0f51c6867ae1a747b22db2dec574,1_Electronic/19.BATAM-ESUN-INI-3.jpeg,X,0,0.5088615141441718,0.4972123001021042,0.4798517684085908,0.6173867550414156,0.1649160479160297,S34,1280,696,scene,S34,Komponen dalam kotak kardus
8949d3e95e3abf2f,b14365187acfb6ae08dd6ceaf0ec40b11fb129122e4b3a8f292eb6326992cde5,1_Electronic/imagesyuioop.jpg,X,0,0.361812026897057,0.4959629008510118,0.4425632115984562,0.4988318584007885,0.0060224586729924,S35,310,163,scene,outdoor_pile,Crop tumpukan papan luar ruang yang sama dengan S38 dan S48
0ef8da423cd59f22,bc888b2e34d4674bbdc771a5024d9febf8af45159a3b70fe1d5b3399ffb9bf41,1_Electronic/9.komponen-pc-rusak-350x250.jpg,M,1,0.7051392432155265,0.5049976046275945,0.5745885472775536,0.4925035753409025,0.24545792856133,S36,350,250,scene,S36,Komputer terbuka dengan lingkungan di sekelilingnya
9dbc90127874faf2,c860551f1e0953299aa47b6f68beec696d61db946345e6800c3285f14ddfb963,1_Electronic/1.tumpukan-e-limbah-yang-kacau-dari-laptop-dan-suku-cadang-komputer-yang-dibuang-representasi-visual-yang-luar-biasa-dari-masalah-limbah-elektronik-yang-berkembang-dan-kebutuhan-akan-solusi-daur-ulang-berkelanjutan_73523-11403.jpg,X,0,0.4423891696725811,0.4977713321238483,0.4724173320747307,0.5016283267361327,0.0212449309520511,S37,626,351,scene,S37,Tumpukan laptop dan monitor dalam ruang
f5836cb93d3580fe,cc3b88f6508d343283ed6604293b2884d398a346dffa1e0c09b21b4192634eff,1_Electronic/12.large-pile-assorted-electronic-waste-including-components-devices-isolated-white-backg-1200x675.jpg,X,0,0.4846521916395226,0.4971308164940844,0.4805155323533764,0.7794804310246144,0.969289956391346,S39,1200,675,isolated,S39,Tumpukan perangkat terisolasi dengan latar putih
eae90e7cb44174fc,ce56cfa5f5f3e0a06f4778d728158d3c2be027e898168c33d0172054ce1a302b,1_Electronic/imagescv.jpg,X,0,0.5934726903843832,0.4982436818874761,0.5037357222586997,0.5041275330504851,0.0772046152335907,S40,310,162,scene,S40,Pencetak terbongkar di lantai
ef50e786b83b948d,d12e16248c30c0958fda06659b816312c0ff9f5062979d2e46d7f887c89c9750,1_Electronic/13.Water-and-liquid-damage-for-laptop-what-to-do-step-to-dry-all-the-laptop-components-for-at-least-24-hours-let-laptop-fully-dry-550x422.jpg,M,1,0.7343626589634393,0.5071260962396704,0.6087733525347272,0.8597274605836905,0.9872328257362007,S41,550,422,scene,S41,Laptop terbongkar di atas karpet
a122bb814ca4f55b,d9d17df209bd869f6dbb875d6a5a2629dfd6e6eb1160a51e28f99ed47d96d466,1_Electronic/11.Copy-of-IRD-R2R-PR-16-Sept-Blog-visual-640x426.jpg,M,1,0.6954526543390167,0.5008232931648382,0.550261533601354,0.9892528379195752,0.999999999670382,S43,640,426,scene,S43,Laptop dan bagian lain dalam tumpukan
8e30cef4096cf2b5,e3221eaa7d63d59606f4c29db2abd1facf48acca08699a49660d0eb6d467de74,1_Electronic/83.hq720.jpg,M,1,0.703290918386966,0.5048497244290271,0.5764925164206922,0.4687945026969221,0.2704021368687304,S44,1280,720,uncertain,S44,Citra terlalu terang dan berkontras tinggi dengan konteks terpotong
d0bc1211d5d41094,f5cb25c7fb581cc84000fdf7bf71af20197ec89344e02ecc85e766ab819b66c3,1_Electronic/pcb_182.jpg,X,0,0.1747146785157013,0.4967614241469994,0.3840598920266612,0.3849521772013629,0.0036599155152086,S45,150,150,uncertain,S45,Citra berkontras tinggi dan resolusi terbatas
8c52ec63f313777b,f96f5a10775b1ace28a96e63f9a0649a2397feaa33f8b5a2b9545993367813a3,1_Electronic/63.878436f7-cef3-4811-ba67-1ac0c2ae8920_47000465.jpg,X,0,0.4398142081918634,0.4991230198523014,0.4800113024562187,0.6670797114964526,0.3349178291285614,S47,1200,630,scene,S47,Tumpukan perangkat dalam kotak dengan banner sumber
