canonical_id,target,community_leiden_fused
8fd35027f093628e,0,0
8c52ec63f313777b,0,0
82eb0ac651749356,0,8
51ef695d71f54eab,0,0
ef50e786b83b948d,1,0
d4b3db3429537da3,1,0
9b14924bc1f4dde1,0,0
8daca89def2ea683,0,8
5885b973a8ece270,0,0
32c3b13e439dc12f,0,0
a122bb814ca4f55b,1,0
c2e9ad80a3e84f37,0,8
fd7d2143b0bacc90,1,0
9dbc90127874faf2,0,0
3cc81b8c015ef626,1,0
93545de8b94c0081,1,0
d0bc1211d5d41094,0,8
eae90e7cb44174fc,0,0
8df3ec335e13edb4,1,0
8949d3e95e3abf2f,0,0
b08aed059399d4ba,0,0
074e3063222539c3,0,0
0ef8da423cd59f22,1,0
f5836cb93d3580fe,0,0
c6afa9946c6d8efb,0,0
a145050d46eaeb7f,0,0
2f1382293b6e1f0f,0,0
521f86389223f069,1,0
858e5813fbba3f2c,0,0
8e30cef4096cf2b5,1,0
9ded9e1344536ec9,0,0
ae4bf4c323ef6bf8,0,0
d7cf28a4080b774f,0,0
2fa8927a8d60758a,0,0
7f40117646d3155e,0,0
97c7e808d7f015f1,0,0
141c8a172fc9bde0,0,0
cc95f82dfa74bb02,0,0
9836e57c9b956a22,0,0
9dfe166d8fd5c64b,0,0
9df9d4bd8bcc3ee4,0,0
009d1faad460b734,0,0
e3387d1813ffc333,0,0
9c93a95b2d7e4fac,0,0
f98f1336b1e53a95,0,0
9b1b6c6d283703e2,0,0
b48a83cf6326d697,0,8
ddd5acafde74d2ec,0,0
