method,rank,canonical_id
discovery_greedy,1,0c4ba77b2e9d8edc
discovery_greedy,2,f80b9b87c928d629
discovery_greedy,3,db3947165ba372f1
discovery_greedy,4,0e8da24e5c2dd59b
discovery_greedy,5,2918aa4dca2f0145
discovery_greedy,6,2a976c8c7fdddc1a
discovery_greedy,7,41819bf4c59c9e54
discovery_greedy,8,3aeb311fe06de2bb
discovery_greedy,9,4cf3eb7a5806583d
discovery_greedy,10,cbd5b5e474717b64
discovery_greedy,11,3ab94f02197ceb48
discovery_greedy,12,9778e2c6d876749b
discovery_greedy,13,c1f23791c7e4feb3
discovery_greedy,14,19da72d089a4597f
discovery_greedy,15,54b515e104cf1afe
discovery_greedy,16,89d500b5b08be96b
discovery_greedy,17,dcd669c1b3d8457d
discovery_greedy,18,eb13ae715d3d87ed
discovery_greedy,19,4de5a9e77bdc11fa
discovery_greedy,20,f1a356d582026c24
discovery_greedy,21,22aef2a134f6d88f
discovery_greedy,22,58f124be36cddd15
discovery_greedy,23,8a3dc49564c54711
discovery_greedy,24,c44c3f97a2595d5f
discovery_greedy,25,00db7eab7d036999
discovery_greedy,26,133b20f92c15d5c8
discovery_greedy,27,d5dcb96967922df1
discovery_greedy,28,c77b609f9f3de57a
discovery_greedy,29,0065ea44bcd594b9
discovery_greedy,30,0724acba74e39d24
discovery_greedy,31,07a3a7081e277ab6
discovery_greedy,32,5961957d4c318278
discovery_greedy,33,5c87e208e9280bb1
discovery_greedy,34,7668ab21be841aac
discovery_greedy,35,94c35b81b52b14ea
discovery_greedy,36,a7d2052ac9faf7eb
discovery_greedy,37,26dfe78badf3d531
discovery_greedy,38,28439f2dc02e4550
discovery_greedy,39,34b799173faf6c17
discovery_greedy,40,56a91967238e8ab0
discovery_greedy,41,e60d740a69bc649a
discovery_greedy,42,2da6929f606e52fc
discovery_greedy,43,786e96f425c8ab03
discovery_greedy,44,03bb1aad545ab88c
discovery_greedy,45,0a342b59180e6c78
discovery_greedy,46,0e39f0357aef4b8d
discovery_greedy,47,0ebc1bde48d57d8d
discovery_greedy,48,116c6eb679532fe3
discovery_greedy,49,18c9f83cd0a0273b
discovery_greedy,50,1add26407633b87f
discovery_greedy,51,1beb2c17137290f0
discovery_greedy,52,1cd5817ea3892e09
discovery_greedy,53,2740bd427535d86c
discovery_greedy,54,2e35b881d03f0b99
discovery_greedy,55,39462ea099bd0737
discovery_greedy,56,438fed88b583505b
discovery_greedy,57,4bdef06987d80afc
discovery_greedy,58,52b259fd8584a336
discovery_greedy,59,53ecd3dd39655ac1
discovery_greedy,60,5d257e4542424799
discovery_greedy,61,5da9b74d46a501ce
discovery_greedy,62,612545dcd75f5e9f
discovery_greedy,63,62547ddbdae23960
discovery_greedy,64,6fcbdd9a4e83001d
discovery_greedy,65,703b334c80be008b
discovery_greedy,66,7097352bddda4370
discovery_greedy,67,73e40bc332e5f7ad
discovery_greedy,68,7ec67ce499d74273
discovery_greedy,69,817dab67cf79ac0b
discovery_greedy,70,921b0c243380c620
discovery_greedy,71,92239d16959ba311
discovery_greedy,72,960fa7317cad4bc4
discovery_greedy,73,964eca2ca131c35e
discovery_greedy,74,9df9d4bd8bcc3ee4
discovery_greedy,75,a3798043b23a9473
discovery_greedy,76,b214e80c36aaee12
discovery_greedy,77,c2e1d1a8262993a6
discovery_greedy,78,d94f53c6d7296892
discovery_greedy,79,d992ebad83f784cf
discovery_greedy,80,dad4f6ce55c5344c
discovery_greedy,81,dea9563cfde67ba3
discovery_greedy,82,ef73f7d3d04319fe
discovery_greedy,83,f5b25a252a5d441c
discovery_greedy,84,fe7c0b3f50083df0
discovery_greedy,85,48573444fd3bda5f
discovery_greedy,86,79fc48f5a8d2de70
discovery_greedy,87,bb2ccaa6f91dcfcd
discovery_greedy,88,fcfa41b035b94c9d
discovery_greedy,89,066e41e221720498
discovery_greedy,90,0cf92e67ba51dba5
discovery_greedy,91,2038dd36bea9563b
discovery_greedy,92,214cd5343666fbe7
discovery_greedy,93,278a788f5e319ddc
discovery_greedy,94,27fa28b66850fa6c
discovery_greedy,95,3a955eb349095666
discovery_greedy,96,41e60d7382d325f0
discovery_greedy,97,49fd29c34b25b3bf
discovery_greedy,98,633b5a9b0560311e
discovery_greedy,99,76294fa47281d765
discovery_greedy,100,b16ff464e563c936
global_centroids,1,9dbc90127874faf2
global_centroids,2,21b180d44cfbdeff
global_centroids,3,557503ea7b6d7762
global_centroids,4,9288a2e05b6ee3e3
global_centroids,5,da7f34f600a836a1
global_centroids,6,30944cf8962081c9
global_centroids,7,292cdca2952473fe
global_centroids,8,9234fba30e3842c0
global_centroids,9,5ec19d882d105a99
global_centroids,10,97bf66e284e11518
global_centroids,11,adf719458e591daf
global_centroids,12,34f62255ac4d2e31
global_centroids,13,d587394d5f5ef52e
global_centroids,14,2dc8c9fc773bbd3f
global_centroids,15,3d8f164e90fe8781
global_centroids,16,9ded9e1344536ec9
global_centroids,17,2175adcc1bfc157f
global_centroids,18,add5e4e50c897bb3
global_centroids,19,f95e525fa9432add
global_centroids,20,f955ba204ceaf015
global_centroids,21,4109b269558ea26f
global_centroids,22,b1d70dc422144876
global_centroids,23,a83244551c22bb57
global_centroids,24,d96650f326e6b564
global_centroids,25,d4e4a17c31973684
global_centroids,26,cd23542229e32001
global_centroids,27,7382ae107a015445
global_centroids,28,19a387c82a783729
global_centroids,29,5b2a425897642c5a
global_centroids,30,eb0d1318d1125504
global_centroids,31,dc9f03ed2c208861
global_centroids,32,f284915a3f592b86
global_centroids,33,e056482eec14dec6
global_centroids,34,22aef2a134f6d88f
global_centroids,35,580ef3039dc53b95
global_centroids,36,54bca99b20bf69d1
global_centroids,37,4c80926f2a51cfe7
global_centroids,38,77fbd52f6718743d
global_centroids,39,fb4298e05c2e88ab
global_centroids,40,1b2719ad62f65468
global_centroids,41,0065ea44bcd594b9
global_centroids,42,089a7d492a733109
global_centroids,43,abf725210242d43a
global_centroids,44,01f763769e90d003
global_centroids,45,ac7f2d3dde0d52a9
global_centroids,46,f5836cb93d3580fe
global_centroids,47,6a6d56588b68a94c
global_centroids,48,4561f1400f5df16d
global_centroids,49,6094195ffe5aa2a4
global_centroids,50,d0f3f5923c418648
global_centroids,51,5b373f310afb140f
global_centroids,52,46e36d7686bb8490
global_centroids,53,958e3d4999044285
global_centroids,54,00d40c2b2eb8d7b7
global_centroids,55,fb2aa81ec2c0c675
global_centroids,56,aca2ffb6a7371123
global_centroids,57,eed8be8893e3e4d6
global_centroids,58,e25ab5d18ec5bdf0
global_centroids,59,2fadf6cfa7d1660a
global_centroids,60,8e4642af0f4178d8
global_centroids,61,41243c39667849ae
global_centroids,62,a023e513ad2ea571
global_centroids,63,0284d3f319120430
global_centroids,64,94bc9d105c1181f4
global_centroids,65,787b8aa9850a9565
global_centroids,66,11b2f15c522eae06
global_centroids,67,efaee55873b7f8d8
global_centroids,68,e799029bcd87f90d
global_centroids,69,9cf8b07d7b6c2228
global_centroids,70,56f4bb508794df1c
global_centroids,71,d53fbc66f8c529bb
global_centroids,72,46b02e33a78a90d9
global_centroids,73,7da68550277036c6
global_centroids,74,0699146e38853697
global_centroids,75,28439f2dc02e4550
global_centroids,76,b08aed059399d4ba
global_centroids,77,9006a9ff65e85046
global_centroids,78,bd319cab44f22e1c
global_centroids,79,5e9f0a778e572c31
global_centroids,80,acf048712f46594b
global_centroids,81,a2b3d541671c8844
global_centroids,82,ff4b2c1f1b077870
global_centroids,83,664ef0e2f89b8070
global_centroids,84,a2c70d5368dd8237
global_centroids,85,e090f0998a085342
global_centroids,86,589ded3f26a2bcc4
global_centroids,87,d463bce029950ad2
global_centroids,88,d548877f5a2cfb72
global_centroids,89,93014d8a63a35c89
global_centroids,90,e19429aaf1518369
global_centroids,91,8a50f59e6a48c3f9
global_centroids,92,fbb23406c6a63e7e
global_centroids,93,e3f04fb286c68ccc
global_centroids,94,fe32cfcd834387e4
global_centroids,95,7a7e0b9656cf8b95
global_centroids,96,c21963fb3d56acab
global_centroids,97,5ea83faffa818955
global_centroids,98,af2400ff0ad0b883
global_centroids,99,773b4d2e6c9268da
global_centroids,100,3f32455faa0908e5
static_local_degree,1,0c4ba77b2e9d8edc
static_local_degree,2,f80b9b87c928d629
static_local_degree,3,db3947165ba372f1
static_local_degree,4,0e8da24e5c2dd59b
static_local_degree,5,2918aa4dca2f0145
static_local_degree,6,3670f2d2ddf87e54
static_local_degree,7,72a6bcb17a06a5cb
static_local_degree,8,bb39737825e6366f
static_local_degree,9,2a976c8c7fdddc1a
static_local_degree,10,41819bf4c59c9e54
static_local_degree,11,074e3063222539c3
static_local_degree,12,089a7d492a733109
static_local_degree,13,2a4458534e3be467
static_local_degree,14,3aeb311fe06de2bb
static_local_degree,15,4cf3eb7a5806583d
static_local_degree,16,58f124be36cddd15
static_local_degree,17,5f14ecc056506969
static_local_degree,18,7cc1a31281361584
static_local_degree,19,8f47ea5ab91908dc
static_local_degree,20,cbd5b5e474717b64
static_local_degree,21,d30d2848ecebd670
static_local_degree,22,f4d58ac6e0b80ee8
static_local_degree,23,fb2aa81ec2c0c675
static_local_degree,24,09da42b506e5bfac
static_local_degree,25,3ab94f02197ceb48
static_local_degree,26,960fa7317cad4bc4
static_local_degree,27,d0fdba4d7360f8fd
static_local_degree,28,fa2f78ca893c3904
static_local_degree,29,085e31aaa1f5ffb0
static_local_degree,30,962ccd67e797f53d
static_local_degree,31,9778e2c6d876749b
static_local_degree,32,c1f23791c7e4feb3
static_local_degree,33,1bce4aabf304f135
static_local_degree,34,4c1f778e6a819e24
static_local_degree,35,a83e00ec3cdd568e
static_local_degree,36,d364d7c722665dd3
static_local_degree,37,e890fe228531531b
static_local_degree,38,fcb7c41a2f62bbe0
static_local_degree,39,19da72d089a4597f
static_local_degree,40,54b515e104cf1afe
static_local_degree,41,89d500b5b08be96b
static_local_degree,42,9234fba30e3842c0
static_local_degree,43,959831b37d7519a8
static_local_degree,44,beb45c179fd94683
static_local_degree,45,dcd669c1b3d8457d
static_local_degree,46,e5e51e62f6312496
static_local_degree,47,eb13ae715d3d87ed
static_local_degree,48,4de5a9e77bdc11fa
static_local_degree,49,01ab59034d661797
static_local_degree,50,035febe7fba8b17f
static_local_degree,51,066e357935cbfa52
static_local_degree,52,07512dc9313091b8
static_local_degree,53,076fead1c9d300fe
static_local_degree,54,082b34b7380337d6
static_local_degree,55,09211f978638404e
static_local_degree,56,0e9da048b92ff8e8
static_local_degree,57,0fb5ab5f1ad2d516
static_local_degree,58,103f656a43ec169d
static_local_degree,59,123d0a3ac1223874
static_local_degree,60,18e0f8389766bd69
static_local_degree,61,1b2719ad62f65468
static_local_degree,62,2302b4b73d71e037
static_local_degree,63,237e772349b5f2c8
static_local_degree,64,25d4ebb07310259c
static_local_degree,65,26dfe78badf3d531
static_local_degree,66,278e592988af45bf
static_local_degree,67,27ec75ef3e3d186e
static_local_degree,68,2818f3869425b28d
static_local_degree,69,2884747efc255cd4
static_local_degree,70,322d505ec18187a2
static_local_degree,71,32edb748b1c52f84
static_local_degree,72,34b799173faf6c17
static_local_degree,73,35de39c5fa390596
static_local_degree,74,365e730398487c6a
static_local_degree,75,38df9b4d4efd8d63
static_local_degree,76,3b90649393cdea7e
static_local_degree,77,408bc90adc3b6395
static_local_degree,78,428014b4e5812279
static_local_degree,79,429c667aabeb06fe
static_local_degree,80,447bf465cad145de
static_local_degree,81,4ff18d2c6c8a2f65
static_local_degree,82,543c84fcbe884d8c
static_local_degree,83,55bdabdd33d3b7dd
static_local_degree,84,56799104918c0c5b
static_local_degree,85,583d9e156517f031
static_local_degree,86,5b7349a1fc6c7469
static_local_degree,87,5bca388c3b824a3a
static_local_degree,88,630f19fa69a8f108
static_local_degree,89,63ba7b3c59bc0142
static_local_degree,90,64c88b045908917c
static_local_degree,91,678e4f64b3f79757
static_local_degree,92,6cdb93c14f283ebf
static_local_degree,93,6d08e6a1c926f0a3
static_local_degree,94,7527d694667fa7a2
static_local_degree,95,7661e4cffcead8b9
static_local_degree,96,7926fc46cac9b48b
static_local_degree,97,797ddb0a986f7158
static_local_degree,98,79cdb5931a0ebb4a
static_local_degree,99,7b6424b7b6bc5318
static_local_degree,100,7f40117646d3155e
