family_internal,dino_r0.5_s11,dino_r0.5_s23,dino_r0.5_s37,dino_r1_s11,dino_r1_s23,dino_r1_s37,dino_r1.5_s11,dino_r1.5_s23,dino_r1.5_s37,reweighted_r0.5_s11,reweighted_r0.5_s23,reweighted_r0.5_s37,reweighted_r1_s23,reweighted_r1_s37,reweighted_r1.5_s11,reweighted_r1.5_s23,reweighted_r1.5_s37
0,0.7953586497890295,0.7953586497890295,0.7953586497890295,0.566079295154185,0.5859030837004405,0.5859030837004405,0.43171806167400884,0.44493392070484583,0.43171806167400884,0.798728813559322,0.8090128755364807,0.798728813559322,0.6111111111111112,0.6111111111111112,0.6737400530503979,0.6737400530503979,0.6737400530503979
1,0.7201834862385321,0.6993318485523385,0.7201834862385321,0.7948717948717948,0.7948717948717948,0.7948717948717948,0.6374622356495468,0.4759036144578313,0.6374622356495468,0.9154518950437318,0.8770949720670391,0.8770949720670391,0.9012738853503185,0.9012738853503185,0.8757961783439491,0.7802547770700637,0.7714285714285715
2,0.5420743639921722,0.34122287968441817,0.3392156862745098,0.8377483443708609,0.7987012987012987,0.7993527508090615,0.576271186440678,0.5548172757475083,0.5070422535211268,0.5526315789473685,0.65807962529274,0.32326820603907636,0.9894366197183099,0.9894366197183099,0.6334519572953736,0.6227758007117438,0.6370106761565836
3,0.7358490566037735,0.8425925925925926,0.8425925925925926,0.8551236749116607,0.9446366782006921,0.8551236749116607,0.6892857142857143,0.6843971631205674,0.6843971631205674,0.9963503649635036,0.9963503649635036,0.9963503649635036,1.0,0.9963503649635036,0.9963503649635036,0.9963503649635036,1.0
4,0.7235494880546075,0.5766233766233766,0.5766233766233766,0.40070921985815605,0.7245283018867924,0.8091603053435115,0.4028776978417266,0.40875912408759124,0.4028776978417266,0.6822157434402333,0.6862170087976539,0.6822157434402333,0.8504273504273504,0.8396624472573839,0.5889830508474576,0.5769230769230769,0.594017094017094
5,0.5467289719626168,0.5467289719626168,0.5467289719626168,0.6635220125786163,0.8081180811808119,0.6419753086419753,0.4700854700854701,0.8760683760683761,0.8760683760683761,0.5454545454545454,0.5454545454545454,0.5454545454545454,0.9401709401709402,0.9401709401709402,0.8803418803418803,0.7735042735042735,0.8589743589743589
6,0.8846153846153846,0.8846153846153846,0.8846153846153846,0.5,0.5,0.5,0.5,0.5,0.5138888888888888,0.8846153846153846,0.8846153846153846,0.8846153846153846,1.0,1.0,0.4927536231884058,0.4927536231884058,0.4927536231884058
7,0.6188925081433225,0.5850746268656717,0.5382513661202186,0.49583333333333335,0.6035714285714285,0.49583333333333335,0.4592274678111588,0.4592274678111588,0.5251141552511416,0.7598425196850394,0.7598425196850394,0.7598425196850394,0.985,0.965,0.95,0.95,0.985
8,0.9234972677595629,0.8492462311557789,0.9337016574585635,0.8666666666666667,0.9337016574585635,0.9337016574585635,0.8555555555555555,0.8555555555555555,0.8555555555555555,0.9771428571428571,0.9771428571428571,0.9771428571428571,1.0,1.0,0.9942196531791907,0.9942196531791907,0.9942196531791907
9,0.37037037037037035,0.37037037037037035,0.37037037037037035,0.36666666666666664,0.7692307692307693,0.36666666666666664,0.4939759036144578,0.4939759036144578,0.4939759036144578,0.3822843822843823,0.3822843822843823,0.3822843822843823,0.9213483146067416,0.9213483146067416,0.711864406779661,0.6484848484848484,0.7636363636363637
10,0.7574257425742574,0.7574257425742574,0.7574257425742574,0.9386503067484663,0.9386503067484663,0.9386503067484663,0.9386503067484663,0.9386503067484663,0.987012987012987,0.9935064935064936,1.0,0.9935064935064936,1.0,1.0,1.0,1.0,1.0
11,0.6729857819905213,0.6729857819905213,0.7553191489361702,0.9726027397260274,0.8819875776397516,0.8819875776397516,0.9726027397260274,0.9726027397260274,0.9726027397260274,0.6682464454976303,0.6682464454976303,0.6682464454976303,1.0,1.0,0.9791666666666666,0.9791666666666666,0.9791666666666666
12,0.654639175257732,0.20941176470588235,0.20941176470588235,0.4068627450980392,0.4117647058823529,0.7916666666666666,0.4692737430167598,0.6027397260273972,0.4659090909090909,0.6727272727272727,0.6491228070175439,0.6727272727272727,0.986013986013986,0.986013986013986,0.9178082191780822,0.6442953020134228,0.6575342465753424
13,0.18235294117647058,0.18235294117647058,0.18235294117647058,0.19329896907216496,0.1889168765743073,0.1889168765743073,0.22935779816513763,0.22522522522522523,0.22935779816513763,0.1830708661417323,0.17588932806324112,0.1830708661417323,0.21927710843373494,0.21927710843373494,0.7131782945736435,0.7131782945736435,0.7829457364341085
14,0.569060773480663,0.5469613259668509,0.5469613259668509,0.7404580152671756,0.4585635359116022,0.4585635359116022,0.7404580152671756,0.7404580152671756,0.5877862595419847,0.6098901098901099,0.4357976653696498,0.7230769230769231,0.8769230769230769,0.8769230769230769,0.9047619047619048,0.9047619047619048,0.9047619047619048
15,0.5359477124183006,0.45098039215686275,0.6030534351145038,0.43410852713178294,0.5076923076923077,0.36220472440944884,0.43410852713178294,0.43410852713178294,0.32558139534883723,0.6708860759493671,0.6708860759493671,0.6708860759493671,1.0,1.0,0.8174603174603174,0.8095238095238095,0.8174603174603174
16,0.7058823529411765,0.35036496350364965,0.35687732342007433,0.7058823529411765,0.7058823529411765,0.7058823529411765,0.7058823529411765,0.7058823529411765,0.7058823529411765,0.9473684210526315,0.9921259842519685,0.5316455696202531,1.0,1.0,0.9761904761904762,0.9761904761904762,0.9761904761904762
17,0.8142857142857143,0.95,0.95,0.925,0.925,0.95,0.7948717948717948,0.8205128205128205,0.7948717948717948,0.8111888111888111,0.8111888111888111,0.8181818181818182,1.0,1.0,1.0,1.0,1.0
18,0.17537313432835822,0.17537313432835822,0.17537313432835822,0.3333333333333333,0.3333333333333333,0.3333333333333333,0.3492063492063492,0.3492063492063492,0.40869565217391307,0.8014705882352942,0.8014705882352942,0.8014705882352942,0.9658119658119658,0.5132743362831859,0.5132743362831859,0.5132743362831859,0.5132743362831859
19,0.32142857142857145,0.6097560975609756,0.4723926380368098,0.4732142857142857,0.43902439024390244,0.43902439024390244,0.4732142857142857,0.4732142857142857,0.4732142857142857,1.0,1.0,0.417910447761194,0.5,0.5,0.5,0.5,0.5
20,0.45045045045045046,0.45045045045045046,0.45045045045045046,0.6993006993006993,0.6993006993006993,0.6993006993006993,0.7874015748031497,0.7874015748031497,0.7874015748031497,0.9345794392523364,0.9345794392523364,0.9345794392523364,0.9345794392523364,0.9345794392523364,0.92,0.92,0.92
21,0.6217948717948718,0.6217948717948718,0.6217948717948718,0.5492957746478874,0.5492957746478874,0.8878504672897196,0.5140845070422535,0.5140845070422535,0.6635514018691588,1.0,1.0,0.5511363636363636,1.0,1.0,0.78,0.78,0.78
22,0.16184971098265896,0.20437956204379562,0.2028985507246377,0.3514644351464435,0.308,0.3155737704918033,0.6086956521739131,0.6511627906976745,0.6131386861313869,0.1686746987951807,0.21345707656612528,0.19658119658119658,0.7014925373134329,0.7014925373134329,0.9795918367346939,0.5301204819277109,0.9795918367346939
23,0.40540540540540543,0.40540540540540543,0.4368932038834951,0.44680851063829785,0.44680851063829785,0.44680851063829785,0.44680851063829785,0.44680851063829785,0.44680851063829785,0.5,0.5,0.5,1.0,1.0,0.5,0.5,0.5
24,0.40540540540540543,0.40540540540540543,0.40540540540540543,0.9444444444444444,0.9444444444444444,0.9444444444444444,0.9444444444444444,0.9444444444444444,0.9444444444444444,0.6976744186046512,0.6976744186046512,0.8411214953271028,0.8411214953271028,0.8411214953271028,1.0,1.0,1.0
25,0.4866666666666667,0.4866666666666667,0.4866666666666667,0.5100671140939598,0.46938775510204084,0.46621621621621623,0.8333333333333334,0.7555555555555555,0.723404255319149,0.5753424657534246,0.6153846153846154,0.84,0.9550561797752809,0.9550561797752809,0.9438202247191011,0.9438202247191011,0.898876404494382
26,0.1752808988764045,0.1703056768558952,0.1752808988764045,0.75,0.7840909090909091,0.75,0.75,0.6781609195402298,0.75,0.9080459770114943,0.39263803680981596,0.39263803680981596,0.9425287356321839,0.9195402298850575,0.9195402298850575,0.9195402298850575,0.7701149425287356
27,0.6142857142857143,0.6142857142857143,0.6142857142857143,0.9148936170212766,0.9148936170212766,0.9148936170212766,0.9148936170212766,0.9148936170212766,0.9148936170212766,0.4574468085106383,0.4574468085106383,0.4574468085106383,1.0,1.0,1.0,1.0,1.0
28,0.5971223021582733,0.5971223021582733,0.5971223021582733,0.9764705882352941,0.9764705882352941,0.9764705882352941,0.9764705882352941,0.9764705882352941,0.9764705882352941,0.6159420289855072,0.6159420289855072,0.6159420289855072,1.0,1.0,1.0,1.0,1.0
29,0.3374233128834356,0.3374233128834356,0.3374233128834356,0.3333333333333333,0.3525641025641026,0.3503184713375796,0.5729166666666666,0.5670103092783505,0.49107142857142855,0.21652421652421652,0.2177650429799427,0.21652421652421652,1.0,0.9642857142857143,0.9047619047619048,0.8837209302325582,0.9047619047619048
30,0.43315508021390375,0.4879518072289157,0.4879518072289157,0.5564516129032258,0.5564516129032258,0.5564516129032258,0.8372093023255814,0.8372093023255814,0.8372093023255814,0.675,0.675,0.675,1.0,1.0,1.0,1.0,1.0
31,0.14677103718199608,0.18610421836228289,0.18472906403940886,0.3246753246753247,0.3191489361702128,0.32751091703056767,0.539568345323741,0.4807692307692308,0.4966887417218543,0.1601642710472279,0.32510288065843623,0.16774193548387098,1.0,1.0,0.975,0.975,0.975
32,0.477124183006536,0.5407407407407407,0.477124183006536,0.9240506329113924,0.9240506329113924,0.9240506329113924,0.9240506329113924,0.9240506329113924,0.9240506329113924,0.6370967741935484,0.6370967741935484,0.44886363636363635,1.0,1.0,1.0,1.0,1.0
33,0.8452380952380952,0.9342105263157895,0.9047619047619048,0.9342105263157895,0.9342105263157895,0.9342105263157895,0.9342105263157895,0.9342105263157895,0.9342105263157895,0.9047619047619048,0.5428571428571428,0.5428571428571428,1.0,1.0,1.0,1.0,1.0
34,0.3136094674556213,0.20710059171597633,0.3136094674556213,0.5520833333333334,0.5520833333333334,0.5520833333333334,0.4927536231884058,0.5631067961165048,0.4927536231884058,0.7244897959183674,0.7244897959183674,0.7244897959183674,1.0,1.0,1.0,1.0,1.0
35,0.371900826446281,0.6,0.371900826446281,0.49333333333333335,0.49333333333333335,0.4666666666666667,0.49333333333333335,0.49333333333333335,0.4666666666666667,0.30201342281879195,0.30201342281879195,1.0,1.0,1.0,0.6428571428571429,0.6428571428571429,0.6428571428571429
36,0.28,0.28654970760233917,0.28654970760233917,0.927536231884058,0.3161290322580645,0.3161290322580645,0.7101449275362319,0.7101449275362319,0.7101449275362319,0.2802197802197802,0.19767441860465115,0.10187110187110188,1.0,1.0,1.0,1.0,1.0
37,0.4380952380952381,0.4946236559139785,0.4380952380952381,0.8363636363636363,0.5974025974025974,0.5974025974025974,0.8363636363636363,0.8363636363636363,0.8363636363636363,1.0,1.0,1.0,1.0,1.0,1.0,1.0,1.0
38,0.38686131386861317,0.38686131386861317,0.38686131386861317,0.7361111111111112,0.7361111111111112,0.7361111111111112,0.7361111111111112,0.7361111111111112,0.7361111111111112,0.38405797101449274,0.38405797101449274,0.38405797101449274,1.0,1.0,1.0,1.0,1.0
39,0.24170616113744076,0.24170616113744076,0.9433962264150944,0.9433962264150944,0.9433962264150944,0.9433962264150944,0.9433962264150944,0.9433962264150944,0.9433962264150944,0.24880382775119617,0.24880382775119617,0.24880382775119617,1.0,1.0,1.0,1.0,1.0
40,0.3879310344827586,0.8823529411764706,0.8823529411764706,0.8823529411764706,0.8823529411764706,0.8823529411764706,0.8823529411764706,0.8823529411764706,0.8823529411764706,1.0,1.0,0.4766355140186916,1.0,1.0,1.0,1.0,1.0
41,0.96,0.96,0.96,0.96,0.96,0.96,0.96,0.96,0.96,1.0,1.0,1.0,1.0,1.0,1.0,1.0,1.0
42,0.13559322033898305,0.13559322033898305,0.13559322033898305,0.22727272727272727,0.22727272727272727,0.22727272727272727,0.1651376146788991,0.1651376146788991,0.1651376146788991,0.2867647058823529,0.2867647058823529,0.21568627450980393,0.20952380952380953,0.21568627450980393,0.8518518518518519,0.8518518518518519,0.8518518518518519
43,0.0975609756097561,0.10606060606060606,0.10606060606060606,0.5,0.9512195121951219,0.5,0.5,0.5,0.5,1.0,1.0,0.9512195121951219,1.0,1.0,1.0,1.0,1.0
44,0.10526315789473684,0.375,0.08648648648648649,0.22695035460992907,0.6122448979591837,0.22695035460992907,0.6122448979591837,0.6122448979591837,0.6122448979591837,0.1349206349206349,0.1349206349206349,0.1349206349206349,0.9512195121951219,0.9512195121951219,0.8717948717948718,0.723404255319149,0.8717948717948718
45,0.20855614973262032,0.23493975903614459,0.23493975903614459,0.3482142857142857,0.3482142857142857,0.3482142857142857,1.0,1.0,1.0,0.325,0.325,0.325,1.0,1.0,1.0,1.0,1.0
46,0.926829268292683,0.4634146341463415,0.926829268292683,0.926829268292683,0.926829268292683,0.926829268292683,0.926829268292683,0.926829268292683,0.926829268292683,1.0,1.0,1.0,1.0,1.0,1.0,1.0,1.0
47,0.23717948717948717,0.23717948717948717,0.23717948717948717,0.3783783783783784,0.3783783783783784,0.6363636363636364,0.3783783783783784,0.3783783783783784,0.6363636363636364,1.0,1.0,1.0,1.0,1.0,1.0,1.0,1.0
48,0.16216216216216217,0.16216216216216217,0.16216216216216217,0.9736842105263158,0.6486486486486487,0.48,0.6486486486486487,0.9736842105263158,0.9736842105263158,0.16216216216216217,0.16216216216216217,0.16216216216216217,1.0,1.0,0.9487179487179487,0.9487179487179487,1.0
49,0.24545454545454545,0.27835051546391754,0.15053763440860216,0.42857142857142855,0.4090909090909091,0.40298507462686567,0.40298507462686567,0.40298507462686567,0.38028169014084506,0.2028985507246377,0.2028985507246377,0.2028985507246377,1.0,1.0,0.5490196078431373,0.5490196078431373,0.5490196078431373
50,0.14444444444444443,0.8518518518518519,0.8518518518518519,0.9629629629629629,0.9629629629629629,0.9629629629629629,0.9629629629629629,0.9629629629629629,0.9629629629629629,0.10273972602739725,0.18439716312056736,0.10273972602739725,1.0,1.0,1.0,1.0,1.0
51,1.0,1.0,1.0,1.0,1.0,1.0,1.0,1.0,1.0,0.176056338028169,0.176056338028169,0.17482517482517482,1.0,1.0,1.0,1.0,1.0
52,0.14093959731543623,0.16030534351145037,0.14093959731543623,0.27631578947368424,0.27631578947368424,0.27631578947368424,0.84,0.23863636363636365,0.84,0.24468085106382978,0.24468085106382978,0.24468085106382978,1.0,1.0,1.0,1.0,1.0
53,0.9545454545454546,0.9545454545454546,0.9545454545454546,0.9545454545454546,0.9545454545454546,0.45652173913043476,0.9545454545454546,0.9545454545454546,0.9545454545454546,0.14893617021276595,0.14788732394366197,1.0,1.0,1.0,1.0,1.0,1.0
54,0.07692307692307693,0.07692307692307693,0.07692307692307693,0.9444444444444444,0.9444444444444444,0.9444444444444444,0.9444444444444444,0.9444444444444444,0.9444444444444444,0.07692307692307693,0.07692307692307693,0.07692307692307693,1.0,1.0,1.0,1.0,1.0
55,0.07692307692307693,0.0513595166163142,0.046831955922865015,0.23529411764705882,0.06827309236947791,0.23529411764705882,0.24285714285714285,0.25,0.25,0.12878787878787878,0.12878787878787878,0.12878787878787878,1.0,0.19540229885057472,0.2125,0.2125,0.2361111111111111
56,0.021611001964636542,0.044715447154471545,0.04564315352697095,0.03985507246376811,0.04,0.039711191335740074,0.05913978494623656,0.0582010582010582,0.09243697478991597,0.46153846153846156,0.040268456375838924,0.05485232067510549,0.46153846153846156,0.46153846153846156,1.0,0.7647058823529411,1.0
57,0.038461538461538464,0.038461538461538464,0.038461538461538464,0.07692307692307693,0.07692307692307693,0.07692307692307693,0.07692307692307693,0.07692307692307693,0.075,0.038461538461538464,0.038461538461538464,0.038461538461538464,1.0,1.0,0.07894736842105263,0.07894736842105263,0.07894736842105263
58,1.0,1.0,1.0,0.08888888888888889,1.0,1.0,1.0,1.0,1.0,1.0,1.0,1.0,1.0,1.0,1.0,1.0,1.0
59,1.0,1.0,1.0,1.0,1.0,1.0,1.0,1.0,1.0,1.0,1.0,1.0,1.0,1.0,1.0,1.0,1.0
60,1.0,1.0,1.0,1.0,1.0,1.0,1.0,1.0,1.0,1.0,1.0,1.0,1.0,1.0,1.0,1.0,1.0
61,1.0,0.012531328320802004,0.012437810945273632,1.0,1.0,1.0,0.03968253968253968,0.042735042735042736,0.04,1.0,1.0,1.0,1.0,1.0,1.0,1.0,1.0
62,1.0,1.0,1.0,1.0,1.0,1.0,1.0,1.0,1.0,1.0,1.0,1.0,1.0,1.0,1.0,1.0,1.0
63,1.0,1.0,1.0,1.0,1.0,1.0,1.0,1.0,1.0,1.0,1.0,1.0,1.0,1.0,1.0,1.0,1.0
64,1.0,1.0,1.0,1.0,1.0,1.0,1.0,1.0,1.0,1.0,1.0,1.0,1.0,1.0,1.0,1.0,1.0
65,1.0,1.0,1.0,1.0,1.0,1.0,1.0,1.0,1.0,1.0,1.0,1.0,1.0,1.0,1.0,1.0,1.0
66,1.0,1.0,1.0,1.0,1.0,1.0,1.0,1.0,1.0,1.0,1.0,1.0,1.0,1.0,1.0,1.0,1.0
67,0.014760147601476014,0.010723860589812333,0.010723860589812333,0.024844720496894408,0.017937219730941704,0.016666666666666666,0.02564102564102564,0.02631578947368421,0.02564102564102564,0.011661807580174927,0.011730205278592375,0.011661807580174927,0.047058823529411764,0.047058823529411764,0.058823529411764705,0.06349206349206349,0.06349206349206349
68,1.0,1.0,1.0,1.0,1.0,1.0,1.0,1.0,1.0,1.0,1.0,1.0,1.0,1.0,1.0,1.0,1.0
69,1.0,1.0,1.0,1.0,1.0,1.0,1.0,1.0,1.0,1.0,1.0,1.0,1.0,1.0,1.0,1.0,1.0
70,1.0,1.0,1.0,1.0,1.0,1.0,1.0,1.0,1.0,1.0,1.0,1.0,1.0,1.0,1.0,1.0,1.0
71,1.0,1.0,1.0,1.0,1.0,1.0,1.0,1.0,1.0,1.0,1.0,1.0,1.0,1.0,1.0,1.0,1.0
72,1.0,1.0,1.0,1.0,1.0,1.0,1.0,1.0,1.0,1.0,1.0,1.0,1.0,1.0,1.0,1.0,1.0
73,1.0,1.0,1.0,1.0,1.0,1.0,1.0,1.0,1.0,1.0,1.0,1.0,1.0,1.0,1.0,1.0,1.0
74,1.0,1.0,1.0,1.0,1.0,1.0,1.0,1.0,1.0,1.0,1.0,1.0,1.0,1.0,1.0,1.0,1.0
75,1.0,1.0,1.0,1.0,1.0,1.0,1.0,1.0,1.0,1.0,1.0,1.0,1.0,1.0,1.0,1.0,1.0
76,1.0,1.0,1.0,1.0,1.0,1.0,1.0,1.0,1.0,1.0,1.0,1.0,1.0,1.0,1.0,1.0,1.0
77,1.0,1.0,1.0,1.0,1.0,1.0,1.0,1.0,1.0,1.0,1.0,1.0,1.0,1.0,1.0,1.0,1.0
78,0.007009345794392523,0.007009345794392523,0.007009345794392523,0.036585365853658534,0.0189873417721519,0.036585365853658534,0.038461538461538464,0.04054054054054054,0.04054054054054054,1.0,1.0,1.0,1.0,1.0,1.0,0.02830188679245283,1.0
79,0.016666666666666666,0.015306122448979591,0.016853932584269662,0.018292682926829267,0.016853932584269662,0.016853932584269662,0.018518518518518517,0.018518518518518517,0.018518518518518517,0.017241379310344827,0.017241379310344827,0.017241379310344827,1.0,1.0,1.0,1.0,1.0
80,0.006880733944954129,0.0066815144766146995,0.006880733944954129,0.00949367088607595,0.00949367088607595,0.00949367088607595,0.013157894736842105,0.022556390977443608,0.013157894736842105,0.008746355685131196,0.008379888268156424,0.008379888268156424,1.0,1.0,1.0,0.08108108108108109,0.08108108108108109
81,1.0,0.012295081967213115,0.012552301255230125,1.0,1.0,1.0,1.0,1.0,0.02564102564102564,1.0,1.0,1.0,1.0,1.0,1.0,1.0,1.0
82,0.005917159763313609,0.007518796992481203,0.007462686567164179,1.0,1.0,1.0,0.023809523809523808,1.0,0.024,1.0,1.0,1.0,1.0,0.034482758620689655,1.0,1.0,1.0
83,0.01107011070110701,0.00804289544235925,0.00804289544235925,0.018633540372670808,0.75,0.75,0.04477611940298507,0.04411764705882353,0.75,1.0,1.0,1.0,1.0,1.0,1.0,1.0,1.0
84,1.0,1.0,1.0,1.0,1.0,1.0,1.0,1.0,1.0,1.0,1.0,1.0,1.0,1.0,1.0,1.0,1.0
85,1.0,1.0,1.0,1.0,1.0,1.0,1.0,1.0,1.0,1.0,1.0,1.0,1.0,1.0,1.0,1.0,1.0
86,1.0,1.0,1.0,1.0,1.0,1.0,1.0,1.0,1.0,1.0,1.0,1.0,1.0,1.0,1.0,1.0,1.0
87,1.0,1.0,1.0,1.0,1.0,1.0,1.0,1.0,1.0,1.0,1.0,1.0,1.0,1.0,1.0,1.0,1.0
88,1.0,1.0,1.0,1.0,1.0,1.0,1.0,1.0,1.0,1.0,1.0,1.0,1.0,1.0,1.0,1.0,1.0
89,1.0,1.0,1.0,1.0,1.0,1.0,1.0,1.0,1.0,1.0,1.0,1.0,1.0,1.0,1.0,1.0,1.0
90,1.0,1.0,1.0,1.0,1.0,1.0,1.0,1.0,1.0,1.0,1.0,1.0,1.0,1.0,1.0,1.0,1.0
91,1.0,1.0,1.0,1.0,1.0,1.0,1.0,1.0,1.0,1.0,1.0,1.0,1.0,1.0,1.0,1.0,1.0
92,1.0,1.0,1.0,1.0,1.0,1.0,1.0,1.0,1.0,1.0,1.0,1.0,1.0,1.0,1.0,1.0,1.0
93,1.0,1.0,1.0,1.0,1.0,1.0,1.0,1.0,1.0,1.0,1.0,1.0,1.0,1.0,1.0,1.0,1.0
94,1.0,1.0,1.0,1.0,1.0,1.0,1.0,1.0,1.0,1.0,1.0,1.0,1.0,1.0,1.0,1.0,1.0
95,1.0,1.0,1.0,1.0,1.0,1.0,1.0,1.0,1.0,1.0,1.0,1.0,1.0,1.0,1.0,1.0,1.0
96,1.0,1.0,1.0,1.0,1.0,1.0,1.0,1.0,1.0,1.0,1.0,1.0,1.0,1.0,1.0,1.0,1.0
97,1.0,1.0,1.0,1.0,1.0,1.0,1.0,1.0,1.0,1.0,1.0,1.0,1.0,1.0,1.0,1.0,1.0
98,1.0,1.0,1.0,1.0,1.0,1.0,1.0,1.0,1.0,1.0,1.0,1.0,1.0,1.0,1.0,1.0,1.0
99,1.0,1.0,1.0,1.0,1.0,1.0,1.0,1.0,1.0,1.0,1.0,1.0,1.0,1.0,1.0,1.0,1.0
100,1.0,1.0,1.0,1.0,1.0,1.0,1.0,1.0,1.0,1.0,1.0,1.0,1.0,1.0,1.0,1.0,1.0
101,1.0,1.0,1.0,1.0,1.0,1.0,1.0,1.0,1.0,1.0,1.0,1.0,1.0,1.0,1.0,1.0,1.0
102,1.0,1.0,1.0,1.0,1.0,1.0,1.0,1.0,1.0,1.0,1.0,1.0,1.0,1.0,1.0,1.0,1.0
103,1.0,1.0,1.0,1.0,1.0,1.0,1.0,1.0,1.0,1.0,1.0,1.0,1.0,1.0,1.0,1.0,1.0
104,1.0,1.0,1.0,1.0,1.0,1.0,1.0,1.0,1.0,1.0,1.0,1.0,1.0,1.0,1.0,1.0,1.0
105,1.0,1.0,1.0,1.0,1.0,1.0,1.0,1.0,1.0,1.0,1.0,1.0,1.0,1.0,1.0,1.0,1.0
106,1.0,1.0,1.0,1.0,1.0,1.0,1.0,1.0,1.0,1.0,1.0,1.0,1.0,1.0,1.0,1.0,1.0
107,1.0,1.0,1.0,1.0,1.0,1.0,1.0,1.0,1.0,1.0,1.0,1.0,1.0,1.0,1.0,1.0,1.0
108,1.0,1.0,1.0,1.0,1.0,1.0,1.0,1.0,1.0,1.0,1.0,1.0,1.0,1.0,1.0,1.0,1.0
109,1.0,1.0,1.0,1.0,1.0,1.0,1.0,1.0,1.0,1.0,1.0,1.0,1.0,1.0,1.0,1.0,1.0
110,1.0,1.0,1.0,1.0,1.0,1.0,1.0,1.0,1.0,1.0,1.0,1.0,1.0,1.0,1.0,1.0,1.0
111,1.0,1.0,1.0,1.0,1.0,1.0,1.0,1.0,1.0,1.0,1.0,1.0,1.0,1.0,1.0,1.0,1.0
112,1.0,1.0,1.0,1.0,1.0,1.0,1.0,1.0,1.0,1.0,1.0,1.0,1.0,1.0,1.0,1.0,1.0
113,1.0,1.0,1.0,1.0,1.0,1.0,1.0,1.0,1.0,1.0,1.0,1.0,1.0,1.0,1.0,1.0,1.0
114,1.0,1.0,1.0,1.0,1.0,1.0,1.0,1.0,1.0,1.0,1.0,1.0,1.0,1.0,1.0,1.0,1.0
115,1.0,1.0,1.0,1.0,1.0,1.0,1.0,1.0,1.0,1.0,1.0,1.0,1.0,1.0,1.0,1.0,1.0
116,1.0,1.0,1.0,1.0,1.0,1.0,1.0,1.0,1.0,1.0,1.0,1.0,1.0,1.0,1.0,1.0,1.0
117,1.0,1.0,1.0,1.0,1.0,1.0,1.0,1.0,1.0,1.0,1.0,1.0,1.0,1.0,1.0,1.0,1.0
118,1.0,1.0,1.0,1.0,1.0,1.0,1.0,1.0,1.0,1.0,1.0,1.0,1.0,1.0,1.0,1.0,1.0
119,1.0,1.0,1.0,1.0,1.0,1.0,1.0,1.0,1.0,1.0,1.0,1.0,1.0,1.0,1.0,1.0,1.0
120,1.0,1.0,1.0,1.0,1.0,1.0,1.0,1.0,1.0,1.0,1.0,1.0,1.0,1.0,1.0,1.0,1.0
121,1.0,1.0,1.0,1.0,1.0,1.0,1.0,1.0,1.0,1.0,1.0,1.0,1.0,1.0,1.0,1.0,1.0
122,1.0,1.0,1.0,1.0,1.0,1.0,1.0,1.0,1.0,1.0,1.0,1.0,1.0,1.0,1.0,1.0,1.0
123,1.0,1.0,1.0,1.0,1.0,1.0,1.0,1.0,1.0,1.0,1.0,1.0,1.0,1.0,1.0,1.0,1.0
124,1.0,1.0,1.0,1.0,1.0,1.0,1.0,1.0,1.0,1.0,1.0,1.0,1.0,1.0,1.0,1.0,1.0
125,1.0,1.0,1.0,1.0,1.0,1.0,1.0,1.0,1.0,1.0,1.0,1.0,1.0,1.0,1.0,1.0,1.0
126,1.0,1.0,1.0,1.0,1.0,1.0,1.0,1.0,1.0,1.0,1.0,1.0,1.0,1.0,1.0,1.0,1.0
127,0.0045871559633027525,0.004454342984409799,0.0045871559633027525,0.006329113924050633,0.006329113924050633,0.006329113924050633,0.008771929824561403,0.015037593984962405,0.008771929824561403,0.0058309037900874635,0.00558659217877095,0.00558659217877095,1.0,1.0,1.0,0.05405405405405406,0.05405405405405406
128,0.0039447731755424065,0.00819672131147541,0.008368200836820083,0.0072992700729927005,0.007326007326007326,0.007272727272727273,0.010869565217391304,0.0106951871657754,0.017094017094017096,1.0,1.0,1.0,1.0,1.0,1.0,1.0,1.0
