sheet_index,sheet,image_id,source_sha256,source_relative_path,native_width,native_height,relation_status,visible_circuitry,review_scale,visible_acquisition_cue,reason,evidence_status
0,board_high_01.jpg,02e0fc0ddf47fd56,99472a4f28389a1721c65d102d9759e3fecd574773ffaf7b39f75822756920a7,1_Electronic/21.CPU-RAM-AND-MOTHERBOARD-FOR-LAPTOPS.jpg,300,300,multi_item_scene,clear_visible_populated_circuitry,sheet_360x270_tile,none_obvious_at_reviewed_scale,Loose populated boards piled in a carton; no source unit linked.,OBSERVED_IMAGE_EVIDENCE_single_reviewer_exploratory
1,board_high_01.jpg,035febe7fba8b17f,7697fe3a07ad1df82ea6a5c2d45d7497ff9a0467631b8a64a7cd1146ace49588,1_Electronic/electric-circuit-board-500x500.jpg,500,500,detached_part_or_board,clear_visible_populated_circuitry,sheet_360x270_tile,none_obvious_at_reviewed_scale,One populated green PCB isolated on white background.,OBSERVED_IMAGE_EVIDENCE_single_reviewer_exploratory
2,board_high_01.jpg,067bfbe9bd4526f0,9225519bcfc6d1ceaa60256d38e630f7499db2f37bb0eae5dbc54577bae30ef8,1_Electronic/upload_5301.jpg,2500,1726,detached_part_or_board,clear_visible_populated_circuitry,sheet_360x270_tile,none_obvious_at_reviewed_scale,Close view of populated PCB edge and slots without housing.,OBSERVED_IMAGE_EVIDENCE_single_reviewer_exploratory
3,board_high_01.jpg,0681067a7b56de9f,54a131ef46e3c3eefc58dae3cfe98577a5cb2cf918ec8511ba933408b0b67f4f,1_Electronic/7.s-l400.jpg,400,300,detached_part_or_board,clear_visible_populated_circuitry,sheet_360x270_tile,none_obvious_at_reviewed_scale,Several loose populated motherboards on a patterned surface.,OBSERVED_IMAGE_EVIDENCE_single_reviewer_exploratory
4,board_high_01.jpg,09da42b506e5bfac,6bc22466e16c49597a60e785671ae095e97cb75ae459b68e8a9cd52aa9547026,1_Electronic/5.lightweight-high-tensile-strength-mixed-electronic-waste-scrap-for-recycling-industry-024.jpg,500,333,multi_item_scene,clear_visible_populated_circuitry,sheet_360x270_tile,none_obvious_at_reviewed_scale,Boards mixed with computer power supplies and other loose hardware.,OBSERVED_IMAGE_EVIDENCE_single_reviewer_exploratory
5,board_high_01.jpg,0b53fce0f5567a43,28eef2d3a22c8694f9abad44c7318017d5458b97794926c2b11ee69a8d63bff3,1_Electronic/9.computer-mcpv-motherboard-scrap-2220044466-1faggwtx.jpg,640,480,detached_part_or_board,clear_visible_populated_circuitry,sheet_360x270_tile,none_obvious_at_reviewed_scale,Pile of detached populated computer motherboards.,OBSERVED_IMAGE_EVIDENCE_single_reviewer_exploratory
6,board_high_01.jpg,0daacf622b3e67f3,c3bbab4403b6cdcbb0965f9ca375e11a005eaa2dd694852bd0d79d27a0b87e10,1_Electronic/12.pngtree-broken-analog-radio-device-communication-png-image_9982751.png,538,360,unclear_relation,unclear_at_reviewed_scale,native_original,illustration_like_origin_unverified,Illustration-like opened red housing; lifted board and mounting cannot be confirmed.,OBSERVED_IMAGE_EVIDENCE_single_reviewer_exploratory
7,board_high_01.jpg,0dcbf64d765280c7,52bbd7969ab1ad575219f80d41f693cbaa066135124f53c570f2092cb13e9497,1_Electronic/74.s-l500.jpg,500,375,detached_part_or_board,clear_visible_populated_circuitry,sheet_360x270_tile,none_obvious_at_reviewed_scale,"Several loose stacked populated boards, no parent chassis.",OBSERVED_IMAGE_EVIDENCE_single_reviewer_exploratory
8,board_high_01.jpg,1292c5fa413de987,97adcb731cfd0dbcadbc01356a6c3eaf5f89c4b8d14af0826ad32464887c6679,1_Electronic/ygugjg.jpg,1896,982,multi_item_scene,clear_visible_populated_circuitry,sheet_360x270_tile,none_obvious_at_reviewed_scale,Loose board beside laptop and fan; juxtaposition does not show attachment.,OBSERVED_IMAGE_EVIDENCE_single_reviewer_exploratory
9,board_high_01.jpg,133d4135b3264601,165f1d3df567b2a6cfcd4e45135a13b3e57119bd60d2adf739a72587d735c52e,1_Electronic/24.broken-electronics.jpg,1280,720,multi_item_scene,clear_visible_populated_circuitry,sheet_360x270_tile,none_obvious_at_reviewed_scale,Mixed hard drives and exposed boards in scrap pile.,OBSERVED_IMAGE_EVIDENCE_single_reviewer_exploratory
10,board_high_01.jpg,193cac8e1200fc25,7de25864de9e58265228fe947b4c78f6d84fb80868460148c3cad86613f148f2,1_Electronic/18.technician-repairing-broken-laptop-notebook-computer-with-a-screwdriver-photo.jpg,2953,1960,mounted_populated_circuitry_identifiable_unit,clear_visible_populated_circuitry,native_original,visible_text_logo_watermark_or_arrow,Native view shows blue populated board seated in opened laptop base; stock watermark.,OBSERVED_IMAGE_EVIDENCE_single_reviewer_exploratory
11,board_high_01.jpg,1bf87a01bab2b907,90cfb70817f2eb0152ccb2c789637e6a4609db3f709a04b72a4723bf933a628a,1_Electronic/72.hand-technician-repairing-broken-laptop-260nw-1719826171.jpg,390,280,mounted_populated_circuitry_identifiable_unit,clear_visible_populated_circuitry,native_original,visible_text_logo_watermark_or_arrow,Opened laptop base retains populated board and cooling fan; stock watermark.,OBSERVED_IMAGE_EVIDENCE_single_reviewer_exploratory
12,board_high_01.jpg,1ee032ce01a6c052,08fd14615950af7febe47edf669eeac0d2d65dee65ff8c541c2e6f8c7c1949ad,1_Electronic/6.A93af357703654f80a54d020ec22ee592W.jpg,1416,1416,detached_part_or_board,clear_visible_populated_circuitry,sheet_360x270_tile,none_obvious_at_reviewed_scale,"Loose RAM modules piled on a surface, no computer attached.",OBSERVED_IMAGE_EVIDENCE_single_reviewer_exploratory
13,board_high_01.jpg,210d8e34c3c26877,fc8dfb7203dfef35d5274c79f32d09203e3cf29f0f25e0f91301b94c85105bc6,1_Electronic/82.DHL-WEEE-4_popup.jpg,800,600,multi_item_scene,clear_visible_populated_circuitry,sheet_360x270_tile,none_obvious_at_reviewed_scale,Hard drives and loose boards mixed in scrap heap.,OBSERVED_IMAGE_EVIDENCE_single_reviewer_exploratory
14,board_high_01.jpg,21eed1af9a1740d4,927190d5a373e55c0646b3ff241fe2f322e06fea52818209dc2c33e8f335bada,1_Electronic/77.1035.jpg,800,800,detached_part_or_board,clear_visible_populated_circuitry,sheet_360x270_tile,none_obvious_at_reviewed_scale,Single populated computer board isolated against white.,OBSERVED_IMAGE_EVIDENCE_single_reviewer_exploratory
15,board_high_01.jpg,26b5611bbb4b78ae,c1168ceb7d52c147c64b455912f659214645837332108dde28112934d82d1dbd,1_Electronic/40._90883751_gettyimages-108037884.jpg,976,549,detached_part_or_board,clear_visible_populated_circuitry,sheet_360x270_tile,none_obvious_at_reviewed_scale,Populated board held separately in hand over other scrap.,OBSERVED_IMAGE_EVIDENCE_single_reviewer_exploratory
16,board_high_02.jpg,26cee33bb2ecb70f,15c5fd233d64793cf18814c97f6034c3ed51ab9ad09d5b03ad0e9d7b1a19a2be,1_Electronic/16.computer-motherboard-scrap-1762726979-8425857.jpg,1203,818,detached_part_or_board,clear_visible_populated_circuitry,sheet_360x270_tile,none_obvious_at_reviewed_scale,Loose motherboards overlapped on ground.,OBSERVED_IMAGE_EVIDENCE_single_reviewer_exploratory
17,board_high_02.jpg,28d6d88a12b3bb00,804d11787e949c5a6f1cfe768755026d7bddc086174981e3c3c284a1a8a72667,1_Electronic/16.pile-electronic-waste-computer-motherboards-260nw-2650827395.jpg,390,280,detached_part_or_board,clear_visible_populated_circuitry,sheet_360x270_tile,visible_text_logo_watermark_or_arrow,Loose boards in stock-photo pile; no assembled device.,OBSERVED_IMAGE_EVIDENCE_single_reviewer_exploratory
18,board_high_02.jpg,2d0373aeb4976813,dd2962962cc01ae94c72b0d7d1e993bb5219af9936e3af7219eebfdd7d934c21,1_Electronic/13.Computer-Motherboard-Scrap.jpg,500,500,detached_part_or_board,clear_visible_populated_circuitry,sheet_360x270_tile,none_obvious_at_reviewed_scale,"Soft-focus pile of loose motherboards, no owner visible.",OBSERVED_IMAGE_EVIDENCE_single_reviewer_exploratory
19,board_high_02.jpg,2ff48275f582db1d,4eac3f399141b5e8e954061620b935048132b507af34d70b87fb1ab0cfd5462b,1_Electronic/e-waste.jpg,1920,1281,multi_item_scene,clear_visible_populated_circuitry,sheet_360x270_tile,none_obvious_at_reviewed_scale,"Desktop case, screens, keyboard and separate boards share a scene; ownership unresolved.",OBSERVED_IMAGE_EVIDENCE_single_reviewer_exploratory
20,board_high_02.jpg,312f93742fc7502d,e930d5b63dc755363592deaed9350427d3e87bfa81a67bd148355b33888f4ddf,1_Electronic/11.a-pile-of-broken-technology-parts-R41G6E.jpg,1300,956,multi_item_scene,clear_visible_populated_circuitry,sheet_360x270_tile,visible_text_logo_watermark_or_arrow,Dismantled components and loose board photographed together; stock watermark.,OBSERVED_IMAGE_EVIDENCE_single_reviewer_exploratory
21,board_high_02.jpg,315f9cb3463982f5,6b305c35ca0dde8e1377fa098cb3acaa4c17b97edc8a19bc68d378c28be0a2a6,1_Electronic/1.wienaustria-june-4-2019-pile-of-discarded-computer-processor-sorted-on-a-bin-in-a-recycling-and-recovery-compound-in-vienna-prepared-for-extract-2AHNFB3.jpg,1300,1066,detached_part_or_board,not_seen_at_reviewed_scale,sheet_360x270_tile,visible_text_logo_watermark_or_arrow,Pile of processor packages; populated PCB is not visible at sheet scale.,OBSERVED_IMAGE_EVIDENCE_single_reviewer_exploratory
22,board_high_02.jpg,34e042b342689b4c,35c4d9b45dce734657c7d3e29eef8b706825d4b7206b7dbb0c8548b3b80518ed,1_Electronic/Fotolia_52266847_XS_ewaste_recycle.jpg,400,300,multi_item_scene,clear_visible_populated_circuitry,sheet_360x270_tile,none_obvious_at_reviewed_scale,"Loose phone shells, displays and small boards grouped on white; no mounting relation.",OBSERVED_IMAGE_EVIDENCE_single_reviewer_exploratory
23,board_high_02.jpg,350827772dc02587,c71b0c0545fcdafa99e9eea413a9d57abc1e80cf8d406e49f5965fe62aa991f7,1_Electronic/3.computer-motherboard-scrap-for-recycling-688.jpg,500,500,detached_part_or_board,clear_visible_populated_circuitry,sheet_360x270_tile,none_obvious_at_reviewed_scale,Pile of detached populated motherboards.,OBSERVED_IMAGE_EVIDENCE_single_reviewer_exploratory
24,board_high_02.jpg,368dfeb2b977649b,65c07c00e6d65cfe375d7495e411b0c03b04df700f921a9de0103894399db5f1,1_Electronic/71.discarded-circuit-boards-e-waste-credit-Unsplash-vlad-e1762761406818.jpg,1125,645,detached_part_or_board,clear_visible_populated_circuitry,sheet_360x270_tile,none_obvious_at_reviewed_scale,Discarded blue circuit boards spread loose on surface.,OBSERVED_IMAGE_EVIDENCE_single_reviewer_exploratory
25,board_high_02.jpg,392017f2f0dd74e1,f2a2685a9e0cb25f9cfbc79c6012cafb9ce866343f6a7cc4e4daf5e470990f8d,1_Electronic/4.hq720.jpg,1280,720,mounted_populated_circuitry_identifiable_unit,clear_visible_populated_circuitry,native_original,visible_text_logo_watermark_or_arrow,"Native opened laptop view shows populated board, RAM and fan mounted in chassis; headline overlay.",OBSERVED_IMAGE_EVIDENCE_single_reviewer_exploratory
26,board_high_02.jpg,3a3d6ae6a233037b,68700574371fcc58281056484192ee9404a0041740bff1cff3c7432a565fb0a1,1_Electronic/2.Computer-Ram-Scrap-for-Sale-Scrap-Board-Computer-Motherboard-Ceramic-Cpu-Scrap-for-Gold-Recovery-Cheap-Price.jpg,1274,1275,detached_part_or_board,clear_visible_populated_circuitry,sheet_360x270_tile,none_obvious_at_reviewed_scale,Loose computer boards stacked in a dim cropped photograph.,OBSERVED_IMAGE_EVIDENCE_single_reviewer_exploratory
27,board_high_02.jpg,3e0c65a5575a3415,d995dd3fbe2d028b7efc27da3b87b0d1dadcd7ef10f863e94b5b211fbefdaf2c,1_Electronic/13.recovered-computer-processors-discarded-computers-accra-ghana-440nw-12831279c.jpg,440,294,detached_part_or_board,clear_visible_populated_circuitry,sheet_360x270_tile,none_obvious_at_reviewed_scale,Close view of populated board and chip; housing outside frame.,OBSERVED_IMAGE_EVIDENCE_single_reviewer_exploratory
28,board_high_02.jpg,3e0f1f44d4b44700,29b07938dc89fc5b5567e72622be698405e12536d64db2d521f43156a29546d8,1_Electronic/21.mtc3mdazmzg2mw-1770033863-vxv5d8la.jpg,500,628,detached_part_or_board,not_seen_at_reviewed_scale,sheet_360x270_tile,none_obvious_at_reviewed_scale,Pile of processor packages; no populated board is visible.,OBSERVED_IMAGE_EVIDENCE_single_reviewer_exploratory
29,board_high_02.jpg,3ee6c487f3f49823,90edabc08f725459e9aa6a71a81ba450a241d1f497d75ffe0874e52dc3f71c95,1_Electronic/20.a_pile_of_electronic_trash.jpg,700,467,multi_item_scene,clear_visible_populated_circuitry,sheet_360x270_tile,none_obvious_at_reviewed_scale,Mixed discarded boards and other electronic fragments in a heap.,OBSERVED_IMAGE_EVIDENCE_single_reviewer_exploratory
30,board_high_02.jpg,411107e0170bf2d8,482dcd207136b4703d0bb2140b0099f6a55dc486116e871f603d933cedc8725f,1_Electronic/84.computer-motherboard-scrap-2217072723-4bm16ytc.png,500,500,detached_part_or_board,clear_visible_populated_circuitry,sheet_360x270_tile,none_obvious_at_reviewed_scale,Stack of detached populated boards.,OBSERVED_IMAGE_EVIDENCE_single_reviewer_exploratory
31,board_high_02.jpg,429c667aabeb06fe,dcf0371571aef6fc28c55b62c2150668501c03f428014e88a540a630eb845ea1,1_Electronic/12.gU7aqvywf2P6TZ3IFki5.jpg,1600,1200,multi_item_scene,clear_visible_populated_circuitry,sheet_360x270_tile,none_obvious_at_reviewed_scale,"Multiple loose boards, fan units and cards in mixed scrap scene.",OBSERVED_IMAGE_EVIDENCE_single_reviewer_exploratory
32,board_high_03.jpg,488349b68ffc602b,26bf4ed496daa4e9498f46c80d2e2dcd9d7003402a84046efea3a972534e7a8b,1_Electronic/17.effects-of-not-recycling-e-waste-1171x760.png,1171,760,multi_item_scene,clear_visible_populated_circuitry,sheet_360x270_tile,none_obvious_at_reviewed_scale,Loose blue and green boards with wires and other fragments.,OBSERVED_IMAGE_EVIDENCE_single_reviewer_exploratory
33,board_high_03.jpg,497b0feae662c8aa,49dd334e53889ae8b348ad8cf036c2b4b574a5a7051670df3aa5049ad297b645,1_Electronic/69.E-Waste.jpg,1000,667,multi_item_scene,clear_visible_populated_circuitry,sheet_360x270_tile,staged_layout_or_montage,"Conceptual bin arrangement mixes calculator housing, keyboard and loose circuitry; no owner inferred.",OBSERVED_IMAGE_EVIDENCE_single_reviewer_exploratory
34,board_high_03.jpg,49fc9b181dbb0307,4a5cfd22d061c2899090f82931e2f563c2b246be5e99ddc1926ad1ececa039a2,1_Electronic/stock-photo-support-broken-technology-fan-computer-parts-repair-hardware-spare-parts-7ed69fb9-2b42-4c6d-95a0-fbc9e5af370e.jpg,640,480,mounted_populated_circuitry_identifiable_unit,clear_visible_populated_circuitry,native_original,visible_text_logo_watermark_or_arrow,Native image shows populated board retained in opened laptop base with fan and drives; stock watermark.,OBSERVED_IMAGE_EVIDENCE_single_reviewer_exploratory
35,board_high_03.jpg,49ffc85764f624d6,9f9ddabc4f1257e388a166ca6b18ca4b00ea18b07f80892bb512febedc6b7724,1_Electronic/60.who_20210315_uy_1501-min.jpg,1600,1067,detached_part_or_board,clear_visible_populated_circuitry,sheet_360x270_tile,none_obvious_at_reviewed_scale,"Loose boards inside a sack, not mounted in one device.",OBSERVED_IMAGE_EVIDENCE_single_reviewer_exploratory
36,board_high_03.jpg,4a6a60b1bae47a6b,9a069e8b226b504bab134e34607f74d7680e6fbc842f273e0fd52d0c39d3b3e9,1_Electronic/73.motherboard-1024x576.jpg,1024,576,detached_part_or_board,clear_visible_populated_circuitry,sheet_360x270_tile,none_obvious_at_reviewed_scale,Macro photograph of populated board only; no housing context.,OBSERVED_IMAGE_EVIDENCE_single_reviewer_exploratory
37,board_high_03.jpg,4c30fbda766eea37,66c5920bea6d73b994fe3d8872d9830a714b11f6b1b73f29185ffa266ce158cf,1_Electronic/20.mtc1odyyntc5na-1758625794-umqaynj8.jpg,1024,768,detached_part_or_board,clear_visible_populated_circuitry,sheet_360x270_tile,none_obvious_at_reviewed_scale,Broad heap of detached boards.,OBSERVED_IMAGE_EVIDENCE_single_reviewer_exploratory
38,board_high_03.jpg,4cf3eb7a5806583d,3fa38ca547c1228271c071129afa4b26876162cee8bfff4f8bd77b526363f343,1_Electronic/19.collection-of-discarded-circuit-boards-and-computer-components-2YXJ687.jpg,1300,956,detached_part_or_board,clear_visible_populated_circuitry,sheet_360x270_tile,visible_text_logo_watermark_or_arrow,Loose boards photographed in layered pile; stock watermark.,OBSERVED_IMAGE_EVIDENCE_single_reviewer_exploratory
39,board_high_03.jpg,55161a97c5ada479,15d9ad706c2efccfddcc6e1c6f7db67ee2872d5848db708222ffacc678b4f6c2,1_Electronic/60.Sef7b95a8ce9548fd86860b0cb05d5952t.jpeg,1600,1600,detached_part_or_board,not_seen_at_reviewed_scale,sheet_360x270_tile,none_obvious_at_reviewed_scale,Loose processor packages; no populated board relation visible.,OBSERVED_IMAGE_EVIDENCE_single_reviewer_exploratory
40,board_high_03.jpg,55c883c9996b19e3,7fc9d79f38cf933ae78d833a5999b5f2550f98dd2723708156d01d463644bab8,1_Electronic/40.laptop-disassembled-broken-pieces-ready-spares-recycling-junk-48239320.jpg,800,510,multi_item_scene,clear_visible_populated_circuitry,sheet_360x270_tile,none_obvious_at_reviewed_scale,Dismantled laptop keyboard and loose mainboard stacked separately.,OBSERVED_IMAGE_EVIDENCE_single_reviewer_exploratory
41,board_high_03.jpg,570c839ae137a23c,deb7eb650df8289b8a6a43e4a25f6448045243640b3252eaa0135a79f1a1b1fc,1_Electronic/611rmboost.jpg,1024,768,mounted_populated_circuitry_identifiable_unit,clear_visible_populated_circuitry,native_original,none_obvious_at_reviewed_scale,Native view shows two populated boards retained in one opened housing; loose pieces outside not assigned to it.,OBSERVED_IMAGE_EVIDENCE_single_reviewer_exploratory
42,board_high_03.jpg,57f79e5f4d6f8346,92360945ae256954880a39366105d18a077f2a74b8b83b878dc65cddff1f9107,1_Electronic/14.Screenshot-2025-07-29-112735-600x445.png,600,445,detached_part_or_board,clear_visible_populated_circuitry,sheet_360x270_tile,none_obvious_at_reviewed_scale,"Close view of populated motherboard, unit boundary unseen.",OBSERVED_IMAGE_EVIDENCE_single_reviewer_exploratory
43,board_high_03.jpg,5ca7ba4163357986,fc72f5700e8f74ee8d6f9748ffce51031c8ed16a5d3131498164667a1196e3a2,1_Electronic/66.selective-focus-photography-of-motherboard-1432673.jpg,1280,853,detached_part_or_board,clear_visible_populated_circuitry,sheet_360x270_tile,none_obvious_at_reviewed_scale,"Selective-focus board/chip close-up, no unit boundary.",OBSERVED_IMAGE_EVIDENCE_single_reviewer_exploratory
44,board_high_03.jpg,5ec19d882d105a99,92c8b6f6d03396b90198545a15abce2e3ef943ea5f2a5f7ef33129e224c6efe0,1_Electronic/printed-circuit-board-500x500.jpg,500,500,detached_part_or_board,clear_visible_populated_circuitry,sheet_360x270_tile,none_obvious_at_reviewed_scale,One populated circuit board isolated on white.,OBSERVED_IMAGE_EVIDENCE_single_reviewer_exploratory
45,board_high_03.jpg,5f47ac25fa3887a3,a0dccab22f488cad66d539b7170bf29832514205abd679234b20ccb01a9f5876,1_Electronic/3.s-l400.jpg,300,400,multi_item_scene,unclear_at_reviewed_scale,native_original,none_obvious_at_reviewed_scale,Several small modules on surface; blurred photo does not establish mounting or populated PCB detail.,OBSERVED_IMAGE_EVIDENCE_single_reviewer_exploratory
46,board_high_03.jpg,62547ddbdae23960,abbbd4289076cd7b9e1c1269737d7ac23e863db9952ef7fdd5e3d59400e64f8f,1_Electronic/11.High-Purity-Gold-Plated-Scrap-From-Mobile-Phone-Boards-for-Gold-Recovery-Mobile-PCB-Scrap.jpg,300,300,detached_part_or_board,unclear_at_reviewed_scale,native_original,none_obvious_at_reviewed_scale,Several small bare PCB backs laid out; population and ownership unresolved.,OBSERVED_IMAGE_EVIDENCE_single_reviewer_exploratory
47,board_high_03.jpg,645c865a42cbcdbe,60da44ef064e00228a16667c1263262178e9054eb6bfdd2608e213ff114b7788,1_Electronic/13.Electronic_waste_at_Agbogbloshie_2C_Ghana.jpg,4032,2268,multi_item_scene,clear_visible_populated_circuitry,sheet_360x270_tile,none_obvious_at_reviewed_scale,"Boards, rubble and other electronic waste mixed on ground.",OBSERVED_IMAGE_EVIDENCE_single_reviewer_exploratory
48,board_high_04.jpg,6463ed8278f9e93c,b34b086fadc75c1ac8a7a6efcf635005fcf9a74ac504cc0118a9baf726ac2fea,1_Electronic/2.ewaste-heap-discarded-laptop-parts-260nw-1174197958.jpg,390,280,multi_item_scene,clear_visible_populated_circuitry,sheet_360x270_tile,visible_text_logo_watermark_or_arrow,"Loose boards and wires form a heap; stock watermark, no shared device.",OBSERVED_IMAGE_EVIDENCE_single_reviewer_exploratory
49,board_high_04.jpg,682c1cd977aae317,d8f2297083410db545c3df05f67120761c7a9f88741913dd88b6582b41cdc1c8,1_Electronic/18.s-l1200.jpg,900,1200,detached_part_or_board,clear_visible_populated_circuitry,sheet_360x270_tile,none_obvious_at_reviewed_scale,Stack of separate populated boards.,OBSERVED_IMAGE_EVIDENCE_single_reviewer_exploratory
50,board_high_04.jpg,682d50cb38b3961d,f79f1b876b6ad7139e4952464e6620d3d325a6bd7e2469820d33d0201785c880,1_Electronic/12.Untitled-design-2024-07-11T152830.483.png,1100,733,detached_part_or_board,clear_visible_populated_circuitry,sheet_360x270_tile,visible_text_logo_watermark_or_arrow,"Single graphics card photographed out of a computer, with company logo overlay.",OBSERVED_IMAGE_EVIDENCE_single_reviewer_exploratory
51,board_high_04.jpg,6872644bed0f55c8,22f38e6c298fe5ca07bf6e0386759fd32ab7edcae43c15a862d34139bb865868,1_Electronic/65.various-used-integrated-circuits-ics-260nw-2698469757.jpg,385,280,detached_part_or_board,not_seen_at_reviewed_scale,sheet_360x270_tile,visible_text_logo_watermark_or_arrow,"Loose integrated-circuit packages; stock watermark, no populated board visible.",OBSERVED_IMAGE_EVIDENCE_single_reviewer_exploratory
52,board_high_04.jpg,69aee17d17c582d0,b01e3ee3db020c4343081b5e68f2af22a2306116423982226dfb61c8d300b589,1_Electronic/upload_5145.jpg,1200,783,detached_part_or_board,clear_visible_populated_circuitry,sheet_360x270_tile,none_obvious_at_reviewed_scale,Single populated board close-up without device frame.,OBSERVED_IMAGE_EVIDENCE_single_reviewer_exploratory
53,board_high_04.jpg,6b78e3741e75364a,4d9689643a64db2642534837fb83395e6b86bb97560250773a75e0eedd54c593,1_Electronic/18.tanda-tanda-vga-laptop-rusak-845x442.jpg,845,442,unclear_relation,unclear_at_reviewed_scale,native_original,none_obvious_at_reviewed_scale,Native view shows board held in front of opened laptop; the held board is not visibly mounted and base circuitry is obscured.,OBSERVED_IMAGE_EVIDENCE_single_reviewer_exploratory
54,board_high_04.jpg,6d5e982b463dd019,07154a9249a5134215c962482c11881acd1a9664553e3fa55864bbfc539f222a,1_Electronic/45.cpu-ram-scrap.jpg,640,640,multi_item_scene,clear_visible_populated_circuitry,sheet_360x270_tile,none_obvious_at_reviewed_scale,"Hard drives, boards and other loose scrap mixed together.",OBSERVED_IMAGE_EVIDENCE_single_reviewer_exploratory
55,board_high_04.jpg,6e3ea959f7115113,334e2d34b21605e649592bd4083042eb86512e46e6f7798202c2b27b76288bca,1_Electronic/63.Optical-Drive-PCB-Scrap-580-930x620.jpg,930,620,detached_part_or_board,clear_visible_populated_circuitry,sheet_360x270_tile,visible_text_logo_watermark_or_arrow,Loose populated boards in catalog-like pile; no device housing.,OBSERVED_IMAGE_EVIDENCE_single_reviewer_exploratory
56,board_high_04.jpg,6f39b1a9ca44eda5,679e90585ace9886286b938294a357afd46b5b63224662fe6da14f54c5be4f4e,1_Electronic/17.1645173408_bbe2a6f4556f2172c17a.jpg,1280,960,detached_part_or_board,clear_visible_populated_circuitry,sheet_360x270_tile,none_obvious_at_reviewed_scale,Separate populated boards tossed in carton.,OBSERVED_IMAGE_EVIDENCE_single_reviewer_exploratory
57,board_high_04.jpg,71e5ae9213077f68,97759bf647f91ea93557e5670b572bcb3b693413184b53ab6008912fb06ca909,1_Electronic/67.printed-circuit-board-scrap-794.jpg,500,375,detached_part_or_board,clear_visible_populated_circuitry,native_original,none_obvious_at_reviewed_scale,Native pile has many PCB backs and some clearly populated loose boards; no parent unit.,OBSERVED_IMAGE_EVIDENCE_single_reviewer_exploratory
58,board_high_04.jpg,72f20103defbc2d3,80e3da8c3c0eb6b790f2c57072b059bb353df3077b370c474ad6134bbc6c84cb,1_Electronic/69.S704e96a9b9b84eee896d3821e6922cec6.jpg,1050,1050,detached_part_or_board,clear_visible_populated_circuitry,sheet_360x270_tile,none_obvious_at_reviewed_scale,Several populated loose boards in a bag.,OBSERVED_IMAGE_EVIDENCE_single_reviewer_exploratory
59,board_high_04.jpg,73ae7a47421fb8eb,94fa5bbcd60effaae54bc331a0553c9f0b23ac43828eb452d956a17f4bbb2a60,1_Electronic/23.Motherboard-Scrap-571.jpg,1434,1080,detached_part_or_board,clear_visible_populated_circuitry,sheet_360x270_tile,visible_text_logo_watermark_or_arrow,Loose populated motherboards piled with catalog watermark.,OBSERVED_IMAGE_EVIDENCE_single_reviewer_exploratory
60,board_high_04.jpg,75f61f4f75007bdd,7fde57c17909b3c93b8e9ffc8927c250885fb9c71e565e181ad962a021bcdc4e,1_Electronic/26.broken-old-computer-laptop-notebook-crash-concept-laptop-disassembling-repair-shop-broken-old-computer-laptop-130873329.jpg,1600,1157,multi_item_scene,not_seen_at_reviewed_scale,native_original,visible_text_logo_watermark_or_arrow,"Native stock photo shows piled laptop shell layers; populated board not seen, no shared ownership established.",OBSERVED_IMAGE_EVIDENCE_single_reviewer_exploratory
61,board_high_04.jpg,77d0edfc792c8fc6,7c99fba8a9d94941af26675fb8720f5c088772a5aeda576fabb525b2c2beff47,1_Electronic/10.used-computer-cpu-processor-scrap-2224708040-dnyh4xtj.jpg,504,498,detached_part_or_board,not_seen_at_reviewed_scale,sheet_360x270_tile,none_obvious_at_reviewed_scale,Loose processor packages; no populated board visible.,OBSERVED_IMAGE_EVIDENCE_single_reviewer_exploratory
62,board_high_04.jpg,7bc0116f35d0e899,12c8d30a92d04a44f88ea20f87c9a848e7669562720d1693a63ac2a9066c88bf,1_Electronic/65.il_300x300.8035950339_6ubo.jpg,300,300,detached_part_or_board,clear_visible_populated_circuitry,sheet_360x270_tile,none_obvious_at_reviewed_scale,Two separate populated motherboard sections shown on white.,OBSERVED_IMAGE_EVIDENCE_single_reviewer_exploratory
63,board_high_04.jpg,7cb24103a014532a,adb8707d2a87906776d22e898e669d8e3d1762b5f6ee979b4a18b1e7edd5f750,1_Electronic/18.depositphotos_212637112-stock-photo-waste-heap-discarded-laptop-parts.jpg,1600,1167,multi_item_scene,clear_visible_populated_circuitry,sheet_360x270_tile,visible_text_logo_watermark_or_arrow,Loose blue and green boards with wires; stock/overlay image near-repeats row 048.,OBSERVED_IMAGE_EVIDENCE_single_reviewer_exploratory
64,board_high_05.jpg,7d0872af20f59619,316f1b211432fbb1d5365b8fa1e6e8f7c771ee12399e23443e22684cdc5745db,1_Electronic/71.Laptop-Recycling.jpg,612,408,mounted_populated_circuitry_identifiable_unit,clear_visible_populated_circuitry,native_original,none_obvious_at_reviewed_scale,Native image shows populated board and fan seated in opened laptop base; visually close to row 010.,OBSERVED_IMAGE_EVIDENCE_single_reviewer_exploratory
65,board_high_05.jpg,7d6e25a09af0d1c5,787c514f9a857b23d16e9164bc616efe5c9824dd5dba466aa47a2be97c2ed469,1_Electronic/65.chipdesk_2.jpg,240,180,detached_part_or_board,not_seen_at_reviewed_scale,sheet_360x270_tile,none_obvious_at_reviewed_scale,"Grid of loose processor packages, not mounted in a device.",OBSERVED_IMAGE_EVIDENCE_single_reviewer_exploratory
66,board_high_05.jpg,7dbd8ae640d6d07f,8851ed754263ab7ae57ae8b820ff947172a705591232e9ed801aee08e02aa1de,1_Electronic/15.20240110204813.png,750,750,detached_part_or_board,not_seen_at_reviewed_scale,sheet_360x270_tile,none_obvious_at_reviewed_scale,Pile of loose integrated-circuit packages.,OBSERVED_IMAGE_EVIDENCE_single_reviewer_exploratory
67,board_high_05.jpg,84a42aedc80215b7,599d909c219ee879dade1e203f9d1974287fbb922fe7622d50d76e0756a01826,1_Electronic/4.repair-water-damaged-laptop-0015.jpg,720,480,detached_part_or_board,clear_visible_populated_circuitry,sheet_360x270_tile,none_obvious_at_reviewed_scale,Close-up of populated board being cleaned; housing not visible.,OBSERVED_IMAGE_EVIDENCE_single_reviewer_exploratory
68,board_high_05.jpg,85f6f3baf847ac4f,6a8e4cb3318d930064c3ea7d1081fcfd04607af191979896497664ac3d71062f,1_Electronic/72.laptop-base-scrsp-500x500.jpg,500,313,detached_part_or_board,clear_visible_populated_circuitry,sheet_360x270_tile,none_obvious_at_reviewed_scale,Loose populated boards overlapped in heap.,OBSERVED_IMAGE_EVIDENCE_single_reviewer_exploratory
69,board_high_05.jpg,887de2aeb75de25b,31b13105567b8d03e6b798441eb364c4b9d32421b8807e0086c3d0740bb56af1,1_Electronic/3.destroyed-broken-electronics-on-dump-D6DCH4.jpg,1300,956,multi_item_scene,clear_visible_populated_circuitry,sheet_360x270_tile,visible_text_logo_watermark_or_arrow,Mixed broken device shells and boards arranged as scrap; stock watermark.,OBSERVED_IMAGE_EVIDENCE_single_reviewer_exploratory
70,board_high_05.jpg,89201784fca88e6b,e79f56470ac3528bdd9f85cff972dac6307231908f576ebfa983a97d0833b0d3,1_Electronic/73.1-s2.0-S0921344916300519-gr4.jpg,678,500,unclear_relation,clear_visible_populated_circuitry,native_original,staged_layout_or_montage,Six-panel monitor/component montage combines separate images; no single specimen relation.,OBSERVED_IMAGE_EVIDENCE_single_reviewer_exploratory
71,board_high_05.jpg,894f8edaf9d3c675,6e925a29464883806e8cf3402952938d4b8598e9383c5278a32a5eed2a74db60,1_Electronic/12.motherboard-scrap.jpg,500,500,detached_part_or_board,clear_visible_populated_circuitry,sheet_360x270_tile,none_obvious_at_reviewed_scale,"Stack of detached populated motherboards, soft detail.",OBSERVED_IMAGE_EVIDENCE_single_reviewer_exploratory
72,board_high_05.jpg,89f61fc4b0351cab,8d0902ceb88353d80e6e685d5607c0dc0d756ec4b014e46294b9585485ac6ce6,1_Electronic/72.Where-to-sell-Old-and-Scrap-Laptops-in-Nigeria-for-Cash.jpeg,1280,720,mounted_populated_circuitry_identifiable_unit,clear_visible_populated_circuitry,native_original,visible_text_logo_watermark_or_arrow,Native opened laptop shows populated board seated under partly removed bottom cover; logo overlay.,OBSERVED_IMAGE_EVIDENCE_single_reviewer_exploratory
73,board_high_05.jpg,8c22b30f5496d6fe,5a2b8922cee192cc482c4ff72eff6145c5ef49a10ffaf15541984b1ad2ee40a2,1_Electronic/66.18-pounds-marine-electronics-circuit-board-gold-scrap-recovery-mixed-lot-felix-ommo33069-20250617-111240-629584.jpeg,1999,1922,detached_part_or_board,clear_visible_populated_circuitry,sheet_360x270_tile,staged_layout_or_montage,"Several separated boards laid out as a parts montage, not mounted.",OBSERVED_IMAGE_EVIDENCE_single_reviewer_exploratory
74,board_high_05.jpg,8fc1525c9a2b8cc1,46da8133b6db0e66ac5349728e90f1a95cf4338e960224e68d842c882d934e83,1_Electronic/78.depositphotos_335692940-stock-photo-electronic-waste-concept-e-waste.jpg,1600,1167,detached_part_or_board,clear_visible_populated_circuitry,sheet_360x270_tile,visible_text_logo_watermark_or_arrow,Populated board port cluster in close-up; stock watermark and no chassis boundary.,OBSERVED_IMAGE_EVIDENCE_single_reviewer_exploratory
75,board_high_05.jpg,93bcd9f51f027f41,5f2e7fbbc1d4a095f6a6feae261bc832e5cc8fffae340fa3e821e5b254c15d46,1_Electronic/72.24102021-singapore-republic-of-singapore-asia-electronic-waste-e-waste-pile-from-discarded-laptop-computer-components-with-circuit-board-2H32PRD.jpg,1300,955,multi_item_scene,clear_visible_populated_circuitry,sheet_360x270_tile,visible_text_logo_watermark_or_arrow,"Screens, keyboard, fan and circuit fragments in mixed stock-photo scrap.",OBSERVED_IMAGE_EVIDENCE_single_reviewer_exploratory
76,board_high_05.jpg,962ccd67e797f53d,980680460ec6ffdf5956aa8e5342c5663c7f8f7bec191ca99a8c44435500fd44,1_Electronic/8.water-damage-laptop-repair-600px.jpg,768,512,mounted_populated_circuitry_identifiable_unit,clear_visible_populated_circuitry,native_original,none_obvious_at_reviewed_scale,"Native opened laptop shows populated blue board, RAM and fan seated in base.",OBSERVED_IMAGE_EVIDENCE_single_reviewer_exploratory
77,board_high_05.jpg,979b83fa8c782fe0,0958ff2e0d65a3b8dfabe2b3b2587c0416a0a5596174a696223bb45464570c52,1_Electronic/5.computer-motherboard-scrap-2217717628-wjeyymem.jpg,554,554,detached_part_or_board,clear_visible_populated_circuitry,native_original,none_obvious_at_reviewed_scale,Native heap includes reverse sides and multiple visibly populated loose boards; no parent unit.,OBSERVED_IMAGE_EVIDENCE_single_reviewer_exploratory
78,board_high_05.jpg,9bd373f862dd8231,7e36f2f563d06e77e310687eecce0b70d321f3f76e883a8e9830232b7c92c0dd,1_Electronic/18.A47e9e4f9414b4fbcb7b510717817993c6.jpg,300,300,multi_item_scene,clear_visible_populated_circuitry,sheet_360x270_tile,none_obvious_at_reviewed_scale,Hard drives and separate boards mixed on ground.,OBSERVED_IMAGE_EVIDENCE_single_reviewer_exploratory
79,board_high_05.jpg,a548f259b9f54363,fca6324fe65829e8a8469c75f2efd30cfff16ba7cec13c52424c7b3a2c062e1a,1_Electronic/73.Electronic_20Recycling_20in_20Scottsdale.jpg,280,292,multi_item_scene,clear_visible_populated_circuitry,sheet_360x270_tile,none_obvious_at_reviewed_scale,Boards and other scrap placed together in metal bin.,OBSERVED_IMAGE_EVIDENCE_single_reviewer_exploratory
80,board_high_06.jpg,a570c37c121c90cb,6ee228e1350ef1b6538e3a8af939bd426bac5fe7648cfd1659fecdfef088c875,1_Electronic/2.34.-grosir-sparepart-komputer.jpg,1000,562,detached_part_or_board,clear_visible_populated_circuitry,sheet_360x270_tile,none_obvious_at_reviewed_scale,"Technician handles loose boards on table, not inside an identifiable unit.",OBSERVED_IMAGE_EVIDENCE_single_reviewer_exploratory
81,board_high_06.jpg,af33ecc677f953e3,bc06f2c7c675b8c0cceaca75655e807e21c70f4e38c025e13f51f9149c8a8f91,1_Electronic/15.1-19121G4131J13.jpg,610,450,detached_part_or_board,clear_visible_populated_circuitry,sheet_360x270_tile,none_obvious_at_reviewed_scale,Stacks of detached circuit boards; mounting not shown.,OBSERVED_IMAGE_EVIDENCE_single_reviewer_exploratory
82,board_high_06.jpg,b00c711d087b10bc,bb7818ff02f2c979f59a070d4c6edb03146cae2abf70997de8c134907538284f,1_Electronic/71.AdobeStock_82118310.jpeg,1000,661,multi_item_scene,clear_visible_populated_circuitry,native_original,staged_layout_or_montage,Conceptual bin arrangement of keyboard and loose electronic boards; no shared owner.,OBSERVED_IMAGE_EVIDENCE_single_reviewer_exploratory
83,board_high_06.jpg,b156b09c265eca17,16a7c672d0bb03a2804aa37139745ea28aec9e2fd173ab0e30c9ab80651ab8e6,1_Electronic/15.2020-07-02T000000Z_369912223_RC2QKH9AMJCB_RTRMADP_3_GLOBAL-WASTE-PHILIPPINES-1024x683.jpg,1024,683,multi_item_scene,clear_visible_populated_circuitry,sheet_360x270_tile,none_obvious_at_reviewed_scale,Mixed boards and miscellaneous electronic scrap occupy adjacent heaps.,OBSERVED_IMAGE_EVIDENCE_single_reviewer_exploratory
84,board_high_06.jpg,b1917fc5e059face,fe2a8c479bf2c9f8e6ada8ed7b0c1c6dc5a1c119857623ac939cb228d6848cee,1_Electronic/67.laptop-liquid-damage-repair.png,1080,1080,unclear_relation,unclear_at_reviewed_scale,native_original,none_obvious_at_reviewed_scale,Native exploded laptop view has separated layers; circuitry visible but its secure mounting in one unit is unclear.,OBSERVED_IMAGE_EVIDENCE_single_reviewer_exploratory
85,board_high_06.jpg,b347dcdf9bf6aa60,629facb347889cc3c6dc99b9f17d1530b84870cc62ee452709b646eae701e730,1_Electronic/10.High-Grade-CPU-Ceramic-Processor-Scrap-High-Quality-IC-Chip-Ceramic-Waste-for-Gold-Recovery-Accessory-Type.png,625,627,detached_part_or_board,not_seen_at_reviewed_scale,sheet_360x270_tile,none_obvious_at_reviewed_scale,"Loose processor packages in red container, no populated PCB visible.",OBSERVED_IMAGE_EVIDENCE_single_reviewer_exploratory
86,board_high_06.jpg,b3e4d853ff0eb99a,7cc77fadc7b87e20e0a2a0049096bd0562759c97a0d4a670b67418d4ed6dec0f,1_Electronic/60.depositphotos_309979960-stock-photo-pile-electronic-waste-motherboard-computer.jpg,600,450,detached_part_or_board,clear_visible_populated_circuitry,sheet_360x270_tile,visible_text_logo_watermark_or_arrow,Loose board/chassis fragments piled together; stock watermark.,OBSERVED_IMAGE_EVIDENCE_single_reviewer_exploratory
87,board_high_06.jpg,b4bd0353bb9727da,383fb48b8a93000d4e18800ed86ce0645f1e8c8f3531802b49f1200585b316e8,1_Electronic/68.6388895040860982285325976.jpg,512,512,detached_part_or_board,clear_visible_populated_circuitry,sheet_360x270_tile,none_obvious_at_reviewed_scale,Detached green populated boards in barrel.,OBSERVED_IMAGE_EVIDENCE_single_reviewer_exploratory
88,board_high_06.jpg,b5490dc5b3d2ac6b,475b928fc33600f66a832ac6b8ef7f873eb0103f9caa0b3f02192ff72e046d71,1_Electronic/63.LHULZyqg.jpg,728,409,mounted_populated_circuitry_identifiable_unit,clear_visible_populated_circuitry,native_original,none_obvious_at_reviewed_scale,"Native old computer photo shows populated board with memory, cables and fan retained in case.",OBSERVED_IMAGE_EVIDENCE_single_reviewer_exploratory
89,board_high_06.jpg,b69332fc331f10b9,4371ba0e2fe5f44c44ac1d1b8ed8b2be4602fd091141aa3f63f550d930ffbd7e,1_Electronic/15.ceramic-cpu-processor-scrap-1742900108-7954153.jpg,500,338,detached_part_or_board,not_seen_at_reviewed_scale,sheet_360x270_tile,none_obvious_at_reviewed_scale,"Loose processor packages, no populated PCB visible.",OBSERVED_IMAGE_EVIDENCE_single_reviewer_exploratory
90,board_high_06.jpg,b69f2181fdad0f31,fb1168f2c17315502b24ca309e3b9fcd78c1a27fc1c53393cf000c25b3fcc59a,1_Electronic/25.depositphotos_329197440-stock-photo-pile-motherboard-computer-electronic-equipment.jpg,1600,1167,multi_item_scene,clear_visible_populated_circuitry,sheet_360x270_tile,visible_text_logo_watermark_or_arrow,Several loose motherboards and wires staged on table; stock watermark.,OBSERVED_IMAGE_EVIDENCE_single_reviewer_exploratory
91,board_high_06.jpg,b915bf282e188f36,0a1f8c3744f1f9dd34d569411171e95d84db18fe4cbe5452738f0766088b3294,1_Electronic/14.laptop-death-560x372.jpg,560,372,multi_item_scene,unclear_at_reviewed_scale,native_original,none_obvious_at_reviewed_scale,"Keyboard, loose module and wires laid together; no mounted populated board established.",OBSERVED_IMAGE_EVIDENCE_single_reviewer_exploratory
92,board_high_06.jpg,bd426acfa872be71,3ebc5141ff08280182de38f46ab782f04e0dcbc26d247e6d77b1d3ce9e79c2e4,1_Electronic/67.maxresdefault.jpg,1280,720,detached_part_or_board,clear_visible_populated_circuitry,sheet_360x270_tile,visible_text_logo_watermark_or_arrow,Loose motherboard scrap with overlaid caption.,OBSERVED_IMAGE_EVIDENCE_single_reviewer_exploratory
93,board_high_06.jpg,be49219ea0e39699,26696f17af6ac2093dd35964f43c133a63c269817356656ef2e57802633f491d,1_Electronic/20.computer-motherboard-scrap.jpg,727,700,detached_part_or_board,clear_visible_populated_circuitry,sheet_360x270_tile,none_obvious_at_reviewed_scale,Pile of loose populated boards.,OBSERVED_IMAGE_EVIDENCE_single_reviewer_exploratory
94,board_high_06.jpg,bee5d664f23a662e,177a04828b1e03639d4ac0536efb02ea6cba28308b974e0fa13cd481b65cb273,1_Electronic/۲۰۱۹۰۷۳۱_۲۱۲۲۴۸-800x600.jpg,800,600,detached_part_or_board,clear_visible_populated_circuitry,sheet_360x270_tile,none_obvious_at_reviewed_scale,"Several separate populated motherboards on a table, no case.",OBSERVED_IMAGE_EVIDENCE_single_reviewer_exploratory
95,board_high_06.jpg,c05f72b21c4bb5d1,49afe396712fb3d93d6579f75aa977a6cfe9c9b6ed5c41e58f446a51717ee821,1_Electronic/21.notebook-screen-replacements-port-macquarie-101-1024x485.jpg,1024,485,mounted_populated_circuitry_identifiable_unit,clear_visible_populated_circuitry,native_original,none_obvious_at_reviewed_scale,Native overexposed opened laptop retains blue populated board inside base; display and loose drive nearby.,OBSERVED_IMAGE_EVIDENCE_single_reviewer_exploratory
96,board_high_07.jpg,c07a422add64ba37,d7517c8986eed001f8b6d430a01ad243ee8b3e5daf3b7d005f39869ad468a723,1_Electronic/1.electronic-waste-23075586.jpg,800,534,multi_item_scene,clear_visible_populated_circuitry,sheet_360x270_tile,none_obvious_at_reviewed_scale,"Wires, phones, boards and white metal fragments piled together.",OBSERVED_IMAGE_EVIDENCE_single_reviewer_exploratory
97,board_high_07.jpg,c0c934f43fafea9d,25d636ebf84dcde4e27bfb30220e0aa4c5d13c2a6e40b8079ff94daeafa3427e,1_Electronic/66.pngtree-young-technician-working-on-broken-computer-concentrated-electronics-broken-photo-image_29061628.jpg,360,540,mounted_populated_circuitry_identifiable_unit,clear_visible_populated_circuitry,native_original,none_obvious_at_reviewed_scale,Native technician photo shows populated board still in open desktop case; a second loose board lies on table.,OBSERVED_IMAGE_EVIDENCE_single_reviewer_exploratory
98,board_high_07.jpg,c4180571c26cf254,b0ee83d18c2fbdefc3c48681320d1a025a4d957b12a515f1df1a7c6342007982,1_Electronic/17.motherboard-scrap-org-40950358103883243.jpg,500,500,detached_part_or_board,clear_visible_populated_circuitry,sheet_360x270_tile,none_obvious_at_reviewed_scale,Large heap of loose boards; no assembled owner.,OBSERVED_IMAGE_EVIDENCE_single_reviewer_exploratory
99,board_high_07.jpg,c5ac96441e268b2c,b26881bdf0e108d9f54d728bc790cd66d41c79702d518f9c005b41f6d758c511,1_Electronic/ded708777c311eecc141cc1809ad9be7.jpg,800,800,multi_item_scene,clear_visible_populated_circuitry,sheet_360x270_tile,staged_layout_or_montage,"Computer board, keyboard, drive and fan deliberately laid out separately.",OBSERVED_IMAGE_EVIDENCE_single_reviewer_exploratory
100,board_high_07.jpg,c64712d13e0212f0,16da71e31f791b7728f8fb818aa9a234661c7a098839c245fc341676660aac4c,1_Electronic/unnamed.jpg,512,484,detached_part_or_board,clear_visible_populated_circuitry,native_original,none_obvious_at_reviewed_scale,Native board close-up has wires but no identifiable device enclosure.,OBSERVED_IMAGE_EVIDENCE_single_reviewer_exploratory
101,board_high_07.jpg,c7818e252639924e,653fe3cb3ed9da6d9c6792ebdd6939fd89816ad05a17193d4abc7863b32224f2,1_Electronic/broken-computer.jpg,4000,3000,unclear_relation,unclear_at_reviewed_scale,native_original,none_obvious_at_reviewed_scale,Native laptop disassembly shows blue board amid loose covers; cannot verify it remains fixed to chassis.,OBSERVED_IMAGE_EVIDENCE_single_reviewer_exploratory
102,board_high_07.jpg,ca66b16c7a8cca55,502b6efdddc35182015e156fa355834e315c05bb6fd6807fa382ecaa91bbd6c3,1_Electronic/72.190617-3875-RAM-Riegel_Arbeitsspeicher_web.jpg,1000,640,detached_part_or_board,clear_visible_populated_circuitry,sheet_360x270_tile,none_obvious_at_reviewed_scale,Loose RAM sticks piled together.,OBSERVED_IMAGE_EVIDENCE_single_reviewer_exploratory
103,board_high_07.jpg,cb04a9e44d14d2dd,39ed94c77f47faa171682b4468f72af9c8eb759c6d042e82a724e69e0aaa6c51,1_Electronic/68.ec7630ef93b617bea9f7937e4ba5_768_1024.jpeg,200,266,detached_part_or_board,clear_visible_populated_circuitry,sheet_360x270_tile,none_obvious_at_reviewed_scale,Boards stacked in cardboard box without device housing.,OBSERVED_IMAGE_EVIDENCE_single_reviewer_exploratory
104,board_high_07.jpg,ce5c20a164229bbf,e3ea195c9b4f03d0219041e8d44ce3e71da57a2059114ca88509e0a1550bd83e,1_Electronic/1.Aac800bddf9004b01a3ac84e4a49572eaH.jpg,1600,1600,detached_part_or_board,clear_visible_populated_circuitry,sheet_360x270_tile,none_obvious_at_reviewed_scale,Loose populated motherboards overlapped on floor.,OBSERVED_IMAGE_EVIDENCE_single_reviewer_exploratory
105,board_high_07.jpg,cfb1e1aee810fecb,bcb2c50dca494ccf234765e057f22ab0ae00e5224b53f7c8942ceb126546e179,1_Electronic/8.hq720.jpg,1280,720,detached_part_or_board,clear_visible_populated_circuitry,sheet_360x270_tile,none_obvious_at_reviewed_scale,Graphics board held above workbench; not visibly mounted in a device.,OBSERVED_IMAGE_EVIDENCE_single_reviewer_exploratory
106,board_high_07.jpg,d29e01a6cc8795aa,c430ae093e0fef95e058aa9e6646a3c5f8be28577267a6cba4dd4c4799f9b01e,1_Electronic/15.acdc37_d7719cb438644d1b88866adc508d4cbe~mv2.jpg,568,312,detached_part_or_board,clear_visible_populated_circuitry,sheet_360x270_tile,none_obvious_at_reviewed_scale,"Close-up of populated board connectors and capacitors, no unit context.",OBSERVED_IMAGE_EVIDENCE_single_reviewer_exploratory
107,board_high_07.jpg,d42567cb3c1dfb16,f44efc2c141ba4c2a29755a35c07b627242d976e61f5b3a1f839560567e33736,1_Electronic/61.nvidia_gtx645de_1gb_gpu_1756211461_4b1f9770_thumbnail.jpg,320,314,detached_part_or_board,clear_visible_populated_circuitry,sheet_360x270_tile,staged_layout_or_montage,Eight graphics-card boards laid out separately as a parts array.,OBSERVED_IMAGE_EVIDENCE_single_reviewer_exploratory
108,board_high_07.jpg,d4bb0db776345846,fb16020da5774125dc8db716b4b426442cea8e35ee3c864500ad024ef8314537,1_Electronic/16.discarded-computer-parts-electronic-waste-detail-pile-used-obsolete-laptop-pc-components-memories-fans-circuit-boards-156911968.jpg,800,496,multi_item_scene,clear_visible_populated_circuitry,sheet_360x270_tile,staged_layout_or_montage,Loose memory stick held in front of fan and other hardware; co-presence not ownership.,OBSERVED_IMAGE_EVIDENCE_single_reviewer_exploratory
109,board_high_07.jpg,d5e916c6e5153f6e,cf603753173c6887ab9c05f1e1a68ccb5de02a1b1695c43e58d0fc204de2e9a6,1_Electronic/5.recovered-computer-processor-discarded-accra-ghana-they-440nw-12831279e.jpg,440,294,detached_part_or_board,not_seen_at_reviewed_scale,sheet_360x270_tile,none_obvious_at_reviewed_scale,"Loose processor package shown in hand, no populated board.",OBSERVED_IMAGE_EVIDENCE_single_reviewer_exploratory
110,board_high_07.jpg,d65b3e4cfc9dabfd,6fd1ac9d49a1b54524036bf95aa5761fed34d36245b34cb342bdfea0bd609d78,1_Electronic/original.jpg,720,405,detached_part_or_board,clear_visible_populated_circuitry,sheet_360x270_tile,none_obvious_at_reviewed_scale,Detached board heap photographed from above.,OBSERVED_IMAGE_EVIDENCE_single_reviewer_exploratory
111,board_high_07.jpg,d727cf6c4ab4e3d3,0579952ef1a5d8f24506e20400fab89609c68e40e7da5ec972e03d7fa3a142df,1_Electronic/79.6.jpg,831,525,detached_part_or_board,clear_visible_populated_circuitry,sheet_360x270_tile,visible_text_logo_watermark_or_arrow,Loose colorful PCB fragments; stock watermark.,OBSERVED_IMAGE_EVIDENCE_single_reviewer_exploratory
112,board_high_08.jpg,d7ee56836506eccb,b0e841be7f59db45d0362555adff1a895ef048ec6954609a870e1c979925a3d6,1_Electronic/8.stock-photo-trash-pile-of-discarded-computer-parts-with-circuit-boards-and-memory-modules-ready-for-44050366.jpg,1500,1101,multi_item_scene,clear_visible_populated_circuitry,sheet_360x270_tile,visible_text_logo_watermark_or_arrow,"Loose board, drive and card fragments in stock-photo heap.",OBSERVED_IMAGE_EVIDENCE_single_reviewer_exploratory
113,board_high_08.jpg,da1bb3ed40a16264,1a1a6a99d93611a2f87a134ffb4168a8983ecae7a50c2d74d90012a48b1414b2,1_Electronic/1.maxresdefault.jpg,1280,720,multi_item_scene,clear_visible_populated_circuitry,sheet_360x270_tile,none_obvious_at_reviewed_scale,Worker sorts separate boards and loose fragments on table.,OBSERVED_IMAGE_EVIDENCE_single_reviewer_exploratory
114,board_high_08.jpg,db57e063fd76bea6,b57acabbc027a6a1d0e574b0889f7bf06bfb514bd36aaa57d98baf7f6b814dfe,1_Electronic/2.csm_Leiterplatten-I-a-1a_be28f4f65d.jpg,1920,1920,detached_part_or_board,clear_visible_populated_circuitry,sheet_360x270_tile,none_obvious_at_reviewed_scale,Memory modules and chips laid loose in trays.,OBSERVED_IMAGE_EVIDENCE_single_reviewer_exploratory
115,board_high_08.jpg,dc1b4ea2194c2751,2ec38b3d5d118d5df40a1b54d27f2864aada002088a0f03be5b88267cb1b334b,1_Electronic/69.debu-laptop-banner.jpeg,648,435,unclear_relation,unclear_at_reviewed_scale,native_original,none_obvious_at_reviewed_scale,Native image is severely clipped/overexposed; board and fan visible but housing/mounting cannot be verified.,OBSERVED_IMAGE_EVIDENCE_single_reviewer_exploratory
116,board_high_08.jpg,dd1e9568d67615e7,a4b3c4433b52f67e64ce76bee1dff042e995e44115803f36f512babae1abb388,1_Electronic/12.pile-discarded-motherboards-cpus-cables-disc-drives-hijacked-hardware-heap-concept-electronic-waste-tech-recycling-hardware-reuse-sustainable-technology-environmental-impact_864588-263287.jpg,626,313,detached_part_or_board,clear_visible_populated_circuitry,sheet_360x270_tile,none_obvious_at_reviewed_scale,Soft-focus heap of loose blue circuit boards.,OBSERVED_IMAGE_EVIDENCE_single_reviewer_exploratory
117,board_high_08.jpg,dd30f8ebaddd0ae9,9be4e6032c3d04377e24a3f671e81a2127110667a8e913fd9b6c587ef8676b91,1_Electronic/69.electronics---small-heap-of-mixed-electronic_zedbxcgf_8_ws.jpg,448,252,multi_item_scene,clear_visible_populated_circuitry,sheet_360x270_tile,visible_text_logo_watermark_or_arrow,Mixed conceptual scrap arrangement with large graphic text overlay.,OBSERVED_IMAGE_EVIDENCE_single_reviewer_exploratory
118,board_high_08.jpg,dd7165e4b694788c,37aef5ff68b84812af0bb9ce570fe35eec33cc8b2d34aaac387bf13e6ca5bc07,1_Electronic/78.2024061916103113960497.jpg,859,484,detached_part_or_board,clear_visible_populated_circuitry,sheet_360x270_tile,none_obvious_at_reviewed_scale,Loose RAM modules without host device.,OBSERVED_IMAGE_EVIDENCE_single_reviewer_exploratory
119,board_high_08.jpg,df189864c9c8e597,765bd312a7dde3a1f8a6eb541ef6c4b55f2017d4a5bb2fb7d1b17d3c3a1abf8a,1_Electronic/67.Hb3-3248-edited.jpg,2002,1502,mounted_populated_circuitry_identifiable_unit,clear_visible_populated_circuitry,native_original,none_obvious_at_reviewed_scale,Native repair photo shows populated blue motherboard seated in desktop chassis; other board is held separately.,OBSERVED_IMAGE_EVIDENCE_single_reviewer_exploratory
120,board_high_08.jpg,df92cd903eb479a6,94b2df58b7dcc5e191771ae4fd56a52a2416432cf22f1c4defcae6c4327d68be,1_Electronic/19.ded708777c311eecc141cc1809ad9be7.jpg,736,736,multi_item_scene,clear_visible_populated_circuitry,sheet_360x270_tile,staged_layout_or_montage,"Separate board, keyboard, drive and fan laid out; known pHash candidate of row 099.",OBSERVED_IMAGE_EVIDENCE_single_reviewer_exploratory
121,board_high_08.jpg,e1934241678171c0,ee7ac65264b24b1d4a2eb68ab3a8debc7c57beec4f7daca38581c5d22285eabb,1_Electronic/45.WhatsApp-Image-2023-03-01-at-14.18.02.jpeg,1500,1000,multi_item_scene,clear_visible_populated_circuitry,sheet_360x270_tile,none_obvious_at_reviewed_scale,Person handles board amid loose fragments and other items; no mounted relation.,OBSERVED_IMAGE_EVIDENCE_single_reviewer_exploratory
122,board_high_08.jpg,e2c7b6bfc5e50468,d6eebfd7114791953c8a70615412a8e65a991f081a0d55af26a19b8b8db2bc85,1_Electronic/40.5c92c9cc199a684c11dc6564_1024px-E-Waste_in_the_Alley_(Silver_Spring_2C_MD).jpeg,1024,767,multi_item_scene,clear_visible_populated_circuitry,sheet_360x270_tile,none_obvious_at_reviewed_scale,"Multiple boards, wiring and rubble mixed on ground.",OBSERVED_IMAGE_EVIDENCE_single_reviewer_exploratory
123,board_high_08.jpg,e3a19c9b8331c0fc,bde1eb39198d5784d057bebcc7606bfda7c8f9aa044a5388e961c90578aae4fa,1_Electronic/18.ChatGPT-Image-Apr-1-2026-02_26_12-PM.png,1536,1024,multi_item_scene,clear_visible_populated_circuitry,sheet_360x270_tile,illustration_like_origin_unverified,Illustration-like staged phones and opened devices; some boards visible but no secure single-unit relation established.,OBSERVED_IMAGE_EVIDENCE_single_reviewer_exploratory
124,board_high_08.jpg,e53e4f286085c853,1ea405b19e6c3fa064804dc3d7659c34f12eb4ba43be09263c4fd6971913615f,1_Electronic/61.1_Circuit-board-e-waste-1200x900.jpg,1200,900,detached_part_or_board,clear_visible_populated_circuitry,sheet_360x270_tile,none_obvious_at_reviewed_scale,Detached computer boards piled in a carton.,OBSERVED_IMAGE_EVIDENCE_single_reviewer_exploratory
125,board_high_08.jpg,e698d43034edf91e,8def877a582d0b35534293fde35a164387aabbccb0e64ac5743b8ef081de93f4,1_Electronic/5.Medical-Gaming-Motherboard-Server-PCB-Manufacturing-Scrap-IC-Chip-Recycling-Multilayer-PCB-Prototypes-for-IoT-Applications.jpg,300,300,detached_part_or_board,clear_visible_populated_circuitry,sheet_360x270_tile,none_obvious_at_reviewed_scale,Single populated board isolated against white.,OBSERVED_IMAGE_EVIDENCE_single_reviewer_exploratory
126,board_high_08.jpg,e8305d6f62a4744e,5f536a3bee46549325dc250ae4a212bf554ab70bd76b71af523ec85384c6ed8e,1_Electronic/80.c58fcd01d838435c82dee2467925b39e8c712765.png,1151,725,mounted_populated_circuitry_identifiable_unit,clear_visible_populated_circuitry,native_original,none_obvious_at_reviewed_scale,Native opened laptop retains populated board in base below powered display; exposed circuitry is directly visible.,OBSERVED_IMAGE_EVIDENCE_single_reviewer_exploratory
127,board_high_08.jpg,ea9e940b3a8bc103,8466e52e9646c5098bbdd8a76df6d2da5c42c501bb15f5ccd536fbabe195b19c,1_Electronic/19.old-electronic-chip-scrap-for-industries-2220689887-pv8r63fd.jpg,770,756,detached_part_or_board,clear_visible_populated_circuitry,sheet_360x270_tile,none_obvious_at_reviewed_scale,Overlapping loose populated boards fill frame.,OBSERVED_IMAGE_EVIDENCE_single_reviewer_exploratory
128,board_high_09.jpg,f14e54d29cd238a9,de9c430af13b90fec4975c1842fb735ff361971ad88d59dde2cb17159031573d,1_Electronic/4.s-l400.jpg,300,400,detached_part_or_board,not_seen_at_reviewed_scale,sheet_360x270_tile,none_obvious_at_reviewed_scale,"Loose IC packages and processor chips, no populated board.",OBSERVED_IMAGE_EVIDENCE_single_reviewer_exploratory
129,board_high_09.jpg,f1831e76b3e3b753,309de61ff6a37dcf1e70428914356b8838a3e37acec792a53cc4c4e50bfa9483,1_Electronic/18.assortment-dirty-dumped-objects_23-2148996978.jpg,626,417,multi_item_scene,clear_visible_populated_circuitry,sheet_360x270_tile,none_obvious_at_reviewed_scale,Several discarded boards mixed with other waste fragments.,OBSERVED_IMAGE_EVIDENCE_single_reviewer_exploratory
130,board_high_09.jpg,f5bf6e26bd31c1ee,12e488f70fa136be2866f779c7ed8f50a2f4f1f588747cb5156a11cee5a533ef,1_Electronic/5.Titelbild-kaputte-Grafikkarte-780x438.jpg,780,438,detached_part_or_board,unclear_at_reviewed_scale,native_original,visible_text_logo_watermark_or_arrow,Native graphics-card close-up shows exposed PCB back edge and annotation arrow; populated face/mounted host not seen.,OBSERVED_IMAGE_EVIDENCE_single_reviewer_exploratory
131,board_high_09.jpg,f6dd7f5266ed6715,0249175e4c7090220bbf728f0b4d64c8962479b42615d0fb9c9173a49f514aef,1_Electronic/13.Scrap-PCB-rotated.jpg,816,612,detached_part_or_board,clear_visible_populated_circuitry,sheet_360x270_tile,none_obvious_at_reviewed_scale,Pile of detached green circuit boards.,OBSERVED_IMAGE_EVIDENCE_single_reviewer_exploratory
132,board_high_09.jpg,f80b9b87c928d629,065a780f9e771772888119471032b2d581a892a767b10fd16ece2c6b256c8369,1_Electronic/79.computer-hardware-scraps-1276859.jpg,208,160,multi_item_scene,not_seen_at_reviewed_scale,native_original,none_obvious_at_reviewed_scale,Loose processor and sockets staged together; no mounted populated board established.,OBSERVED_IMAGE_EVIDENCE_single_reviewer_exploratory
133,board_high_09.jpg,f91e9d35752a13d5,af4bc21ec3fbb19ab01be91fce12b0f8270b6c763234d62a4795368d346f051a,1_Electronic/13.e-waste-mixed-pcb-scrap-high-gold-recovery-06598.jpeg,960,640,detached_part_or_board,clear_visible_populated_circuitry,sheet_360x270_tile,none_obvious_at_reviewed_scale,Mixed pile dominated by separate populated boards; no source unit.,OBSERVED_IMAGE_EVIDENCE_single_reviewer_exploratory
134,board_high_09.jpg,fbceae71d54fc31e,aa7f814900894b8df399e852de8196d776809726346356f2cecdc9649eb689ee,1_Electronic/61VwGhzxGSL.jpg,1100,1100,detached_part_or_board,clear_visible_populated_circuitry,sheet_360x270_tile,none_obvious_at_reviewed_scale,Single small populated board isolated against white.,OBSERVED_IMAGE_EVIDENCE_single_reviewer_exploratory
135,board_high_09.jpg,fbdc4dfd101735e2,acdafe1d6c789b468f29a589af57a3563a460acc4bc691f0c957b76116ae7e9a,1_Electronic/17.pandangan-sudut-tinggi-tumpukan-sirkuit-komputer-yang-rusak_1620918-146.jpg,626,352,multi_item_scene,clear_visible_populated_circuitry,sheet_360x270_tile,none_obvious_at_reviewed_scale,"Loose boards, connectors and power supplies piled together.",OBSERVED_IMAGE_EVIDENCE_single_reviewer_exploratory
