sheet,family_internal,machine_family_id,visual_name_id,audit_group,role,parent_id,region_id,source_relative_path,source_sha256,mask_sha256,mask_area_fraction,sam_score,proposal_alignment,semantic_correspondence,claim_interpretation,failure_mode,adjudication_note
1,41,F0041,kemasan sirkuit terpadu,kandidat,medoid,7e54460056bb765a,c6ba92b460c49a3f3541611d,1_Electronic/pcb_257.jpg,7ddcbb5a3aeb5b157e393180ac99490e3ff139cb1d5e60595dc27ab879dbb60e,5ebfbe8cbbe0de40aacc8ae22a67aa2cb95264edde499abe14dbfb0ec33a868f,0.04022222,0.808594,good,yes,supported,none,Mask mengikuti kemasan IC persegi pada papan.
1,41,F0041,kemasan sirkuit terpadu,kandidat,variasi posisi,ca66b16c7a8cca55,779d90a038df793e11196933,1_Electronic/72.190617-3875-RAM-Riegel_Arbeitsspeicher_web.jpg,502b6efdddc35182015e156fa355834e315c05bb6fd6807fa382ecaa91bbd6c3,4b1c9b7d16fac361d64e21b3ac26ccdb4b3ba06e54ff0ba3c483481c663bd529,0.02787188,0.675781,partial,no,unsupported,descriptor_correspondence,"Mask menangkap fragmen modul memori dan label, bukan kemasan IC yang sepadan."
1,41,F0041,kemasan sirkuit terpadu,kandidat,batas afinitas,64c88b045908917c,bfd5d9f2583de5749f4a8b36,1_Electronic/pcb_167.jpg,b0f6d4ac69a2703477c2ad45bd1375fdf25c707b8b7a46cb3d43ad950c1cfcb3,43cb048723df5a16c457a88a2552492b19c9e309586bcda7f105ec7754b90d78,0.05333333,0.832031,good,yes,supported,none,Mask mengikuti komponen IC persegi pada papan rakitan.
1,34,F0034,retak dan pecah layar,kandidat,medoid,819b620de5d77e40,3f59fbb636afe9974e0d7249,1_Electronic/360_F_293956024_kBwWKtf43tkvJKQgaJWSkqmmH9ZuLY3v.jpg,66bb348bcd7371331bf965d197091d50b6b6632cb7d7358db96e0c533b830b9c,a020f766751aaa8ee922f5476fe0f8d6f1e64fc9cc5b1c78e75ac2b5a873131c,0.06501543,0.671875,partial,yes,supported,proposal,"Mask hanya mencakup sebagian zona pecah, tetapi kerusakan fisik terlihat langsung."
1,34,F0034,retak dan pecah layar,kandidat,variasi posisi,08ca70948a89531a,983c666b570e578ec9a1021d,1_Electronic/89348728c084feb85f92af58de0f6df7.jpg,4618f24a48716ff943b8528027a598a3ef1c14c5fda842ad926b87f22949eadc,64c27c32f310525b280c51aca0fd899d74a211314aae61668d7e28a00409305a,0.01053101,0.785156,partial,ambiguous,requires_narrowing,descriptor_correspondence,"Area terkelupas atau ternoda terlihat, tetapi retak tidak dapat dipastikan dari mask lokal."
1,34,F0034,retak dan pecah layar,kandidat,batas afinitas,5043d5db057aa307,ca51fdbced69409e860d5a0c,1_Electronic/236.jpeg,48d5a9e67ba0c10e69643272972ec6f33dba6d6b0b9ffcd2cf156f887f341291,95c0a9ea4724fa9c802e3f8d7800c0dcf6ad5edb00c620787607be9c89e54054,0.03245685,0.8125,good,no,unsupported,descriptor_correspondence,"Mask mengikuti isi layar berwarna, bukan kerusakan fisik."
2,52,F0052,garis dan panel layar rusak,kandidat,medoid,045fe2157a17a75b,00705657fdf22915cb639426,1_Electronic/sd.jpg,d2d3c1d2a7011e08a3bc0fdc50e41576534c8d65808d38ef7302fd5416708197,7adf2bf5deeedf9a73840a75fc0e52d6aa9cfc7140564d97b3cb9829da14b422,0.05780427,0.757812,partial,yes,requires_narrowing,proposal,"Mask memilih bagian panel dengan garis rusak, bukan seluruh kerusakan."
2,52,F0052,garis dan panel layar rusak,kandidat,variasi posisi,fa4021b7190cce4e,86ee50a59776e56d95d6a022,1_Electronic/IMG-20200329-WA0078.jpg,dc403b784e19e759a589b2ccff5205c9917b89a911117f3c6fb24164ca6e11e9,df484fc21a5df780ed043a3db0f23d4eb9e421f60b06c3a53f10ec393a7f0b14,0.06200955,0.6875,good,ambiguous,requires_narrowing,descriptor_correspondence,Mask mengikuti patch gelap pada layar; status kerusakan tidak tegas.
2,52,F0052,garis dan panel layar rusak,kandidat,batas afinitas,bcb1eb732acd5c44,2d747d762dfa09eb47357298,1_Electronic/63.FA02LXHI697S5OH.png,1c5a8ab088db8246b2e175d95174ec38df7e2d653cbfc00a55dff4cf4aa72ce9,5dac736a588f282b762485843e01d7895cd2fcbcfadc7d8fee1359c9e82cc376,0.04843269,0.800781,good,no,unsupported,descriptor_correspondence,Mask mengikuti pantulan atau patch gelap tanpa bukti garis panel rusak.
2,64,F0064,retak layar langka,kandidat,medoid,9a2a6d2413333888,03475001f6da1b8f5486cc32,1_Electronic/Mobile_247.jpg,accabd7f88263a0e707931e1d940308cd00b550439943079b8cfac6fb5a1a907,ce8925446722f11e280fe148c007891328d911483fe06d8f7662778ee00180f2,0.06075556,0.824219,good,ambiguous,requires_narrowing,interpretation,"Perangkat tampak retak, tetapi mask memilih patch layar gelap dan bukan garis retaknya."
2,64,F0064,retak layar langka,kandidat,variasi posisi,34b799173faf6c17,ee5180145ba45fae9967967d,1_Electronic/Mobile_208.jpg,6fcdbaaebd65cffdd58bde54c5822a31201506cb182290c21fa58199c8035f02,23e580f7048b15e078c252c8b3e873665c7c628c3402b00c301d3671e17229c7,0.05844444,0.75,good,ambiguous,requires_narrowing,interpretation,Konteks layar retak terlihat; region yang dibandingkan adalah patch gelap lokal.
2,64,F0064,retak layar langka,kandidat,bagian besar,eeaf47facceba569,d5ad0c6315af8aa355f5fd9b,1_Electronic/Mobile_236.jpg,fb5ef5c436df980f73b2cab33340a58c098cf7faee9614ec60b2932a847bd084,f74574870a522af1ebaf9f7e821c3d08553eed2e859ee4167d24fe8820c99bf4,0.06537778,0.792969,good,ambiguous,requires_narrowing,interpretation,Konteks layar retak terlihat; mask tidak mengisolasi retakan.
3,13,F0013,papan sirkuit dalam rakitan dan tumpukan,kandidat,medoid,93bcd9f51f027f41,3c924a774442d2f716fe2dda,1_Electronic/72.24102021-singapore-republic-of-singapore-asia-electronic-waste-e-waste-pile-from-discarded-laptop-computer-components-with-circuit-board-2H32PRD.jpg,5f2e7fbbc1d4a095f6a6feae261bc832e5cc8fffae340fa3e821e5b254c15d46,49cfa5c7a4d3376ac5842b47ac990ff8b21951d795b4eedb8be75acd1d33cfe0,0.04613364,0.90625,good,yes,supported,none,Mask mengikuti papan sirkuit di dalam tumpukan perangkat.
3,13,F0013,papan sirkuit dalam rakitan dan tumpukan,kandidat,variasi posisi,3ff9cc730e9c220f,53a830da7d5d5857a18c677b,1_Electronic/16.large-pile-of-e-waste-sadoff-e-recycling.jpeg,f636d5e4ca353425233d9208147882e38537d787b352ad59ef484919266c9e75,6f345ea4858e8c88f62fe2f54feea77cdb8e4b5c4be678269aa84e882177e8c1,0.0283913,0.640625,partial,yes,requires_narrowing,proposal,Mask mencakup papan beserta bagian rakitan putih di sekitarnya.
3,13,F0013,papan sirkuit dalam rakitan dan tumpukan,kandidat,batas afinitas,7ede4fe856d8ca57,c83d346d76d734b76f6a786d,1_Electronic/80.Untitled-design.jpg,2807c3764061418e4e90fda205faedf5d6dca04e651147a430ba86ed034704de,900a257285f8e32f8f938b379bd57cd88e202a35d14a4fd30e03413589751e7e,0.03331667,0.941406,good,no,unsupported,descriptor_correspondence,"Mask mengikuti blok logam atau kumparan, bukan papan sirkuit."
3,0,F0000,permukaan papan sirkuit terpopulasi,kandidat,medoid,35bab23240072254,159a4d55eea8a962f0070170,1_Electronic/pcb_294.jpg,39ac6c787619b5bff2730e7884bf1af9b81c602e74b9985711bc63309ffdebdf,626b66a3a7ea4dd76f6d399a0cc5f69ea4b153a87ae9803fad8d019c9907db33,0.06755556,0.703125,partial,yes,requires_narrowing,proposal,"Mask memilih bagian pusat papan terpopulasi, bukan keseluruhan papan."
3,0,F0000,permukaan papan sirkuit terpopulasi,kandidat,variasi posisi,8d1a3e3beec4d0e8,1ebe514e1c136ca98548dbf4,1_Electronic/pcb_200.jpg,86c389f96ae4b90b2fb3d95a970905091e62247a5d26ba1a26fb35583c18f8f1,a4d70c75809b51e858261243f1df0d2678ad0f33f6dab188d29a44b3d1399a0d,0.03155556,0.773438,good,ambiguous,requires_narrowing,descriptor_correspondence,Mask memilih komponen kecil pada papan; permukaan papan hanya konteks.
3,0,F0000,permukaan papan sirkuit terpopulasi,kandidat,batas afinitas,e14fd8301d0c2fc1,31774f01633646474f5a5e94,1_Electronic/pcb_260.jpg,c97de10a8c4bac4ef98f015ccddf41e20f95704d04d319e11180931f345216aa,977580786c2dde09346678f8c825e4d70e472befed098bb65e565d6550ec3215,0.06768889,0.761719,good,yes,supported,none,Mask mengikuti patch permukaan papan terpopulasi.
4,119,F0119,pola uji warna pada layar,kandidat,medoid,e60d740a69bc649a,fa4fb74b8d1014a028f99bcf,1_Electronic/Television_281.jpg,06bdc415f67d2a18fb8b2a3121000cb40d802c28b37c98dc4c2a410989ad4e2e,7c3bc3c4820d957e1553d10a33960660c08d81e78d692e3c1bfaafcf30810e1d,0.07964444,0.820312,good,yes,supported,none,Mask mengikuti blok pola uji warna pada layar datar.
4,119,F0119,pola uji warna pada layar,kandidat,bagian kecil,2918aa4dca2f0145,4c1737deac270961848b32d8,1_Electronic/Television_284.jpg,c06cc08c3c27593525d2c53474194115d9a70b70d0635fbb8e9ec8b4c5a268c6,be0c942b145788087d80b5d57b8b7c0f22331e1c4ca86079976a3ed7533846de,0.07444444,0.523438,good,yes,supported,none,Mask mengikuti blok pola uji warna pada layar CRT.
4,124,F0124,terminal positif baterai silinder,kandidat,medoid,7668ab21be841aac,2735634d19d280d8a58a1abf,1_Electronic/battery_61.jpg,29f2d33eef9b38381cf190ab2ec7e9a847b5712fd50c2a78518ce80d502fe3b0,0cc6194f1bdc291879bcf25a6f37c56918cd4074618a59f4841a9af0fb1cf982,0.04128889,0.6875,good,yes,supported,none,Mask mengikuti terminal positif baterai silinder.
4,124,F0124,terminal positif baterai silinder,kandidat,bagian besar,5c87e208e9280bb1,e6f6106d92366e8fe2b53e8a,1_Electronic/battery_42.jpg,dbef04a9ad79c1e9215369df775c4678b14d9896d65f3c544636bd32ae175b7f,b911415e800526fd309b8cff3beeb9be2372e417fa03ab505d3fbf75d1ae2235,0.04462222,0.886719,good,ambiguous,requires_narrowing,interpretation,Mask lebih banyak mengikuti badan silinder daripada terminal positif.
5,94,F0094,konektor kabel berwarna krem,kandidat,medoid,b214e80c36aaee12,cc35eb9399dddca67c81516f,1_Electronic/Mouse_199.jpg,308318083d9663132a4ec7e8dd53bd1c0544120cc1eeb7249ccf5a93262a185c,798a64fe92b252d4d59cb0140dbc4f32053b44c3767fc555c699c008886ee1b6,0.04644444,0.765625,good,yes,supported,none,Mask mengikuti konektor kabel berwarna krem.
5,94,F0094,konektor kabel berwarna krem,kandidat,bagian kecil,f5b25a252a5d441c,2b374f040186b010f3d6da67,1_Electronic/Mouse_157.jpg,412c5d3026c625727f0b225580cf89258e1941c21f53d3c73e3f26bffe0f00d9,6445cc67c49fe6e139b152aebc0e25449ab551f824a1fcbb87f41f4f85484ba2,0.04626667,0.78125,good,yes,requires_narrowing,source_redundancy,"Region cocok, tetapi foto hampir identik dengan contoh pertama sehingga bukan dukungan independen."
5,99,F0099,pad dan kontak papan sirkuit,kandidat,medoid,fe7c0b3f50083df0,10997875b6fef83b1d999c54,1_Electronic/pcb_170.jpg,481c811f7fa9793651889e6db7ba7a28edeaf5820ac441a4c64a0c70da1e7e94,8739927fb3a54f4c531eb2b20c27d0627e838a71fcc21d86869fefc32e6fcf8c,0.02933333,0.644531,good,no,unsupported,descriptor_correspondence,"Mask mengikuti area gosong atau komponen gelap, bukan pad dan kontak."
5,99,F0099,pad dan kontak papan sirkuit,kandidat,bagian besar,703b334c80be008b,fd15e42ff8ace7e3f0e7750b,1_Electronic/pcb_203.jpg,c50bd4d39eaaac950cc1d36207ec4b9c388bed6ac938aa9c70777bbd0cd7cb3c,432acc2cf729a5ba9b04982f34cab6ad40942a5c5adb02fdbf161500ce63579a,0.03942222,0.636719,good,no,unsupported,descriptor_correspondence,"Mask mengikuti komponen gelap pada papan, bukan pad dan kontak."
6,116,F0116,pad dan jalur tepi papan,kandidat,medoid,62547ddbdae23960,2cc1130cd2ba94c955038860,1_Electronic/11.High-Purity-Gold-Plated-Scrap-From-Mobile-Phone-Boards-for-Gold-Recovery-Mobile-PCB-Scrap.jpg,abbbd4289076cd7b9e1c1269737d7ac23e863db9952ef7fdd5e3d59400e64f8f,62cc626142fb09b84f17d7489b8078fddba84406df3704f85b760a0c8e285794,0.06388889,0.613281,good,yes,supported,none,Mask mengikuti papan dengan pad dan jalur yang terlihat.
6,116,F0116,pad dan jalur tepi papan,kandidat,bagian kecil,dea9563cfde67ba3,e9a8eda92021e70198bc38de,1_Electronic/pcb_202.jpg,cd0850a35af79279f79cff88ecd843ce94e42181d0ac8ed7afb44abc98c5a3c0,5e89daa2fefc5b74d02a38336bb8860b606a0dbebb56ea750abb29fd3181cb39,0.03008889,0.644531,good,yes,supported,none,Mask mengikuti tepi papan dengan pad dan jalur.
6,122,F0122,mekanisme internal pencetak,kandidat,medoid,92239d16959ba311,53d41cb14925964ac4ed0797,1_Electronic/2.obsolete_electronic_parts_TW.png,ab1d97f9a7c4ae0ea919605f4e16d7e7aefa030b4efd95f8f722ebe0aa479251,f6939410b1273621be0cf135324592fab5d2f741eaa2b3e219d5012f59d45fe7,0.03594971,0.671875,partial,yes,requires_narrowing,proposal,Mask mencakup bagian mekanisme pencetak beserta latar terdekat.
6,122,F0122,mekanisme internal pencetak,kandidat,bagian besar,07a3a7081e277ab6,e3e23f7755c4cf01ff2a0e73,1_Electronic/3.jual-beli-barang-bekas-elektronik-600x400.jpg,d6e36468075592632bd20e2e8f8099e1eb2354583df50595848aa45c7b954f19,b8e8b88f59a0c360d8ceb8e3a84172034796c18e9f5f43a22b68fd69bfdbeafd,0.0458,0.75,good,ambiguous,requires_narrowing,descriptor_correspondence,Mask mengikuti bagian perangkat pada tumpukan; identitas mekanisme pencetak tidak tegas.
7,28,F0028,label dan bidang atas persegi panjang,hard negative,medoid,40db16f4050ee900,897455b3fb3a1b604e3f9152,1_Electronic/battery_14.jpg,993ce30477a9a75a10ec1f5829cfef8d625d20f0cf405f689e00c9a4ef65b85d,073f23d697708e71435b6d9c8e895d894a343786eea7943b7fbce2f1bfffb611,0.05822222,0.566406,good,yes,requires_narrowing,interpretation,"Visual label atau bidang atas baterai valid, tetapi bukan bukti konfigurasi komponen."
7,28,F0028,label dan bidang atas persegi panjang,hard negative,variasi posisi,2fadf6cfa7d1660a,060639f7a778b35c22243760,1_Electronic/battery_276.jpg,ddfb4c6501e7d029546c211eeef4b84ec34529f1ed3d52d954725d78d252e407,efa3ebcf46d00be3d3188a67c3fe499e0bf8432f335a524b3b1d704534646c1c,0.03302222,0.734375,good,yes,requires_narrowing,interpretation,Mask mengikuti label baterai; hubungan diperantarai grafis permukaan.
7,28,F0028,label dan bidang atas persegi panjang,hard negative,bagian besar,c812352d0ab61297,083502f66c91f464ea6dca5b,1_Electronic/battery_284.jpg,18ae9b6a8bf8ebfc778c219804e6b12a9280f91dd0291079de54857d47efa6f9,86770b1d8bb566d05ac03a5870229e4d71b5e8ef9c69544b4128389429f7eb05,0.07586667,0.667969,good,yes,requires_narrowing,interpretation,Mask mengikuti blok teks pada badan baterai; klaim harus tetap pada tampilan permukaan.
7,32,F0032,isi layar dan antarmuka,hard negative,medoid,76e226b2b537856e,b29665330912027b11d26d4c,1_Electronic/DipnUxlVsAAXxSN.jpg,2876297e96d68d2b752678f70b27df51be96bb7aef5e72e0303100d16e997706,bda35eb54ce9f73d4b5347a6247a5554064aa8de0b476d17292db4cbde50a450,0.1055037,0.53125,good,yes,requires_narrowing,interpretation,Mask mengikuti isi panel rusak; keluarga tidak boleh disebut kondisi fisik tanpa inspeksi.
7,32,F0032,isi layar dan antarmuka,hard negative,variasi posisi,a2d25578a261e76e,140b2697eb81e5c95b352b1f,1_Electronic/Television_35.jpg,fe243b2530cbc8f072d849d59bb7851fe5cf62cf586d5e375435780b5844aff8,edcd094d301acbf558b17e5f6181887ef84d56f70fb1b4503b6ff642a174e5d1,0.04515556,0.710938,good,yes,requires_narrowing,interpretation,Mask mengikuti figur pada tayangan televisi; ini isi layar.
7,32,F0032,isi layar dan antarmuka,hard negative,batas afinitas,30404de41090136a,fe4fa27241d5a1aa237e2a18,1_Electronic/Keyboard_46.jpg,0b1608ae8910737c1a51d76cd747f56c07095567aecdd34bd3a7ef39be1a39ab,6a91f51f372a7fbf6513c02cfa240ce45984a48568ae9be5c4df3290a1ff60c5,0.05875556,0.664062,good,yes,requires_narrowing,interpretation,Mask mengikuti blok antarmuka; ini isi layar dan bukan keadaan perangkat.
8,37,F0037,gambar pada kertas atau layar,hard negative,medoid,acef8f7a6e4dc1a5,d2e255992690189210988b1b,1_Electronic/Printer_291.jpg,a8e6dd57dbf74bff9fafc2144485ca59a26302052ff2d9c72d2e572e32fedf53,301894b936d890d240937c937650fa679a727414430e05d75ce4583cba1f30f0,0.02862222,0.722656,good,yes,requires_narrowing,interpretation,Mask mengikuti gambar pada lembar cetak; bukan mekanisme pencetak.
8,37,F0037,gambar pada kertas atau layar,hard negative,variasi posisi,b846b3ca032d80e4,e68ff300365143efd33e8c3b,1_Electronic/Printer_180.jpg,d78fd714c5403c102571c3f0b557299b0dc9e530e98b61ca1e701c9f034f6e2c,23d5aa79c95e1d43969dd87f5f48f9f41bd354ad2ff19b762d18900167a55d26,0.03964444,0.835938,good,yes,requires_narrowing,interpretation,Mask mengikuti gambar pada layar kecil pencetak; bukan komponen internal.
8,37,F0037,gambar pada kertas atau layar,hard negative,batas afinitas,4899da67d22b6d96,eed429d3c88056f2403bb76b,1_Electronic/Television_216.jpg,89de150e7a96f9bf15b8eb4525ed460ead331da72ad03bde281977e959ec8264,7555fb3c58375dfb7b334698a38f45a9630f7b92491ed572c15e1c10bede6ffc,0.04573333,0.6875,good,yes,requires_narrowing,interpretation,Mask mengikuti grafis siaran pada layar; koherensi berasal dari konten gambar.
8,73,F0073,bidang hitam sudut bawah,hard negative,medoid,0c4ba77b2e9d8edc,48a6b669e1f01f612365c8a5,1_Electronic/Keyboard_124.jpg,c734e013f4c152e59b0df2526330d615aecba3fad03b14cd80aee788dabb70aa,3f0276b7a000e51b64ee4c9943aa453b5fe14bde703dea9a78ba894dc667cc1d,0.04928889,0.746094,good,yes,requires_narrowing,interpretation,Mask mengikuti bidang hitam di sudut foto; pola merupakan komposisi adegan.
8,73,F0073,bidang hitam sudut bawah,hard negative,variasi posisi,94d8885eff2df083,bd6bd679a50c8fbadd59d6f9,1_Electronic/Mouse_260.jpg,3622b728e617e732fab9a6fc8ab0686d100e460e3dea5739c37df6f2303a5aa7,cb22d9ac42e0d52ee55e5c9507f59eb907a1a3cc6d803d210cf31f1ae35b64dd,0.03813333,0.621094,good,yes,requires_narrowing,interpretation,Mask mengikuti sudut hitam di dekat perangkat; bukan bagian perangkat yang sama.
8,73,F0073,bidang hitam sudut bawah,hard negative,bagian kecil,4de5a9e77bdc11fa,f4c9b37cd6662a299070b050,1_Electronic/40.led-and-lcd-tvs-monitor-scrap-for-sale--160.jpg,f8eb6359e717a2717a15710a722aa023438132b93062a9fdcb8f42aeb527ff58,4b62edd9255d218defa105d67b8c2c34287742c09eaafc10ede8ec6f1afbe930,0.032716,0.714844,good,yes,requires_narrowing,interpretation,Mask mengikuti bingkai layar hitam; kesamaan terutama warna dan posisi.
