method,pair_id,family_internal,left_id,right_id,foreground,box,siglip,min_rank,mean_rank,eligible_pairs,review_id,decision,observation,qualification
first_encounter,e1119fcd8ab7,0,07bab0e08a639900f6bde785,dffbb874e240b6ac9aebea9f,0.691452145576477,0.7768374681472778,0.8004227876663208,0.7142857313156128,0.9047619700431824,7,P21,ambiguous,Permukaan papan rangkaian dan alas penjepit berpola sirkuit,Kesetaraan rakitan elektronik tidak terbukti pada alas penjepit
foreground_nearest,e1119fcd8ab7,0,07bab0e08a639900f6bde785,dffbb874e240b6ac9aebea9f,0.691452145576477,0.7768374681472778,0.8004227876663208,0.7142857313156128,0.9047619700431824,7,P21,ambiguous,Permukaan papan rangkaian dan alas penjepit berpola sirkuit,Kesetaraan rakitan elektronik tidak terbukti pada alas penjepit
view_consensus,e1119fcd8ab7,0,07bab0e08a639900f6bde785,dffbb874e240b6ac9aebea9f,0.691452145576477,0.7768374681472778,0.8004227876663208,0.7142857313156128,0.9047619700431824,7,P21,ambiguous,Permukaan papan rangkaian dan alas penjepit berpola sirkuit,Kesetaraan rakitan elektronik tidak terbukti pada alas penjepit
first_encounter,b39b8f2be00b,5,23b2418c0a0d7a6265631af6,f71dd80a6d071486a17e2fe7,0.8312925100326538,0.5605182647705078,0.6669408082962036,0.625,0.6805555820465088,24,P29,supported,Deret tombol pada papan ketik berlampu dan papan ketik biasa,Persamaan bentuk tombol; resolusi foto kiri rendah
foreground_nearest,06eeb29a193d,5,58947cbe997aa2a69996c611,f71dd80a6d071486a17e2fe7,0.8653817772865295,0.8764593005180359,0.7627311944961548,1.0,1.0,24,P26,supported,Matriks tombol pada papan ketik ergonomis dan papan ketik biasa,Persamaan susunan tombol pada produk sejenis; bukan struktur langka
view_consensus,06eeb29a193d,5,58947cbe997aa2a69996c611,f71dd80a6d071486a17e2fe7,0.8653817772865295,0.8764593005180359,0.7627311944961548,1.0,1.0,24,P26,supported,Matriks tombol pada papan ketik ergonomis dan papan ketik biasa,Persamaan susunan tombol pada produk sejenis; bukan struktur langka
first_encounter,ebeda1649e95,8,2512f00bd660f5d00eb5b458,a58e28e01ea505236c377ca9,0.3753830194473266,0.3801254034042358,0.7584621906280518,0.6666666865348816,0.8888888955116272,3,P28,rejected,Tekstur dinding dan bidang gelap di bawah papan ketik,Pola latar tidak mendukung hubungan komponen
foreground_nearest,2bde702bcb61,8,2512f00bd660f5d00eb5b458,efb2c24c182f82ca5f043331,0.4714345335960388,0.351077675819397,0.7424012422561646,0.6666666865348816,0.7777778506278992,3,P35,rejected,Permukaan dinding dan permukaan meja,Hanya kemiripan latar; bukan bagian perangkat
view_consensus,ebeda1649e95,8,2512f00bd660f5d00eb5b458,a58e28e01ea505236c377ca9,0.3753830194473266,0.3801254034042358,0.7584621906280518,0.6666666865348816,0.8888888955116272,3,P28,rejected,Tekstur dinding dan bidang gelap di bawah papan ketik,Pola latar tidak mendukung hubungan komponen
first_encounter,ed118de500be,9,04c7acab1203cfb0f5ec2cc9,92d118f6f6ad7b6a1e746093,0.6301085352897644,0.624406099319458,0.7259858846664429,0.25,0.5,4,P37,supported,Matriks tombol pada dua papan ketik,Produk sama; struktur tombol terlihat pada kedua mask
foreground_nearest,c46f6f9767a2,9,0b71fa2f7bab31096936c925,1dd877f65f21b0f70a243936,0.7257730960845947,0.6288303136825562,0.6767702102661133,0.5,0.75,4,P11,supported,Matriks tombol pada dua papan ketik,Produk sama dengan orientasi berbeda; contoh kiri beresolusi rendah
view_consensus,c46f6f9767a2,9,0b71fa2f7bab31096936c925,1dd877f65f21b0f70a243936,0.7257730960845947,0.6288303136825562,0.6767702102661133,0.5,0.75,4,P11,supported,Matriks tombol pada dua papan ketik,Produk sama dengan orientasi berbeda; contoh kiri beresolusi rendah
first_encounter,496cbe5e5e65,10,1832af1b204371fc4921d0fd,1f270056945139dccbf2c140,0.3239102661609649,0.3250283598899841,0.8113710880279541,1.0,1.0,1,P02,rejected,Label alat dipasangkan dengan penjepit logam,Tidak menunjukkan bagian yang sama
foreground_nearest,496cbe5e5e65,10,1832af1b204371fc4921d0fd,1f270056945139dccbf2c140,0.3239102661609649,0.3250283598899841,0.8113710880279541,1.0,1.0,1,P02,rejected,Label alat dipasangkan dengan penjepit logam,Tidak menunjukkan bagian yang sama
view_consensus,496cbe5e5e65,10,1832af1b204371fc4921d0fd,1f270056945139dccbf2c140,0.3239102661609649,0.3250283598899841,0.8113710880279541,1.0,1.0,1,P02,rejected,Label alat dipasangkan dengan penjepit logam,Tidak menunjukkan bagian yang sama
first_encounter,1aa3d401fd89,11,0a1245e2bfd0d2f4a43ec0a1,1131aa616764b0cab2a1dd71,0.685848593711853,0.5768448114395142,0.876251220703125,0.6666666865348816,0.8333333134651184,6,P06,supported,Permukaan layar gelap pada monitor terisolasi dan monitor di meja,Kesamaan umum layar
foreground_nearest,3648f7ddb0c6,11,2141021f50dd8d8be808b21d,6dcd53dd80265100e3a15fb6,0.7017070055007935,0.7473374009132385,0.6837781667709351,0.3333333432674408,0.7222221493721008,6,P01,supported,Permukaan layar gelap pada dua monitor,Kesamaan umum layar; fungsi perangkat tidak diketahui
view_consensus,1aa3d401fd89,11,0a1245e2bfd0d2f4a43ec0a1,1131aa616764b0cab2a1dd71,0.685848593711853,0.5768448114395142,0.876251220703125,0.6666666865348816,0.8333333134651184,6,P06,supported,Permukaan layar gelap pada monitor terisolasi dan monitor di meja,Kesamaan umum layar
first_encounter,3c6352de5ee5,17,6e72a25d694e14804a8f0b57,f9b573af995ae0be4d5f39db,0.4277433156967163,0.5501581430435181,0.7723195552825928,1.0,1.0,1,P27,rejected,Kabel di meja dan permukaan rak di antara monitor,Tidak menunjukkan bagian yang sama
foreground_nearest,3c6352de5ee5,17,6e72a25d694e14804a8f0b57,f9b573af995ae0be4d5f39db,0.4277433156967163,0.5501581430435181,0.7723195552825928,1.0,1.0,1,P27,rejected,Kabel di meja dan permukaan rak di antara monitor,Tidak menunjukkan bagian yang sama
view_consensus,3c6352de5ee5,17,6e72a25d694e14804a8f0b57,f9b573af995ae0be4d5f39db,0.4277433156967163,0.5501581430435181,0.7723195552825928,1.0,1.0,1,P27,rejected,Kabel di meja dan permukaan rak di antara monitor,Tidak menunjukkan bagian yang sama
first_encounter,90c1c7559cdc,18,8c9f57113b4bf2c3497f7a1e,9a144baa8d60709dec3fbacd,0.5355339050292969,0.553080141544342,0.8666765689849854,1.0,1.0,2,P32,rejected,Area keluaran pencetak dan bidang gelap di bawah papan ketik,Kemiripan warna tidak menunjukkan korespondensi bagian
foreground_nearest,90c1c7559cdc,18,8c9f57113b4bf2c3497f7a1e,9a144baa8d60709dec3fbacd,0.5355339050292969,0.553080141544342,0.8666765689849854,1.0,1.0,2,P32,rejected,Area keluaran pencetak dan bidang gelap di bawah papan ketik,Kemiripan warna tidak menunjukkan korespondensi bagian
view_consensus,90c1c7559cdc,18,8c9f57113b4bf2c3497f7a1e,9a144baa8d60709dec3fbacd,0.5355339050292969,0.553080141544342,0.8666765689849854,1.0,1.0,2,P32,rejected,Area keluaran pencetak dan bidang gelap di bawah papan ketik,Kemiripan warna tidak menunjukkan korespondensi bagian
first_encounter,1a2d6c027ef7,19,0fdec7271d65d05edcff8936,65e95b78f0ec0776f2e53eb9,0.3138974905014038,0.4119148254394531,0.7607823610305786,0.3333333432674408,0.7777778506278992,3,P14,supported,Panel luar terang pada mesin cuci dan pencetak,Kesamaan permukaan umum lintas produk; tidak menunjukkan material atau fungsi identik
foreground_nearest,70d2c3027e64,19,65e95b78f0ec0776f2e53eb9,a05c2d444777a063956c320c,0.3647101521492004,0.2984551191329956,0.6974018216133118,0.3333333432674408,0.6666666865348816,3,P16,ambiguous,Panel luar pencetak dan fragmen tepi mesin cuci,Region tepi terlalu sempit dan mencakup latar; homolog bagian tidak jelas
view_consensus,1a2d6c027ef7,19,0fdec7271d65d05edcff8936,65e95b78f0ec0776f2e53eb9,0.3138974905014038,0.4119148254394531,0.7607823610305786,0.3333333432674408,0.7777778506278992,3,P14,supported,Panel luar terang pada mesin cuci dan pencetak,Kesamaan permukaan umum lintas produk; tidak menunjukkan material atau fungsi identik
first_encounter,b9eae1de5017,21,160cbe4821e2ad135bb87464,fccb3665b13b2a6dc81301bc,0.2019999027252197,0.4036411643028259,0.7008956670761108,1.0,1.0,1,P10,supported,Konten berwarna pada layar laptop dan televisi,Dukungan berupa tampilan citra; bukan bukti fungsi atau isi yang sama
foreground_nearest,b9eae1de5017,21,160cbe4821e2ad135bb87464,fccb3665b13b2a6dc81301bc,0.2019999027252197,0.4036411643028259,0.7008956670761108,1.0,1.0,1,P10,supported,Konten berwarna pada layar laptop dan televisi,Dukungan berupa tampilan citra; bukan bukti fungsi atau isi yang sama
view_consensus,b9eae1de5017,21,160cbe4821e2ad135bb87464,fccb3665b13b2a6dc81301bc,0.2019999027252197,0.4036411643028259,0.7008956670761108,1.0,1.0,1,P10,supported,Konten berwarna pada layar laptop dan televisi,Dukungan berupa tampilan citra; bukan bukti fungsi atau isi yang sama
first_encounter,50fe569734c2,22,614972ed91de66ff1ad251d1,62f7cc3f22e249ac55ca9ff6,0.141343742609024,0.2713680565357208,0.5462924838066101,0.5,0.5,2,P08,rejected,Rangkaian papan dengan beberapa komponen dipasangkan dengan bingkai monitor,Tidak menunjukkan korespondensi bagian
foreground_nearest,667f4301c130,22,62f7cc3f22e249ac55ca9ff6,ea4eedbd7b2cf24193d859fb,0.257650077342987,0.4551226496696472,0.6204519271850586,1.0,1.0,2,P03,ambiguous,Tepi monitor dipasangkan dengan panel belakang layar terbuka,Mask pertama didominasi bingkai dan mask kedua bidang panel; bagian homolog belum jelas
view_consensus,667f4301c130,22,62f7cc3f22e249ac55ca9ff6,ea4eedbd7b2cf24193d859fb,0.257650077342987,0.4551226496696472,0.6204519271850586,1.0,1.0,2,P03,ambiguous,Tepi monitor dipasangkan dengan panel belakang layar terbuka,Mask pertama didominasi bingkai dan mask kedua bidang panel; bagian homolog belum jelas
first_encounter,29d75d7235cb,23,42154c6027e2cb66a1067bb0,ffda0f90060e996e7862878a,0.5958341956138611,0.548816978931427,0.6046682596206665,1.0,1.0,1,P19,supported,Sandaran tangan laptop dalam foto dan komposisi produk,Area yang sesuai tetapi salah satu sumber komposisi produk
foreground_nearest,29d75d7235cb,23,42154c6027e2cb66a1067bb0,ffda0f90060e996e7862878a,0.5958341956138611,0.548816978931427,0.6046682596206665,1.0,1.0,1,P19,supported,Sandaran tangan laptop dalam foto dan komposisi produk,Area yang sesuai tetapi salah satu sumber komposisi produk
view_consensus,29d75d7235cb,23,42154c6027e2cb66a1067bb0,ffda0f90060e996e7862878a,0.5958341956138611,0.548816978931427,0.6046682596206665,1.0,1.0,1,P19,supported,Sandaran tangan laptop dalam foto dan komposisi produk,Area yang sesuai tetapi salah satu sumber komposisi produk
first_encounter,e6ce689898a5,26,b7f8f0a25c9da21bd3ba7653,ca69172b413b9bb2999f0377,0.2186561673879623,0.2298998385667801,0.7705338001251221,0.5,0.8333333134651184,2,P34,rejected,Fragmen retak layar genggam dan label perangkat,Objek lokal berbeda
foreground_nearest,e6ce689898a5,26,b7f8f0a25c9da21bd3ba7653,ca69172b413b9bb2999f0377,0.2186561673879623,0.2298998385667801,0.7705338001251221,0.5,0.8333333134651184,2,P34,rejected,Fragmen retak layar genggam dan label perangkat,Objek lokal berbeda
view_consensus,e6ce689898a5,26,b7f8f0a25c9da21bd3ba7653,ca69172b413b9bb2999f0377,0.2186561673879623,0.2298998385667801,0.7705338001251221,0.5,0.8333333134651184,2,P34,rejected,Fragmen retak layar genggam dan label perangkat,Objek lokal berbeda
first_encounter,7bcf538878f0,32,77188238c26dce8db9978306,d7cf0aaa2799b71e7a4cfdcb,0.4104359149932861,0.4463486075401306,0.6112339496612549,1.0,1.0,1,P17,ambiguous,Tepi layar laptop gelap dan pola retak laptop,Persamaan posisi layar tidak cukup untuk menyamakan kondisi permukaan
foreground_nearest,7bcf538878f0,32,77188238c26dce8db9978306,d7cf0aaa2799b71e7a4cfdcb,0.4104359149932861,0.4463486075401306,0.6112339496612549,1.0,1.0,1,P17,ambiguous,Tepi layar laptop gelap dan pola retak laptop,Persamaan posisi layar tidak cukup untuk menyamakan kondisi permukaan
view_consensus,7bcf538878f0,32,77188238c26dce8db9978306,d7cf0aaa2799b71e7a4cfdcb,0.4104359149932861,0.4463486075401306,0.6112339496612549,1.0,1.0,1,P17,ambiguous,Tepi layar laptop gelap dan pola retak laptop,Persamaan posisi layar tidak cukup untuk menyamakan kondisi permukaan
first_encounter,b7279242380c,33,74d807fef381cdbb42e69654,e25eaacd66d2c6781ba54728,0.449955016374588,0.5392153263092041,0.7331855297088623,1.0,1.0,1,P04,supported,Panel luar laptop tertutup dan bagian bawah laptop pada tumpukan,Sisi casing berbeda; dukungan hanya pada tingkat panel luar
foreground_nearest,b7279242380c,33,74d807fef381cdbb42e69654,e25eaacd66d2c6781ba54728,0.449955016374588,0.5392153263092041,0.7331855297088623,1.0,1.0,1,P04,supported,Panel luar laptop tertutup dan bagian bawah laptop pada tumpukan,Sisi casing berbeda; dukungan hanya pada tingkat panel luar
view_consensus,b7279242380c,33,74d807fef381cdbb42e69654,e25eaacd66d2c6781ba54728,0.449955016374588,0.5392153263092041,0.7331855297088623,1.0,1.0,1,P04,supported,Panel luar laptop tertutup dan bagian bawah laptop pada tumpukan,Sisi casing berbeda; dukungan hanya pada tingkat panel luar
first_encounter,6ba1d98131c1,34,088dc1dcda358a90159624ee,7bec11c2b321f85f1d2e2fca,0.4324023723602295,0.4525133967399597,0.7238898277282715,0.6666666865348816,0.8888888955116272,3,P09,supported,Pola retak layar televisi dan laptop,Citra laptop berupa komposisi produk; tidak menetapkan kejadian kerusakan lapangan
foreground_nearest,eae5bb8a14d0,34,088dc1dcda358a90159624ee,0ceb2dfc46cc4b56343a8180,0.501542329788208,0.4156115651130676,0.713506817817688,0.3333333432674408,0.6666666865348816,3,P05,supported,Pola retak bercabang pada televisi dan layar genggam,Kedua citra memuat konteks pemotretan; sebab kerusakan dan kedalaman retak tidak diketahui
view_consensus,6ba1d98131c1,34,088dc1dcda358a90159624ee,7bec11c2b321f85f1d2e2fca,0.4324023723602295,0.4525133967399597,0.7238898277282715,0.6666666865348816,0.8888888955116272,3,P09,supported,Pola retak layar televisi dan laptop,Citra laptop berupa komposisi produk; tidak menetapkan kejadian kerusakan lapangan
first_encounter,beb9223cc922,38,2b0c978af1f2e69bbfe5104f,524dd4f3daf2685afb501c1b,0.438062310218811,0.3126628696918487,0.7388088703155518,0.6666666865348816,0.7777778506278992,6,P12,ambiguous,Label badan sel dipasangkan dengan region sel dan muka jam,Mask campuran mencakup bagian tidak relevan
foreground_nearest,4eacfd5e9e18,38,524dd4f3daf2685afb501c1b,e0752734fdcae5407a961cc6,0.4822145104408264,0.3573167324066162,0.5824369192123413,0.5,0.8333333134651184,6,P24,ambiguous,Bagian berwarna tembaga pada sel dan mask campuran sel dengan muka jam,Mask campuran tetap tidak koheren
view_consensus,81feef0159c4,38,524dd4f3daf2685afb501c1b,589bb405461b13982f3329bf,0.4533639848232269,0.3353828191757202,0.6088079214096069,0.8333333134651184,0.8333333134651184,6,P15,ambiguous,Badan sel silindris dipasangkan dengan region sel dan muka jam,Mask kedua bercampur; kemiripan sel tidak cukup untuk seluruh region
first_encounter,b5ca5266c8fd,39,021b3a6a9e5dd68272109df7,55550729c17e2469b0f0d6e1,0.5635483264923096,0.6345674991607666,0.763859748840332,1.0,1.0,3,P36,supported,Panel layar pada laptop tunggal dan perangkat dalam tumpukan,Identitas produk kedua tidak pasti; dukungan terbatas pada panel layar
foreground_nearest,b5ca5266c8fd,39,021b3a6a9e5dd68272109df7,55550729c17e2469b0f0d6e1,0.5635483264923096,0.6345674991607666,0.763859748840332,1.0,1.0,3,P36,supported,Panel layar pada laptop tunggal dan perangkat dalam tumpukan,Identitas produk kedua tidak pasti; dukungan terbatas pada panel layar
view_consensus,b5ca5266c8fd,39,021b3a6a9e5dd68272109df7,55550729c17e2469b0f0d6e1,0.5635483264923096,0.6345674991607666,0.763859748840332,1.0,1.0,3,P36,supported,Panel layar pada laptop tunggal dan perangkat dalam tumpukan,Identitas produk kedua tidak pasti; dukungan terbatas pada panel layar
first_encounter,a97ec212eec7,44,3c00af227208f7a3e167b7ba,43585a9de8f614f6099f4aac,0.453330934047699,0.6039332151412964,0.711473286151886,1.0,1.0,1,P33,rejected,Penutup pencetak dan bagian belakang panel layar laptop,Tidak menunjukkan hubungan komponen yang cukup spesifik
foreground_nearest,a97ec212eec7,44,3c00af227208f7a3e167b7ba,43585a9de8f614f6099f4aac,0.453330934047699,0.6039332151412964,0.711473286151886,1.0,1.0,1,P33,rejected,Penutup pencetak dan bagian belakang panel layar laptop,Tidak menunjukkan hubungan komponen yang cukup spesifik
view_consensus,a97ec212eec7,44,3c00af227208f7a3e167b7ba,43585a9de8f614f6099f4aac,0.453330934047699,0.6039332151412964,0.711473286151886,1.0,1.0,1,P33,rejected,Penutup pencetak dan bagian belakang panel layar laptop,Tidak menunjukkan hubungan komponen yang cukup spesifik
first_encounter,9b2641728a3d,48,467b66fa4b592a426ffd6fd4,b418bbe015fd47956acadda4,0.6509369611740112,0.6224708557128906,0.7835754156112671,0.5,0.8333333134651184,2,P23,ambiguous,Region mencampur tombol dan sandaran papan ketik,Batas mask tidak mengisolasi bagian homolog
foreground_nearest,36a3e1de1c5e,48,467b66fa4b592a426ffd6fd4,d23bef49263c329c3a0168d9,0.6806288957595825,0.6116921901702881,0.7246202230453491,0.5,0.6666666865348816,2,P31,ambiguous,Sandaran tangan papan ketik dan mask campuran tombol serta sandaran,Mask tidak mengisolasi bagian yang sama secara konsisten
view_consensus,9b2641728a3d,48,467b66fa4b592a426ffd6fd4,b418bbe015fd47956acadda4,0.6509369611740112,0.6224708557128906,0.7835754156112671,0.5,0.8333333134651184,2,P23,ambiguous,Region mencampur tombol dan sandaran papan ketik,Batas mask tidak mengisolasi bagian homolog
first_encounter,7de6da111ca0,49,108d190189f7aada339a8c16,b49e6eaeaf6cb569db914366,0.5226097106933594,0.4863187670707702,0.505888819694519,0.3333333432674408,0.3333333432674408,3,P25,ambiguous,Kaki monitor dan fragmen tepi putih pada tumpukan,Identitas penyangga pada tumpukan belum jelas
foreground_nearest,7539faa53753,49,108d190189f7aada339a8c16,c5e049f8eb6e31d4481bb8c9,0.7088049650192261,0.4924520254135132,0.5470878481864929,0.6666666865348816,0.7777778506278992,3,P30,supported,Penyangga monitor pada produk terisolasi dan monitor di meja,Bentuk batang dan alas berbeda tetapi konteks penuh mendukung bagian penyangga
view_consensus,0eeb56083ae1,49,b49e6eaeaf6cb569db914366,c5e049f8eb6e31d4481bb8c9,0.5358901023864746,0.7328420877456665,0.8056752681732178,0.6666666865348816,0.8888888955116272,3,P07,ambiguous,Fragmen tepi putih tumpukan monitor dan alas monitor,Identitas struktur putih pada tumpukan tidak cukup jelas
first_encounter,865935c65935,53,37d9dc4375ed474e41c8d75a,5791afeb79e2f82150125d36,0.1304320096969604,0.3410346210002899,0.7454099655151367,1.0,1.0,1,P18,rejected,Pantulan permukaan layar dan fragmen tumpukan perangkat,Tidak terlihat hubungan bagian yang sama
foreground_nearest,865935c65935,53,37d9dc4375ed474e41c8d75a,5791afeb79e2f82150125d36,0.1304320096969604,0.3410346210002899,0.7454099655151367,1.0,1.0,1,P18,rejected,Pantulan permukaan layar dan fragmen tumpukan perangkat,Tidak terlihat hubungan bagian yang sama
view_consensus,865935c65935,53,37d9dc4375ed474e41c8d75a,5791afeb79e2f82150125d36,0.1304320096969604,0.3410346210002899,0.7454099655151367,1.0,1.0,1,P18,rejected,Pantulan permukaan layar dan fragmen tumpukan perangkat,Tidak terlihat hubungan bagian yang sama
first_encounter,f6cc802cc5f1,55,98f7dd1c4ad3912188cec7f6,b1e38dd066553e9d3989f8be,0.3955614864826202,0.6522178649902344,0.6822273135185242,1.0,1.0,1,P13,rejected,Bola kendali tetikus dan area kendali pencetak,Bentuk membulat tidak menunjukkan komponen sama
foreground_nearest,f6cc802cc5f1,55,98f7dd1c4ad3912188cec7f6,b1e38dd066553e9d3989f8be,0.3955614864826202,0.6522178649902344,0.6822273135185242,1.0,1.0,1,P13,rejected,Bola kendali tetikus dan area kendali pencetak,Bentuk membulat tidak menunjukkan komponen sama
view_consensus,f6cc802cc5f1,55,98f7dd1c4ad3912188cec7f6,b1e38dd066553e9d3989f8be,0.3955614864826202,0.6522178649902344,0.6822273135185242,1.0,1.0,1,P13,rejected,Bola kendali tetikus dan area kendali pencetak,Bentuk membulat tidak menunjukkan komponen sama
first_encounter,e3c00f5b9582,73,48a6b669e1f01f612365c8a5,f4c9b37cd6662a299070b050,0.6077060699462891,0.4998927116394043,0.8025186657905579,1.0,1.0,1,P22,rejected,Bidang gelap di bawah papan ketik dan panel monitor,Warna gelap tidak membuktikan komponen sama
foreground_nearest,e3c00f5b9582,73,48a6b669e1f01f612365c8a5,f4c9b37cd6662a299070b050,0.6077060699462891,0.4998927116394043,0.8025186657905579,1.0,1.0,1,P22,rejected,Bidang gelap di bawah papan ketik dan panel monitor,Warna gelap tidak membuktikan komponen sama
view_consensus,e3c00f5b9582,73,48a6b669e1f01f612365c8a5,f4c9b37cd6662a299070b050,0.6077060699462891,0.4998927116394043,0.8025186657905579,1.0,1.0,1,P22,rejected,Bidang gelap di bawah papan ketik dan panel monitor,Warna gelap tidak membuktikan komponen sama
first_encounter,cc6c5c21328a,76,3dbab8423970f09b78d534ff,7a7c064ec12efc29a5265e31,0.7295551300048828,0.6356528997421265,0.6357182860374451,1.0,1.0,1,P20,supported,Permukaan layar gelap pada monitor dan laptop,Persamaan panel layar lintas perangkat; pantulan tidak menunjukkan kondisi fungsi
foreground_nearest,cc6c5c21328a,76,3dbab8423970f09b78d534ff,7a7c064ec12efc29a5265e31,0.7295551300048828,0.6356528997421265,0.6357182860374451,1.0,1.0,1,P20,supported,Permukaan layar gelap pada monitor dan laptop,Persamaan panel layar lintas perangkat; pantulan tidak menunjukkan kondisi fungsi
view_consensus,cc6c5c21328a,76,3dbab8423970f09b78d534ff,7a7c064ec12efc29a5265e31,0.7295551300048828,0.6356528997421265,0.6357182860374451,1.0,1.0,1,P20,supported,Permukaan layar gelap pada monitor dan laptop,Persamaan panel layar lintas perangkat; pantulan tidak menunjukkan kondisi fungsi
