family_internal,left_id,right_id,foreground,box,siglip,min_rank,mean_rank,eligible_pairs
0,000fba7e94b15eaf7c877411,dffbb874e240b6ac9aebea9f,0.5308516025543213,0.729942798614502,0.7467540502548218,0.4285714328289032,0.6190476417541504,7
0,02e3ed7f6f75208755c6c829,dffbb874e240b6ac9aebea9f,0.5347493886947632,0.7020688652992249,0.8145630359649658,0.5714285969734192,0.7142857909202576,7
0,07bab0e08a639900f6bde785,dffbb874e240b6ac9aebea9f,0.691452145576477,0.7768374681472778,0.8004227876663208,0.7142857313156128,0.9047619700431824,7
0,2ef755deb94647d00a027da9,dffbb874e240b6ac9aebea9f,0.44233834743499756,0.6541985273361206,0.6995804905891418,0.1428571492433548,0.3333333432674408,7
0,383c134dac3b1f9cc450b761,dffbb874e240b6ac9aebea9f,0.544002890586853,0.7058738470077515,0.8323831558227539,0.7142857313156128,0.8571428656578064,7
0,99ae77095a71db02a141698d,dffbb874e240b6ac9aebea9f,0.3654743432998657,0.5235350131988525,0.7250092029571533,0.1428571492433548,0.2380952388048172,7
0,cf600cda70129d1c9acb6e73,dffbb874e240b6ac9aebea9f,0.360134482383728,0.5411146879196167,0.7885960340499878,0.1428571492433548,0.3333333432674408,7
5,23b2418c0a0d7a6265631af6,ab50a0c4457af8079c7c9e1d,0.7329385280609131,0.5348811149597168,0.5701038837432861,0.125,0.3194444477558136,24
5,23b2418c0a0d7a6265631af6,c4f92a347f558e6b5ce883fd,0.7905263304710388,0.5493174195289612,0.6696963906288147,0.5833333134651184,0.6388888955116272,24
5,23b2418c0a0d7a6265631af6,f71dd80a6d071486a17e2fe7,0.8312925100326538,0.5605182647705078,0.6669408082962036,0.625,0.6805555820465088,24
5,23b2418c0a0d7a6265631af6,fc9516ee793c883044296c47,0.8070249557495117,0.5626300573348999,0.6103336811065674,0.2916666567325592,0.555555522441864,24
5,58947cbe997aa2a69996c611,ab50a0c4457af8079c7c9e1d,0.785206139087677,0.8098440170288086,0.7372204065322876,0.625,0.7777777314186096,24
5,58947cbe997aa2a69996c611,c4f92a347f558e6b5ce883fd,0.8498098254203796,0.8688834309577942,0.7353328466415405,0.875,0.9166666865348816,24
5,58947cbe997aa2a69996c611,f71dd80a6d071486a17e2fe7,0.8653817772865295,0.8764593005180359,0.7627311944961548,1.0,1.0,24
5,58947cbe997aa2a69996c611,fc9516ee793c883044296c47,0.8537306785583496,0.8432765603065491,0.7327123880386353,0.875,0.9027778506278992,24
5,87f6ec542478913c8762364e,ab50a0c4457af8079c7c9e1d,0.7656897306442261,0.36413416266441345,0.5777026414871216,0.1666666716337204,0.3194444477558136,24
5,87f6ec542478913c8762364e,c4f92a347f558e6b5ce883fd,0.7536362409591675,0.4023391008377075,0.674168586730957,0.3333333432674408,0.4861110746860504,24
5,87f6ec542478913c8762364e,f71dd80a6d071486a17e2fe7,0.7819457054138184,0.41043683886528015,0.67522132396698,0.4583333432674408,0.5833333134651184,24
5,87f6ec542478913c8762364e,fc9516ee793c883044296c47,0.7683558464050293,0.42839616537094116,0.6249387264251709,0.4166666567325592,0.4583333432674408,24
5,9346cbb9111bfb7f1c19d65d,ab50a0c4457af8079c7c9e1d,0.7136565446853638,0.14596423506736755,0.5611345767974854,0.0416666679084301,0.0833333358168602,24
5,9346cbb9111bfb7f1c19d65d,c4f92a347f558e6b5ce883fd,0.7715336084365845,0.14726440608501434,0.6195707321166992,0.0833333358168602,0.3194444477558136,24
5,9346cbb9111bfb7f1c19d65d,f71dd80a6d071486a17e2fe7,0.7200548052787781,0.15818101167678833,0.6467097997665405,0.125,0.2916666567325592,24
5,9346cbb9111bfb7f1c19d65d,fc9516ee793c883044296c47,0.7020524740219116,0.2096208930015564,0.5909630060195923,0.0833333358168602,0.1666666716337204,24
5,ab50a0c4457af8079c7c9e1d,b95fabe7ac5e99e8c3c3c3f8,0.7552176713943481,0.7813185453414917,0.6118510961532593,0.3333333432674408,0.4722222089767456,24
5,ab50a0c4457af8079c7c9e1d,baa7a187d11ec3630ac70a61,0.6990573406219482,0.22236038744449615,0.5610365271568298,0.0416666679084301,0.1249999925494194,24
5,b95fabe7ac5e99e8c3c3c3f8,c4f92a347f558e6b5ce883fd,0.8645423054695129,0.8375278115272522,0.681765079498291,0.7916666865348816,0.8611111044883728,24
5,b95fabe7ac5e99e8c3c3c3f8,f71dd80a6d071486a17e2fe7,0.836613655090332,0.8425103425979614,0.692908763885498,0.8333333134651184,0.8472221493721008,24
5,b95fabe7ac5e99e8c3c3c3f8,fc9516ee793c883044296c47,0.8147264719009399,0.83534836769104,0.629783034324646,0.5,0.6805555820465088,24
5,baa7a187d11ec3630ac70a61,c4f92a347f558e6b5ce883fd,0.7833507061004639,0.2046179175376892,0.6292957067489624,0.1666666716337204,0.4027777910232544,24
5,baa7a187d11ec3630ac70a61,f71dd80a6d071486a17e2fe7,0.7280398011207581,0.21872936189174652,0.6462113857269287,0.25,0.347222238779068,24
5,baa7a187d11ec3630ac70a61,fc9516ee793c883044296c47,0.7254407405853271,0.2723855972290039,0.6023778319358826,0.2083333283662796,0.2638888955116272,24
8,2512f00bd660f5d00eb5b458,a58e28e01ea505236c377ca9,0.37538301944732666,0.38012540340423584,0.7584621906280518,0.6666666865348816,0.8888888955116272,3
8,2512f00bd660f5d00eb5b458,efb2c24c182f82ca5f043331,0.4714345335960388,0.351077675819397,0.7424012422561646,0.6666666865348816,0.7777778506278992,3
8,a58e28e01ea505236c377ca9,efb2c24c182f82ca5f043331,0.20843274891376495,0.23014569282531738,0.6573218107223511,0.3333333432674408,0.3333333432674408,3
9,04c7acab1203cfb0f5ec2cc9,1dd877f65f21b0f70a243936,0.6302351951599121,0.5993574857711792,0.7744024991989136,0.25,0.5833333134651184,4
9,04c7acab1203cfb0f5ec2cc9,92d118f6f6ad7b6a1e746093,0.6301085352897644,0.624406099319458,0.7259858846664429,0.25,0.5,4
9,0b71fa2f7bab31096936c925,1dd877f65f21b0f70a243936,0.7257730960845947,0.6288303136825562,0.6767702102661133,0.5,0.75,4
9,0b71fa2f7bab31096936c925,92d118f6f6ad7b6a1e746093,0.673276424407959,0.6581951379776001,0.6279184222221375,0.25,0.6666666865348816,4
10,1832af1b204371fc4921d0fd,1f270056945139dccbf2c140,0.32391026616096497,0.32502835988998413,0.8113710880279541,1.0,1.0,1
11,0a1245e2bfd0d2f4a43ec0a1,1131aa616764b0cab2a1dd71,0.685848593711853,0.5768448114395142,0.876251220703125,0.6666666865348816,0.8333333134651184,6
11,0a1245e2bfd0d2f4a43ec0a1,2141021f50dd8d8be808b21d,0.6117261648178101,0.505220353603363,0.7856015563011169,0.3333333432674408,0.5,6
11,1131aa616764b0cab2a1dd71,6dcd53dd80265100e3a15fb6,0.656511664390564,0.7962290048599243,0.6405874490737915,0.1666666716337204,0.555555522441864,6
11,1131aa616764b0cab2a1dd71,f83090e0af284419c2e1208a,0.6077286005020142,0.4926116466522217,0.8558117151260376,0.1666666716337204,0.4444444179534912,6
11,2141021f50dd8d8be808b21d,6dcd53dd80265100e3a15fb6,0.7017070055007935,0.7473374009132385,0.6837781667709351,0.3333333432674408,0.7222221493721008,6
11,2141021f50dd8d8be808b21d,f83090e0af284419c2e1208a,0.6573810577392578,0.45818740129470825,0.7688072919845581,0.1666666716337204,0.4444444477558136,6
17,6e72a25d694e14804a8f0b57,f9b573af995ae0be4d5f39db,0.4277433156967163,0.5501581430435181,0.7723195552825928,1.0,1.0,1
18,8c9f57113b4bf2c3497f7a1e,9a144baa8d60709dec3fbacd,0.5355339050292969,0.553080141544342,0.8666765689849854,1.0,1.0,2
18,9a144baa8d60709dec3fbacd,a62d7c86caa611c806c4fd56,0.3958492875099182,0.2599523663520813,0.4589938819408417,0.5,0.5,2
19,03a4ef8f1b74611571e51519,65e95b78f0ec0776f2e53eb9,0.3197367787361145,0.3485714793205261,0.6556389331817627,0.3333333432674408,0.5555555820465088,3
19,0fdec7271d65d05edcff8936,65e95b78f0ec0776f2e53eb9,0.3138974905014038,0.4119148254394531,0.7607823610305786,0.3333333432674408,0.7777778506278992,3
19,65e95b78f0ec0776f2e53eb9,a05c2d444777a063956c320c,0.36471015214920044,0.2984551191329956,0.6974018216133118,0.3333333432674408,0.6666666865348816,3
21,160cbe4821e2ad135bb87464,fccb3665b13b2a6dc81301bc,0.20199990272521973,0.4036411643028259,0.7008956670761108,1.0,1.0,1
22,614972ed91de66ff1ad251d1,62f7cc3f22e249ac55ca9ff6,0.14134374260902405,0.2713680565357208,0.5462924838066101,0.5,0.5,2
22,62f7cc3f22e249ac55ca9ff6,ea4eedbd7b2cf24193d859fb,0.25765007734298706,0.4551226496696472,0.6204519271850586,1.0,1.0,2
23,42154c6027e2cb66a1067bb0,ffda0f90060e996e7862878a,0.5958341956138611,0.548816978931427,0.6046682596206665,1.0,1.0,1
26,b7f8f0a25c9da21bd3ba7653,ca69172b413b9bb2999f0377,0.21865616738796234,0.2298998385667801,0.7705338001251221,0.5,0.8333333134651184,2
26,b7f8f0a25c9da21bd3ba7653,f528d139808bb3ef8d9e561c,0.19059070944786072,0.24709972739219666,0.6705493330955505,0.5,0.6666666865348816,2
32,77188238c26dce8db9978306,d7cf0aaa2799b71e7a4cfdcb,0.41043591499328613,0.4463486075401306,0.6112339496612549,1.0,1.0,1
33,74d807fef381cdbb42e69654,e25eaacd66d2c6781ba54728,0.449955016374588,0.5392153263092041,0.7331855297088623,1.0,1.0,1
34,088dc1dcda358a90159624ee,0ceb2dfc46cc4b56343a8180,0.501542329788208,0.4156115651130676,0.713506817817688,0.3333333432674408,0.6666666865348816,3
34,088dc1dcda358a90159624ee,7bec11c2b321f85f1d2e2fca,0.4324023723602295,0.4525133967399597,0.7238898277282715,0.6666666865348816,0.8888888955116272,3
34,0ceb2dfc46cc4b56343a8180,7bec11c2b321f85f1d2e2fca,0.2679867744445801,0.3244212567806244,0.7161209583282471,0.3333333432674408,0.4444444477558136,3
38,1e12d356b8f74c14a74b59fd,524dd4f3daf2685afb501c1b,0.362216591835022,0.21501895785331726,0.569471001625061,0.3333333432674408,0.3888889253139496,6
38,28970b56990b1278a9f20ebc,524dd4f3daf2685afb501c1b,0.3335997462272644,0.22281411290168762,0.560099720954895,0.1666666716337204,0.2777777910232544,6
38,2b0c978af1f2e69bbfe5104f,524dd4f3daf2685afb501c1b,0.43806231021881104,0.31266286969184875,0.7388088703155518,0.6666666865348816,0.7777778506278992,6
38,524dd4f3daf2685afb501c1b,589bb405461b13982f3329bf,0.45336398482322693,0.3353828191757202,0.6088079214096069,0.8333333134651184,0.8333333134651184,6
38,524dd4f3daf2685afb501c1b,e0752734fdcae5407a961cc6,0.4822145104408264,0.3573167324066162,0.5824369192123413,0.5,0.8333333134651184,6
38,524dd4f3daf2685afb501c1b,f6e4007f9810ef4e19f592e1,0.3338415026664734,0.2073725312948227,0.6069542169570923,0.1666666716337204,0.3888889253139496,6
39,021b3a6a9e5dd68272109df7,55550729c17e2469b0f0d6e1,0.5635483264923096,0.6345674991607666,0.763859748840332,1.0,1.0,3
39,021b3a6a9e5dd68272109df7,9f9d0cbf232f4dfc65bfcad6,0.20025265216827393,0.40169548988342285,0.6803964376449585,0.3333333432674408,0.3333333432674408,3
39,55550729c17e2469b0f0d6e1,9f9d0cbf232f4dfc65bfcad6,0.4137415885925293,0.5895745754241943,0.7341188192367554,0.6666666865348816,0.6666666865348816,3
44,3c00af227208f7a3e167b7ba,43585a9de8f614f6099f4aac,0.453330934047699,0.6039332151412964,0.711473286151886,1.0,1.0,1
48,467b66fa4b592a426ffd6fd4,b418bbe015fd47956acadda4,0.6509369611740112,0.6224708557128906,0.7835754156112671,0.5,0.8333333134651184,2
48,467b66fa4b592a426ffd6fd4,d23bef49263c329c3a0168d9,0.6806288957595825,0.6116921901702881,0.7246202230453491,0.5,0.6666666865348816,2
49,108d190189f7aada339a8c16,b49e6eaeaf6cb569db914366,0.5226097106933594,0.48631876707077026,0.505888819694519,0.3333333432674408,0.3333333432674408,3
49,108d190189f7aada339a8c16,c5e049f8eb6e31d4481bb8c9,0.7088049650192261,0.4924520254135132,0.5470878481864929,0.6666666865348816,0.7777778506278992,3
49,b49e6eaeaf6cb569db914366,c5e049f8eb6e31d4481bb8c9,0.5358901023864746,0.7328420877456665,0.8056752681732178,0.6666666865348816,0.8888888955116272,3
53,37d9dc4375ed474e41c8d75a,5791afeb79e2f82150125d36,0.13043200969696045,0.3410346210002899,0.7454099655151367,1.0,1.0,1
55,98f7dd1c4ad3912188cec7f6,b1e38dd066553e9d3989f8be,0.39556148648262024,0.6522178649902344,0.6822273135185242,1.0,1.0,1
73,48a6b669e1f01f612365c8a5,f4c9b37cd6662a299070b050,0.6077060699462891,0.4998927116394043,0.8025186657905579,1.0,1.0,1
76,3dbab8423970f09b78d534ff,7a7c064ec12efc29a5265e31,0.7295551300048828,0.6356528997421265,0.6357182860374451,1.0,1.0,1
