method,pair_id,family_internal,left_id,right_id,foreground,box,siglip,min_rank,mean_rank,eligible_pairs
first_encounter,e1119fcd8ab7,0,07bab0e08a639900f6bde785,dffbb874e240b6ac9aebea9f,0.691452145576477,0.7768374681472778,0.8004227876663208,0.7142857313156128,0.9047619700431824,7
foreground_nearest,e1119fcd8ab7,0,07bab0e08a639900f6bde785,dffbb874e240b6ac9aebea9f,0.691452145576477,0.7768374681472778,0.8004227876663208,0.7142857313156128,0.9047619700431824,7
view_consensus,e1119fcd8ab7,0,07bab0e08a639900f6bde785,dffbb874e240b6ac9aebea9f,0.691452145576477,0.7768374681472778,0.8004227876663208,0.7142857313156128,0.9047619700431824,7
first_encounter,b39b8f2be00b,5,23b2418c0a0d7a6265631af6,f71dd80a6d071486a17e2fe7,0.8312925100326538,0.5605182647705078,0.6669408082962036,0.625,0.6805555820465088,24
foreground_nearest,06eeb29a193d,5,58947cbe997aa2a69996c611,f71dd80a6d071486a17e2fe7,0.8653817772865295,0.8764593005180359,0.7627311944961548,1.0,1.0,24
view_consensus,06eeb29a193d,5,58947cbe997aa2a69996c611,f71dd80a6d071486a17e2fe7,0.8653817772865295,0.8764593005180359,0.7627311944961548,1.0,1.0,24
first_encounter,ebeda1649e95,8,2512f00bd660f5d00eb5b458,a58e28e01ea505236c377ca9,0.37538301944732666,0.38012540340423584,0.7584621906280518,0.6666666865348816,0.8888888955116272,3
foreground_nearest,2bde702bcb61,8,2512f00bd660f5d00eb5b458,efb2c24c182f82ca5f043331,0.4714345335960388,0.351077675819397,0.7424012422561646,0.6666666865348816,0.7777778506278992,3
view_consensus,ebeda1649e95,8,2512f00bd660f5d00eb5b458,a58e28e01ea505236c377ca9,0.37538301944732666,0.38012540340423584,0.7584621906280518,0.6666666865348816,0.8888888955116272,3
first_encounter,ed118de500be,9,04c7acab1203cfb0f5ec2cc9,92d118f6f6ad7b6a1e746093,0.6301085352897644,0.624406099319458,0.7259858846664429,0.25,0.5,4
foreground_nearest,c46f6f9767a2,9,0b71fa2f7bab31096936c925,1dd877f65f21b0f70a243936,0.7257730960845947,0.6288303136825562,0.6767702102661133,0.5,0.75,4
view_consensus,c46f6f9767a2,9,0b71fa2f7bab31096936c925,1dd877f65f21b0f70a243936,0.7257730960845947,0.6288303136825562,0.6767702102661133,0.5,0.75,4
first_encounter,496cbe5e5e65,10,1832af1b204371fc4921d0fd,1f270056945139dccbf2c140,0.32391026616096497,0.32502835988998413,0.8113710880279541,1.0,1.0,1
foreground_nearest,496cbe5e5e65,10,1832af1b204371fc4921d0fd,1f270056945139dccbf2c140,0.32391026616096497,0.32502835988998413,0.8113710880279541,1.0,1.0,1
view_consensus,496cbe5e5e65,10,1832af1b204371fc4921d0fd,1f270056945139dccbf2c140,0.32391026616096497,0.32502835988998413,0.8113710880279541,1.0,1.0,1
first_encounter,1aa3d401fd89,11,0a1245e2bfd0d2f4a43ec0a1,1131aa616764b0cab2a1dd71,0.685848593711853,0.5768448114395142,0.876251220703125,0.6666666865348816,0.8333333134651184,6
foreground_nearest,3648f7ddb0c6,11,2141021f50dd8d8be808b21d,6dcd53dd80265100e3a15fb6,0.7017070055007935,0.7473374009132385,0.6837781667709351,0.3333333432674408,0.7222221493721008,6
view_consensus,1aa3d401fd89,11,0a1245e2bfd0d2f4a43ec0a1,1131aa616764b0cab2a1dd71,0.685848593711853,0.5768448114395142,0.876251220703125,0.6666666865348816,0.8333333134651184,6
first_encounter,3c6352de5ee5,17,6e72a25d694e14804a8f0b57,f9b573af995ae0be4d5f39db,0.4277433156967163,0.5501581430435181,0.7723195552825928,1.0,1.0,1
foreground_nearest,3c6352de5ee5,17,6e72a25d694e14804a8f0b57,f9b573af995ae0be4d5f39db,0.4277433156967163,0.5501581430435181,0.7723195552825928,1.0,1.0,1
view_consensus,3c6352de5ee5,17,6e72a25d694e14804a8f0b57,f9b573af995ae0be4d5f39db,0.4277433156967163,0.5501581430435181,0.7723195552825928,1.0,1.0,1
first_encounter,90c1c7559cdc,18,8c9f57113b4bf2c3497f7a1e,9a144baa8d60709dec3fbacd,0.5355339050292969,0.553080141544342,0.8666765689849854,1.0,1.0,2
foreground_nearest,90c1c7559cdc,18,8c9f57113b4bf2c3497f7a1e,9a144baa8d60709dec3fbacd,0.5355339050292969,0.553080141544342,0.8666765689849854,1.0,1.0,2
view_consensus,90c1c7559cdc,18,8c9f57113b4bf2c3497f7a1e,9a144baa8d60709dec3fbacd,0.5355339050292969,0.553080141544342,0.8666765689849854,1.0,1.0,2
first_encounter,1a2d6c027ef7,19,0fdec7271d65d05edcff8936,65e95b78f0ec0776f2e53eb9,0.3138974905014038,0.4119148254394531,0.7607823610305786,0.3333333432674408,0.7777778506278992,3
foreground_nearest,70d2c3027e64,19,65e95b78f0ec0776f2e53eb9,a05c2d444777a063956c320c,0.36471015214920044,0.2984551191329956,0.6974018216133118,0.3333333432674408,0.6666666865348816,3
view_consensus,1a2d6c027ef7,19,0fdec7271d65d05edcff8936,65e95b78f0ec0776f2e53eb9,0.3138974905014038,0.4119148254394531,0.7607823610305786,0.3333333432674408,0.7777778506278992,3
first_encounter,b9eae1de5017,21,160cbe4821e2ad135bb87464,fccb3665b13b2a6dc81301bc,0.20199990272521973,0.4036411643028259,0.7008956670761108,1.0,1.0,1
foreground_nearest,b9eae1de5017,21,160cbe4821e2ad135bb87464,fccb3665b13b2a6dc81301bc,0.20199990272521973,0.4036411643028259,0.7008956670761108,1.0,1.0,1
view_consensus,b9eae1de5017,21,160cbe4821e2ad135bb87464,fccb3665b13b2a6dc81301bc,0.20199990272521973,0.4036411643028259,0.7008956670761108,1.0,1.0,1
first_encounter,50fe569734c2,22,614972ed91de66ff1ad251d1,62f7cc3f22e249ac55ca9ff6,0.14134374260902405,0.2713680565357208,0.5462924838066101,0.5,0.5,2
foreground_nearest,667f4301c130,22,62f7cc3f22e249ac55ca9ff6,ea4eedbd7b2cf24193d859fb,0.25765007734298706,0.4551226496696472,0.6204519271850586,1.0,1.0,2
view_consensus,667f4301c130,22,62f7cc3f22e249ac55ca9ff6,ea4eedbd7b2cf24193d859fb,0.25765007734298706,0.4551226496696472,0.6204519271850586,1.0,1.0,2
first_encounter,29d75d7235cb,23,42154c6027e2cb66a1067bb0,ffda0f90060e996e7862878a,0.5958341956138611,0.548816978931427,0.6046682596206665,1.0,1.0,1
foreground_nearest,29d75d7235cb,23,42154c6027e2cb66a1067bb0,ffda0f90060e996e7862878a,0.5958341956138611,0.548816978931427,0.6046682596206665,1.0,1.0,1
view_consensus,29d75d7235cb,23,42154c6027e2cb66a1067bb0,ffda0f90060e996e7862878a,0.5958341956138611,0.548816978931427,0.6046682596206665,1.0,1.0,1
first_encounter,e6ce689898a5,26,b7f8f0a25c9da21bd3ba7653,ca69172b413b9bb2999f0377,0.21865616738796234,0.2298998385667801,0.7705338001251221,0.5,0.8333333134651184,2
foreground_nearest,e6ce689898a5,26,b7f8f0a25c9da21bd3ba7653,ca69172b413b9bb2999f0377,0.21865616738796234,0.2298998385667801,0.7705338001251221,0.5,0.8333333134651184,2
view_consensus,e6ce689898a5,26,b7f8f0a25c9da21bd3ba7653,ca69172b413b9bb2999f0377,0.21865616738796234,0.2298998385667801,0.7705338001251221,0.5,0.8333333134651184,2
first_encounter,7bcf538878f0,32,77188238c26dce8db9978306,d7cf0aaa2799b71e7a4cfdcb,0.41043591499328613,0.4463486075401306,0.6112339496612549,1.0,1.0,1
foreground_nearest,7bcf538878f0,32,77188238c26dce8db9978306,d7cf0aaa2799b71e7a4cfdcb,0.41043591499328613,0.4463486075401306,0.6112339496612549,1.0,1.0,1
view_consensus,7bcf538878f0,32,77188238c26dce8db9978306,d7cf0aaa2799b71e7a4cfdcb,0.41043591499328613,0.4463486075401306,0.6112339496612549,1.0,1.0,1
first_encounter,b7279242380c,33,74d807fef381cdbb42e69654,e25eaacd66d2c6781ba54728,0.449955016374588,0.5392153263092041,0.7331855297088623,1.0,1.0,1
foreground_nearest,b7279242380c,33,74d807fef381cdbb42e69654,e25eaacd66d2c6781ba54728,0.449955016374588,0.5392153263092041,0.7331855297088623,1.0,1.0,1
view_consensus,b7279242380c,33,74d807fef381cdbb42e69654,e25eaacd66d2c6781ba54728,0.449955016374588,0.5392153263092041,0.7331855297088623,1.0,1.0,1
first_encounter,6ba1d98131c1,34,088dc1dcda358a90159624ee,7bec11c2b321f85f1d2e2fca,0.4324023723602295,0.4525133967399597,0.7238898277282715,0.6666666865348816,0.8888888955116272,3
foreground_nearest,eae5bb8a14d0,34,088dc1dcda358a90159624ee,0ceb2dfc46cc4b56343a8180,0.501542329788208,0.4156115651130676,0.713506817817688,0.3333333432674408,0.6666666865348816,3
view_consensus,6ba1d98131c1,34,088dc1dcda358a90159624ee,7bec11c2b321f85f1d2e2fca,0.4324023723602295,0.4525133967399597,0.7238898277282715,0.6666666865348816,0.8888888955116272,3
first_encounter,beb9223cc922,38,2b0c978af1f2e69bbfe5104f,524dd4f3daf2685afb501c1b,0.43806231021881104,0.31266286969184875,0.7388088703155518,0.6666666865348816,0.7777778506278992,6
foreground_nearest,4eacfd5e9e18,38,524dd4f3daf2685afb501c1b,e0752734fdcae5407a961cc6,0.4822145104408264,0.3573167324066162,0.5824369192123413,0.5,0.8333333134651184,6
view_consensus,81feef0159c4,38,524dd4f3daf2685afb501c1b,589bb405461b13982f3329bf,0.45336398482322693,0.3353828191757202,0.6088079214096069,0.8333333134651184,0.8333333134651184,6
first_encounter,b5ca5266c8fd,39,021b3a6a9e5dd68272109df7,55550729c17e2469b0f0d6e1,0.5635483264923096,0.6345674991607666,0.763859748840332,1.0,1.0,3
foreground_nearest,b5ca5266c8fd,39,021b3a6a9e5dd68272109df7,55550729c17e2469b0f0d6e1,0.5635483264923096,0.6345674991607666,0.763859748840332,1.0,1.0,3
view_consensus,b5ca5266c8fd,39,021b3a6a9e5dd68272109df7,55550729c17e2469b0f0d6e1,0.5635483264923096,0.6345674991607666,0.763859748840332,1.0,1.0,3
first_encounter,a97ec212eec7,44,3c00af227208f7a3e167b7ba,43585a9de8f614f6099f4aac,0.453330934047699,0.6039332151412964,0.711473286151886,1.0,1.0,1
foreground_nearest,a97ec212eec7,44,3c00af227208f7a3e167b7ba,43585a9de8f614f6099f4aac,0.453330934047699,0.6039332151412964,0.711473286151886,1.0,1.0,1
view_consensus,a97ec212eec7,44,3c00af227208f7a3e167b7ba,43585a9de8f614f6099f4aac,0.453330934047699,0.6039332151412964,0.711473286151886,1.0,1.0,1
first_encounter,9b2641728a3d,48,467b66fa4b592a426ffd6fd4,b418bbe015fd47956acadda4,0.6509369611740112,0.6224708557128906,0.7835754156112671,0.5,0.8333333134651184,2
foreground_nearest,36a3e1de1c5e,48,467b66fa4b592a426ffd6fd4,d23bef49263c329c3a0168d9,0.6806288957595825,0.6116921901702881,0.7246202230453491,0.5,0.6666666865348816,2
view_consensus,9b2641728a3d,48,467b66fa4b592a426ffd6fd4,b418bbe015fd47956acadda4,0.6509369611740112,0.6224708557128906,0.7835754156112671,0.5,0.8333333134651184,2
first_encounter,7de6da111ca0,49,108d190189f7aada339a8c16,b49e6eaeaf6cb569db914366,0.5226097106933594,0.48631876707077026,0.505888819694519,0.3333333432674408,0.3333333432674408,3
foreground_nearest,7539faa53753,49,108d190189f7aada339a8c16,c5e049f8eb6e31d4481bb8c9,0.7088049650192261,0.4924520254135132,0.5470878481864929,0.6666666865348816,0.7777778506278992,3
view_consensus,0eeb56083ae1,49,b49e6eaeaf6cb569db914366,c5e049f8eb6e31d4481bb8c9,0.5358901023864746,0.7328420877456665,0.8056752681732178,0.6666666865348816,0.8888888955116272,3
first_encounter,865935c65935,53,37d9dc4375ed474e41c8d75a,5791afeb79e2f82150125d36,0.13043200969696045,0.3410346210002899,0.7454099655151367,1.0,1.0,1
foreground_nearest,865935c65935,53,37d9dc4375ed474e41c8d75a,5791afeb79e2f82150125d36,0.13043200969696045,0.3410346210002899,0.7454099655151367,1.0,1.0,1
view_consensus,865935c65935,53,37d9dc4375ed474e41c8d75a,5791afeb79e2f82150125d36,0.13043200969696045,0.3410346210002899,0.7454099655151367,1.0,1.0,1
first_encounter,f6cc802cc5f1,55,98f7dd1c4ad3912188cec7f6,b1e38dd066553e9d3989f8be,0.39556148648262024,0.6522178649902344,0.6822273135185242,1.0,1.0,1
foreground_nearest,f6cc802cc5f1,55,98f7dd1c4ad3912188cec7f6,b1e38dd066553e9d3989f8be,0.39556148648262024,0.6522178649902344,0.6822273135185242,1.0,1.0,1
view_consensus,f6cc802cc5f1,55,98f7dd1c4ad3912188cec7f6,b1e38dd066553e9d3989f8be,0.39556148648262024,0.6522178649902344,0.6822273135185242,1.0,1.0,1
first_encounter,e3c00f5b9582,73,48a6b669e1f01f612365c8a5,f4c9b37cd6662a299070b050,0.6077060699462891,0.4998927116394043,0.8025186657905579,1.0,1.0,1
foreground_nearest,e3c00f5b9582,73,48a6b669e1f01f612365c8a5,f4c9b37cd6662a299070b050,0.6077060699462891,0.4998927116394043,0.8025186657905579,1.0,1.0,1
view_consensus,e3c00f5b9582,73,48a6b669e1f01f612365c8a5,f4c9b37cd6662a299070b050,0.6077060699462891,0.4998927116394043,0.8025186657905579,1.0,1.0,1
first_encounter,cc6c5c21328a,76,3dbab8423970f09b78d534ff,7a7c064ec12efc29a5265e31,0.7295551300048828,0.6356528997421265,0.6357182860374451,1.0,1.0,1
foreground_nearest,cc6c5c21328a,76,3dbab8423970f09b78d534ff,7a7c064ec12efc29a5265e31,0.7295551300048828,0.6356528997421265,0.6357182860374451,1.0,1.0,1
view_consensus,cc6c5c21328a,76,3dbab8423970f09b78d534ff,7a7c064ec12efc29a5265e31,0.7295551300048828,0.6356528997421265,0.6357182860374451,1.0,1.0,1
