descriptive_family_key,descriptive_name_id,scientific_role,source_internal_families,core_unique_parents,global_communities_supported,largest_global_community_share,normalized_global_community_entropy,global_community_counts,consensus_strength_median
active_display_surface,permukaan layar aktif,cross_category_visible_part,[21],8,2,0.875,0.5435644431995964,"{""1"":1,""3"":7}",0.6134020618556701
audio_front_panel,panel depan perangkat audio,within_product_configuration_part,[7],44,1,1.0,0.0,"{""6"":44}",0.745
battery_pack_surface,permukaan kemasan baterai,cross_category_visible_part,[10],14,1,1.0,0.0,"{""12"":14}",0.5686274509803921
circuit_board_surface,permukaan papan sirkuit terpopulasi,cross_category_visible_part,"[0,13]",80,2,0.5375,0.9959386076315955,"{""0"":43,""8"":37}",0.6282770957991488
crt_display_front,muka layar tabung,within_product_configuration_part,[16],23,2,0.8260869565217391,0.6665783579949205,"{""0"":4,""3"":19}",0.6190476190476191
dark_display_surface,permukaan layar gelap,cross_category_visible_part,"[1,11]",50,3,0.68,0.6386991986127977,"{""1"":34,""3"":1,""10"":15}",0.6289808917197452
desktop_internal_chassis,sasis internal komputer meja,within_product_configuration_part,[22],22,1,1.0,0.0,"{""0"":22}",0.703125
display_bezel_or_stand,bingkai atau penyangga layar,cross_category_visible_part,[49],3,1,1.0,0.0,"{""10"":3}",0.6428571428571429
handheld_back_casing,casing belakang perangkat genggam,within_product_configuration_part,[26],17,1,1.0,0.0,"{""1"":17}",0.7241379310344828
integrated_circuit_package,kemasan sirkuit terpadu pada papan,cross_category_visible_part,[41],7,2,0.5714285714285714,0.9852281360342515,"{""0"":3,""8"":4}",0.72
key_matrix,matriks tombol,cross_category_visible_part,"[5,9,48]",66,2,0.5454545454545454,0.9940302114769566,"{""9"":36,""10"":30}",0.6732036914963744
laptop_display_assembly,rakitan layar laptop,within_product_configuration_part,[39],4,1,1.0,0.0,"{""11"":4}",0.5849056603773585
laptop_edge_ports,tepi dan port laptop,within_product_configuration_part,[36],10,1,1.0,0.0,"{""0"":10}",0.6893939393939394
laptop_input_deck,dek masukan laptop,within_product_configuration_part,"[23,27]",28,2,0.8571428571428571,0.5916727785823274,"{""0"":4,""11"":24}",0.7267441860465116
laptop_outer_lid,penutup luar laptop,within_product_configuration_part,[33],14,1,1.0,0.0,"{""11"":14}",0.743421052631579
microwave_control_panel,panel kontrol microwave,within_product_configuration_part,[20],7,1,1.0,0.0,"{""7"":7}",0.64
microwave_door_or_cavity,pintu atau rongga microwave,within_product_configuration_part,[24],21,1,1.0,0.0,"{""7"":21}",0.6222222222222222
mouse_control_shell,cangkang dan kontrol mouse,within_product_configuration_part,[6],51,2,0.9803921568627451,0.1392329990550989,"{""2"":50,""10"":1}",0.6908212560386473
printer_control_or_output_zone,zona kontrol atau keluaran pencetak,within_product_configuration_part,[3],32,1,1.0,0.0,"{""5"":32}",0.6245421245421245
printer_media_path,jalur media pencetak,within_product_configuration_part,[43],11,1,1.0,0.0,"{""5"":11}",0.6585365853658537
turntable_record_area,area piringan pemutar rekaman,within_product_configuration_part,"[44,46]",18,2,0.9444444444444444,0.3095434291503252,"{""0"":1,""6"":17}",0.6153846153846154
visible_display_damage,kerusakan tampak pada layar,cross_category_visible_condition,"[34,52]",13,3,0.38461538461538464,0.9770455804590026,"{""0"":5,""1"":5,""3"":3}",0.6086956521739131
washing_machine_access_door,pintu akses mesin cuci,within_product_configuration_part,"[30,45]",27,2,0.9629629629629629,0.22853814395352803,"{""0"":1,""4"":26}",0.7407407407407407
washing_machine_control_top,panel atas mesin cuci,within_product_configuration_part,[40],13,1,1.0,0.0,"{""4"":13}",0.6470588235294118
