family_internal,descriptive_family_key,descriptive_name_id,scientific_role,decision,include_in_configuration,rejection_reason,review_note,regions,unique_parents,median_within_family_dino_similarity,reviewer,review_date,evidence_status,r3_decision,r3_rejection_reason,r3_review_note
0,circuit_board_surface,permukaan papan sirkuit terpopulasi,cross_category_visible_part,retained,1,,"Jalur, pad, dan komponen papan konsisten lintas foto.",377,214,0.832275390625,Codex agent visual review,2026-09-28,agent_evaluated_offline_from_original_photo_context_and_crop,retained,,"Jalur, pad, dan komponen papan konsisten lintas foto."
1,dark_display_surface,permukaan layar gelap,cross_category_visible_part,retained,1,,Permukaan layar gelap pada perangkat genggam; isi tersembunyi tetap tidak diketahui.,314,203,0.8564453125,Codex agent visual review,2026-09-28,agent_evaluated_offline_from_original_photo_context_and_crop,retained,,Permukaan layar gelap pada perangkat genggam; isi tersembunyi tetap tidak diketahui.
2,,,not_retained,rejected_visual_review,0,scene_fragment,"Potongan tumpukan e-waste dan perangkat campuran, bukan bagian yang koheren.",281,157,0.781494140625,Codex agent visual review,2026-09-28,agent_evaluated_offline_from_original_photo_context_and_crop,rejected_visual_review,scene_fragment,"Potongan tumpukan e-waste dan perangkat campuran, bukan bagian yang koheren."
3,printer_control_or_output_zone,zona kontrol atau keluaran pencetak,within_product_configuration_part,retained,1,,"Panel depan, kontrol, atau keluaran pada pencetak.",273,159,0.79052734375,Codex agent visual review,2026-09-28,agent_evaluated_offline_from_original_photo_context_and_crop,retained,,"Panel depan, kontrol, atau keluaran pada pencetak."
4,,,not_retained,rejected_visual_review,0,incoherent_local_texture,"Crop kain, perangkat, dan permukaan adegan bercampur.",234,165,0.640869140625,Codex agent visual review,2026-09-28,agent_evaluated_offline_from_original_photo_context_and_crop,rejected_visual_review,incoherent_local_texture,"Crop kain, perangkat, dan permukaan adegan bercampur."
5,key_matrix,matriks tombol,cross_category_visible_part,retained,1,,Kisi tombol konsisten; beberapa keluarga crop digabung sebelum hitung konfigurasi.,234,122,0.922119140625,Codex agent visual review,2026-09-28,agent_evaluated_offline_from_original_photo_context_and_crop,retained,,Kisi tombol konsisten; beberapa keluarga crop digabung sebelum hitung konfigurasi.
6,mouse_control_shell,cangkang dan kontrol mouse,within_product_configuration_part,retained,1,,"Cangkang, tombol, atau roda mouse terlihat konsisten.",207,142,0.88818359375,Codex agent visual review,2026-09-28,agent_evaluated_offline_from_original_photo_context_and_crop,retained,,"Cangkang, tombol, atau roda mouse terlihat konsisten."
7,audio_front_panel,panel depan perangkat audio,within_product_configuration_part,retained,1,,Speaker dan kontrol depan pada perangkat audio portabel.,200,140,0.707275390625,Codex agent visual review,2026-09-28,agent_evaluated_offline_from_original_photo_context_and_crop,retained,,Speaker dan kontrol depan pada perangkat audio portabel.
8,,,not_retained,rejected_visual_review,0,generic_surface,Permukaan gelap/abu dan tepi perangkat bercampur tanpa struktur khusus.,172,122,0.735595703125,Codex agent visual review,2026-09-28,agent_evaluated_offline_from_original_photo_context_and_crop,rejected_visual_review,generic_surface,Permukaan gelap/abu dan tepi perangkat bercampur tanpa struktur khusus.
9,key_matrix,matriks tombol,cross_category_visible_part,retained,1,,Fragmen kisi tombol konsisten pada keyboard berbeda.,164,91,0.854736328125,Codex agent visual review,2026-09-28,agent_evaluated_offline_from_original_photo_context_and_crop,retained,,Fragmen kisi tombol konsisten pada keyboard berbeda.
10,battery_pack_surface,permukaan kemasan baterai,cross_category_visible_part,retained,1,,"Casing, label, atau terminal baterai yang benar-benar terlihat.",153,85,0.78125,Codex agent visual review,2026-09-28,agent_evaluated_offline_from_original_photo_context_and_crop,retained,,"Casing, label, atau terminal baterai yang benar-benar terlihat."
11,dark_display_surface,permukaan layar gelap,cross_category_visible_part,retained,1,,Panel gelap pada monitor dan televisi; digabung sebagai bukti permukaan layar.,144,84,0.8651123046875,Codex agent visual review,2026-09-28,agent_evaluated_offline_from_original_photo_context_and_crop,retained,,Panel gelap pada monitor dan televisi; digabung sebagai bukti permukaan layar.
12,,,not_retained,rejected_visual_review,0,background_or_frame,"Area putih, lantai, dan bingkai kecil mendominasi.",141,116,0.5625,Codex agent visual review,2026-09-28,agent_evaluated_offline_from_original_photo_context_and_crop,rejected_visual_review,background_or_frame,"Area putih, lantai, dan bingkai kecil mendominasi."
13,circuit_board_surface,permukaan papan sirkuit terpopulasi,cross_category_visible_part,retained,1,,Varian papan dalam rakitan dan tumpukan; digabung dengan keluarga papan lain.,129,104,0.81298828125,Codex agent visual review,2026-09-28,agent_evaluated_offline_from_original_photo_context_and_crop,retained,,Varian papan dalam rakitan dan tumpukan; digabung dengan keluarga papan lain.
14,,,not_retained,rejected_visual_review,0,scene_fragment,"Potongan kamera, pencetak, tumpukan, dan meja bercampur.",126,80,0.66845703125,Codex agent visual review,2026-09-28,agent_evaluated_offline_from_original_photo_context_and_crop,rejected_visual_review,scene_fragment,"Potongan kamera, pencetak, tumpukan, dan meja bercampur."
15,,,not_retained,rejected_visual_review,0,incoherent_local_texture,"Tepi speaker, layar, dan furnitur bercampur.",126,105,0.7186279296875,Codex agent visual review,2026-09-28,agent_evaluated_offline_from_original_photo_context_and_crop,rejected_visual_review,incoherent_local_texture,"Tepi speaker, layar, dan furnitur bercampur."
16,crt_display_front,muka layar tabung,within_product_configuration_part,retained,1,,Permukaan layar dan kontrol muka perangkat CRT.,126,91,0.7891845703125,Codex agent visual review,2026-09-28,agent_evaluated_offline_from_original_photo_context_and_crop,retained,,Permukaan layar dan kontrol muka perangkat CRT.
17,,,not_retained,rejected_visual_review,0,incoherent_local_texture,"Kabel, sisi mouse, dan tepi layar tidak membentuk satu struktur.",117,107,0.6533203125,Codex agent visual review,2026-09-28,agent_evaluated_offline_from_original_photo_context_and_crop,rejected_visual_review,incoherent_local_texture,"Kabel, sisi mouse, dan tepi layar tidak membentuk satu struktur."
18,,,not_retained,rejected_visual_review,0,generic_device_edge,Tepi bawah/samping beberapa pencetak dan perangkat tidak cukup spesifik.,113,96,0.642578125,Codex agent visual review,2026-09-28,agent_evaluated_offline_from_original_photo_context_and_crop,rejected_visual_review,generic_device_edge,Tepi bawah/samping beberapa pencetak dan perangkat tidak cukup spesifik.
19,,,not_retained,rejected_visual_review,0,generic_appliance_surface,Permukaan samping terang beberapa peralatan bercampur.,112,77,0.8128662109375,Codex agent visual review,2026-09-28,agent_evaluated_offline_from_original_photo_context_and_crop,rejected_visual_review,generic_appliance_surface,Permukaan samping terang beberapa peralatan bercampur.
20,microwave_control_panel,panel kontrol microwave,within_product_configuration_part,retained,1,,Panel tombol/kenop microwave konsisten.,100,71,0.9052734375,Codex agent visual review,2026-09-28,agent_evaluated_offline_from_original_photo_context_and_crop,retained,,Panel tombol/kenop microwave konsisten.
21,active_display_surface,permukaan layar aktif,cross_category_visible_part,retained,1,,Area tampilan aktif pada beberapa bentuk perangkat.,97,63,0.617431640625,Codex agent visual review,2026-09-28,agent_evaluated_offline_from_original_photo_context_and_crop,retained,,Area tampilan aktif pada beberapa bentuk perangkat.
22,desktop_internal_chassis,sasis internal komputer meja,within_product_configuration_part,retained,1,,Sasis dan rakitan internal komputer meja terlihat.,96,64,0.759033203125,Codex agent visual review,2026-09-28,agent_evaluated_offline_from_original_photo_context_and_crop,retained,,Sasis dan rakitan internal komputer meja terlihat.
23,laptop_input_deck,dek masukan laptop,within_product_configuration_part,retained,1,,Keyboard/touchpad laptop; digabung agar tidak menjadi dua bagian palsu.,94,66,0.8544921875,Codex agent visual review,2026-09-28,agent_evaluated_offline_from_original_photo_context_and_crop,retained,,Keyboard/touchpad laptop; digabung agar tidak menjadi dua bagian palsu.
24,microwave_door_or_cavity,pintu atau rongga microwave,within_product_configuration_part,retained,1,,Area pintu/rongga microwave konsisten.,90,75,0.8514404296875,Codex agent visual review,2026-09-28,agent_evaluated_offline_from_original_photo_context_and_crop,retained,,Area pintu/rongga microwave konsisten.
25,,,not_retained,rejected_visual_review,0,scene_or_packaging,"Kemasan, tumpukan, dan permukaan adegan mendominasi.",89,74,0.5859375,Codex agent visual review,2026-09-28,agent_evaluated_offline_from_original_photo_context_and_crop,rejected_visual_review,scene_or_packaging,"Kemasan, tumpukan, dan permukaan adegan mendominasi."
26,handheld_back_casing,casing belakang perangkat genggam,within_product_configuration_part,retained,1,,Permukaan casing belakang ponsel; bukan bukti isi.,87,57,0.732177734375,Codex agent visual review,2026-09-28,agent_evaluated_offline_from_original_photo_context_and_crop,retained,,Permukaan casing belakang ponsel; bukan bukti isi.
27,laptop_input_deck,dek masukan laptop,within_product_configuration_part,retained,1,,Keyboard dan dek masukan laptop.,86,69,0.921630859375,Codex agent visual review,2026-09-28,agent_evaluated_offline_from_original_photo_context_and_crop,retained,,Keyboard dan dek masukan laptop.
28,,,not_retained,rejected_visual_review,0,generic_label_or_top_patch,"Crop persegi panjang menyatukan label/permukaan atas baterai, audio, pencetak, dan layar; tidak sah sebagai keluarga baterai.",85,54,0.73779296875,Codex agent visual review,2026-09-28,agent_evaluated_offline_from_original_photo_context_and_crop,rejected_visual_review,generic_label_or_top_patch,"Crop persegi panjang menyatukan label/permukaan atas baterai, audio, pencetak, dan layar; tidak sah sebagai keluarga baterai."
29,,,not_retained,rejected_visual_review,0,mixed_accessories,"Remote, kabel, mouse, dan aksesori lain bercampur.",84,67,0.6361083984375,Codex agent visual review,2026-09-28,agent_evaluated_offline_from_original_photo_context_and_crop,rejected_visual_review,mixed_accessories,"Remote, kabel, mouse, dan aksesori lain bercampur."
30,washing_machine_access_door,pintu akses mesin cuci,within_product_configuration_part,retained,1,,Pintu bundar mesin cuci terlihat konsisten.,81,64,0.8857421875,Codex agent visual review,2026-09-28,agent_evaluated_offline_from_original_photo_context_and_crop,retained,,Pintu bundar mesin cuci terlihat konsisten.
31,,,not_retained,rejected_visual_review,0,incoherent_internal_fragment,"Fragmen pembongkaran laptop, slot, dan tumpukan tidak koheren.",79,62,0.69921875,Codex agent visual review,2026-09-28,agent_evaluated_offline_from_original_photo_context_and_crop,rejected_visual_review,incoherent_internal_fragment,"Fragmen pembongkaran laptop, slot, dan tumpukan tidak koheren."
32,visible_display_damage,kerusakan tampak pada layar,cross_category_visible_condition,retained,0,,"Garis, pecah, atau gangguan tampilan terlihat pada layar.",79,56,0.656494140625,Codex agent visual review,2026-09-28,agent_evaluated_offline_from_original_photo_context_and_crop,rejected_configuration_pair_review,screen_content_shortcut,"Garis antarmuka, foto, dan area tampilan aktif bercampur; audit pasangan menunjukkan contoh tanpa kerusakan fisik yang terlihat."
33,laptop_outer_lid,penutup luar laptop,within_product_configuration_part,retained,1,,Permukaan luar dan logo penutup laptop.,76,44,0.835693359375,Codex agent visual review,2026-09-28,agent_evaluated_offline_from_original_photo_context_and_crop,retained,,Permukaan luar dan logo penutup laptop.
34,visible_display_damage,kerusakan tampak pada layar,cross_category_visible_condition,retained,1,,Retak layar pada perangkat berbeda; digabung dengan keluarga kerusakan layar.,75,52,0.76318359375,Codex agent visual review,2026-09-28,agent_evaluated_offline_from_original_photo_context_and_crop,retained,,Retak layar pada perangkat berbeda; digabung dengan keluarga kerusakan layar.
35,,,not_retained,rejected_visual_review,0,scene_or_hand,"Tangan, toko, dan konteks ponsel mendominasi.",70,61,0.5130615234375,Codex agent visual review,2026-09-28,agent_evaluated_offline_from_original_photo_context_and_crop,rejected_visual_review,scene_or_hand,"Tangan, toko, dan konteks ponsel mendominasi."
36,laptop_edge_ports,tepi dan port laptop,within_product_configuration_part,retained,1,,Tepi perangkat dan deret port pada laptop.,66,42,0.7384033203125,Codex agent visual review,2026-09-28,agent_evaluated_offline_from_original_photo_context_and_crop,retained,,Tepi perangkat dan deret port pada laptop.
37,printer_media_path,jalur media pencetak,within_product_configuration_part,retained,0,,Keluaran atau baki media terlihat pada pencetak.,55,46,0.6884765625,Codex agent visual review,2026-09-28,agent_evaluated_offline_from_original_photo_context_and_crop,rejected_configuration_pair_review,pictorial_content_shortcut,"Crop gambar pada kertas atau layar menyatukan printer, televisi, ponsel, dan pemutar; bukan jalur media pencetak yang konsisten."
38,,,not_retained,rejected_visual_review,0,incoherent_small_mark,"Label, ujung baterai, jam, dan panel listrik bercampur.",53,32,0.65185546875,Codex agent visual review,2026-09-28,agent_evaluated_offline_from_original_photo_context_and_crop,rejected_visual_review,incoherent_small_mark,"Label, ujung baterai, jam, dan panel listrik bercampur."
39,laptop_display_assembly,rakitan layar laptop,within_product_configuration_part,retained,1,,Panel dan bingkai layar laptop.,53,43,0.82666015625,Codex agent visual review,2026-09-28,agent_evaluated_offline_from_original_photo_context_and_crop,retained,,Panel dan bingkai layar laptop.
40,washing_machine_control_top,panel atas mesin cuci,within_product_configuration_part,retained,1,,Panel atau bagian atas mesin cuci.,51,35,0.8291015625,Codex agent visual review,2026-09-28,agent_evaluated_offline_from_original_photo_context_and_crop,retained,,Panel atau bagian atas mesin cuci.
41,integrated_circuit_package,kemasan sirkuit terpadu pada papan,cross_category_visible_part,retained,1,,Kemasan IC persegi terlihat berulang pada papan berbeda.,50,28,0.7757568359375,Codex agent visual review,2026-09-28,agent_evaluated_offline_from_original_photo_context_and_crop,retained,,Kemasan IC persegi terlihat berulang pada papan berbeda.
42,,,not_retained,rejected_visual_review,0,generic_appliance_surface,Panel samping terang dari beberapa jenis peralatan bercampur.,46,44,0.7884521484375,Codex agent visual review,2026-09-28,agent_evaluated_offline_from_original_photo_context_and_crop,rejected_visual_review,generic_appliance_surface,Panel samping terang dari beberapa jenis peralatan bercampur.
43,printer_media_path,jalur media pencetak,within_product_configuration_part,retained,1,,Tutup atau jalur kertas; digabung dengan jalur media pencetak.,41,35,0.80517578125,Codex agent visual review,2026-09-28,agent_evaluated_offline_from_original_photo_context_and_crop,retained,,Tutup atau jalur kertas; digabung dengan jalur media pencetak.
44,turntable_record_area,area piringan pemutar rekaman,within_product_configuration_part,retained,1,,Tutup/piringan perangkat pemutar rekaman.,39,36,0.638671875,Codex agent visual review,2026-09-28,agent_evaluated_offline_from_original_photo_context_and_crop,retained,,Tutup/piringan perangkat pemutar rekaman.
45,washing_machine_access_door,pintu akses mesin cuci,within_product_configuration_part,retained,1,,Bingkai pintu mesin cuci; digabung dengan pintu akses.,39,31,0.92529296875,Codex agent visual review,2026-09-28,agent_evaluated_offline_from_original_photo_context_and_crop,retained,,Bingkai pintu mesin cuci; digabung dengan pintu akses.
46,turntable_record_area,area piringan pemutar rekaman,within_product_configuration_part,retained,1,,Piringan dan rekaman; digabung dengan area pemutar rekaman.,38,33,0.8466796875,Codex agent visual review,2026-09-28,agent_evaluated_offline_from_original_photo_context_and_crop,retained,,Piringan dan rekaman; digabung dengan area pemutar rekaman.
47,,,not_retained,rejected_visual_review,0,outdoor_scene_fragment,"Tanah, tumbuhan, layar, dan objek terbakar bercampur.",37,33,0.4658203125,Codex agent visual review,2026-09-28,agent_evaluated_offline_from_original_photo_context_and_crop,rejected_visual_review,outdoor_scene_fragment,"Tanah, tumbuhan, layar, dan objek terbakar bercampur."
48,key_matrix,matriks tombol,cross_category_visible_part,retained,1,,Kisi tombol berulang; digabung dengan keluarga matriks tombol lain.,37,31,0.83642578125,Codex agent visual review,2026-09-28,agent_evaluated_offline_from_original_photo_context_and_crop,retained,,Kisi tombol berulang; digabung dengan keluarga matriks tombol lain.
49,display_bezel_or_stand,bingkai atau penyangga layar,cross_category_visible_part,retained,1,,Bingkai bawah dan penyangga layar konsisten.,28,26,0.77783203125,Codex agent visual review,2026-09-28,agent_evaluated_offline_from_original_photo_context_and_crop,retained,,Bingkai bawah dan penyangga layar konsisten.
50,,,not_retained,rejected_visual_review,0,ground_or_base,"Tanah/basis di bawah perangkat, bukan bagian elektronik.",26,24,0.532958984375,Codex agent visual review,2026-09-28,agent_evaluated_offline_from_original_photo_context_and_crop,rejected_visual_review,ground_or_base,"Tanah/basis di bawah perangkat, bukan bagian elektronik."
51,wall_switch_or_socket,saklar atau soket dinding,low_support_hypothesis,not_retained_low_support,0,support_below_20_unique_parents,Visual hypothesis remains in companion data; insufficient unique-parent support for configuration or flagship claims.,25,16,0.755859375,Codex agent visual review,2026-09-28,agent_evaluated_offline_from_original_photo_context_and_crop,not_retained_low_support,support_below_20_unique_parents,Visual hypothesis remains in companion data; insufficient unique-parent support for configuration or flagship claims.
52,visible_display_damage,kerusakan tampak pada layar,cross_category_visible_condition,retained,1,,Panel rusak atau bergaris; dukungan 21 foto dipertahankan.,23,21,0.67041015625,Codex agent visual review,2026-09-28,agent_evaluated_offline_from_original_photo_context_and_crop,retained,,Panel rusak atau bergaris; dukungan 21 foto dipertahankan.
53,,,low_support_hypothesis,not_retained_low_support,0,support_below_20_unique_parents,Visual hypothesis remains in companion data; insufficient unique-parent support for configuration or flagship claims.,21,19,0.63037109375,Codex agent visual review,2026-09-28,agent_evaluated_offline_from_original_photo_context_and_crop,not_retained_low_support,support_below_20_unique_parents,Visual hypothesis remains in companion data; insufficient unique-parent support for configuration or flagship claims.
54,mouse_control_shell,cangkang dan kontrol mouse,low_support_hypothesis,not_retained_low_support,0,support_below_20_unique_parents,Visual hypothesis remains in companion data; insufficient unique-parent support for configuration or flagship claims.,18,17,0.796875,Codex agent visual review,2026-09-28,agent_evaluated_offline_from_original_photo_context_and_crop,not_retained_low_support,support_below_20_unique_parents,Visual hypothesis remains in companion data; insufficient unique-parent support for configuration or flagship claims.
55,mouse_control_element,elemen kontrol mouse,low_support_hypothesis,not_retained_low_support,0,support_below_20_unique_parents,Visual hypothesis remains in companion data; insufficient unique-parent support for configuration or flagship claims.,17,16,0.6416015625,Codex agent visual review,2026-09-28,agent_evaluated_offline_from_original_photo_context_and_crop,not_retained_low_support,support_below_20_unique_parents,Visual hypothesis remains in companion data; insufficient unique-parent support for configuration or flagship claims.
56,crt_display_front,muka layar tabung,low_support_hypothesis,not_retained_low_support,0,support_below_20_unique_parents,Visual hypothesis remains in companion data; insufficient unique-parent support for configuration or flagship claims.,13,12,0.68505859375,Codex agent visual review,2026-09-28,agent_evaluated_offline_from_original_photo_context_and_crop,not_retained_low_support,support_below_20_unique_parents,Visual hypothesis remains in companion data; insufficient unique-parent support for configuration or flagship claims.
57,mouse_control_shell,cangkang dan kontrol mouse,low_support_hypothesis,not_retained_low_support,0,support_below_20_unique_parents,Visual hypothesis remains in companion data; insufficient unique-parent support for configuration or flagship claims.,9,8,0.799072265625,Codex agent visual review,2026-09-28,agent_evaluated_offline_from_original_photo_context_and_crop,not_retained_low_support,support_below_20_unique_parents,Visual hypothesis remains in companion data; insufficient unique-parent support for configuration or flagship claims.
58,,,low_support_hypothesis,not_retained_low_support,0,support_below_20_unique_parents,Visual hypothesis remains in companion data; insufficient unique-parent support for configuration or flagship claims.,8,8,0.563720703125,Codex agent visual review,2026-09-28,agent_evaluated_offline_from_original_photo_context_and_crop,not_retained_low_support,support_below_20_unique_parents,Visual hypothesis remains in companion data; insufficient unique-parent support for configuration or flagship claims.
59,key_matrix,matriks tombol,low_support_hypothesis,not_retained_low_support,0,support_below_20_unique_parents,Visual hypothesis remains in companion data; insufficient unique-parent support for configuration or flagship claims.,7,7,0.83447265625,Codex agent visual review,2026-09-28,agent_evaluated_offline_from_original_photo_context_and_crop,not_retained_low_support,support_below_20_unique_parents,Visual hypothesis remains in companion data; insufficient unique-parent support for configuration or flagship claims.
60,microwave_door_or_cavity,pintu atau rongga microwave,low_support_hypothesis,not_retained_low_support,0,support_below_20_unique_parents,Visual hypothesis remains in companion data; insufficient unique-parent support for configuration or flagship claims.,7,6,0.799072265625,Codex agent visual review,2026-09-28,agent_evaluated_offline_from_original_photo_context_and_crop,not_retained_low_support,support_below_20_unique_parents,Visual hypothesis remains in companion data; insufficient unique-parent support for configuration or flagship claims.
61,,,low_support_hypothesis,not_retained_low_support,0,support_below_20_unique_parents,Visual hypothesis remains in companion data; insufficient unique-parent support for configuration or flagship claims.,5,5,0.632568359375,Codex agent visual review,2026-09-28,agent_evaluated_offline_from_original_photo_context_and_crop,not_retained_low_support,support_below_20_unique_parents,Visual hypothesis remains in companion data; insufficient unique-parent support for configuration or flagship claims.
62,key_matrix,matriks tombol,low_support_hypothesis,not_retained_low_support,0,support_below_20_unique_parents,Visual hypothesis remains in companion data; insufficient unique-parent support for configuration or flagship claims.,5,5,0.773681640625,Codex agent visual review,2026-09-28,agent_evaluated_offline_from_original_photo_context_and_crop,not_retained_low_support,support_below_20_unique_parents,Visual hypothesis remains in companion data; insufficient unique-parent support for configuration or flagship claims.
63,circuit_board_surface,permukaan papan sirkuit,low_support_hypothesis,not_retained_low_support,0,support_below_20_unique_parents,Visual hypothesis remains in companion data; insufficient unique-parent support for configuration or flagship claims.,5,5,0.70751953125,Codex agent visual review,2026-09-28,agent_evaluated_offline_from_original_photo_context_and_crop,not_retained_low_support,support_below_20_unique_parents,Visual hypothesis remains in companion data; insufficient unique-parent support for configuration or flagship claims.
64,visible_display_damage,kerusakan tampak pada layar,low_support_hypothesis,not_retained_low_support,0,support_below_20_unique_parents,Visual hypothesis remains in companion data; insufficient unique-parent support for configuration or flagship claims.,5,5,0.7861328125,Codex agent visual review,2026-09-28,agent_evaluated_offline_from_original_photo_context_and_crop,not_retained_low_support,support_below_20_unique_parents,Visual hypothesis remains in companion data; insufficient unique-parent support for configuration or flagship claims.
65,,,low_support_hypothesis,not_retained_low_support,0,support_below_20_unique_parents,Visual hypothesis remains in companion data; insufficient unique-parent support for configuration or flagship claims.,5,5,0.4801025390625,Codex agent visual review,2026-09-28,agent_evaluated_offline_from_original_photo_context_and_crop,not_retained_low_support,support_below_20_unique_parents,Visual hypothesis remains in companion data; insufficient unique-parent support for configuration or flagship claims.
66,,,low_support_hypothesis,not_retained_low_support,0,support_below_20_unique_parents,Visual hypothesis remains in companion data; insufficient unique-parent support for configuration or flagship claims.,4,3,0.8692626953125,Codex agent visual review,2026-09-28,agent_evaluated_offline_from_original_photo_context_and_crop,not_retained_low_support,support_below_20_unique_parents,Visual hypothesis remains in companion data; insufficient unique-parent support for configuration or flagship claims.
67,,,low_support_hypothesis,not_retained_low_support,0,support_below_20_unique_parents,Visual hypothesis remains in companion data; insufficient unique-parent support for configuration or flagship claims.,4,4,0.64453125,Codex agent visual review,2026-09-28,agent_evaluated_offline_from_original_photo_context_and_crop,not_retained_low_support,support_below_20_unique_parents,Visual hypothesis remains in companion data; insufficient unique-parent support for configuration or flagship claims.
68,,,low_support_hypothesis,not_retained_low_support,0,support_below_20_unique_parents,Visual hypothesis remains in companion data; insufficient unique-parent support for configuration or flagship claims.,4,3,0.6800537109375,Codex agent visual review,2026-09-28,agent_evaluated_offline_from_original_photo_context_and_crop,not_retained_low_support,support_below_20_unique_parents,Visual hypothesis remains in companion data; insufficient unique-parent support for configuration or flagship claims.
69,key_matrix,matriks tombol,low_support_hypothesis,not_retained_low_support,0,support_below_20_unique_parents,Visual hypothesis remains in companion data; insufficient unique-parent support for configuration or flagship claims.,4,4,0.8564453125,Codex agent visual review,2026-09-28,agent_evaluated_offline_from_original_photo_context_and_crop,not_retained_low_support,support_below_20_unique_parents,Visual hypothesis remains in companion data; insufficient unique-parent support for configuration or flagship claims.
70,gramophone_horn,corong gramofon,low_support_hypothesis,not_retained_low_support,0,support_below_20_unique_parents,Visual hypothesis remains in companion data; insufficient unique-parent support for configuration or flagship claims.,4,4,0.9326171875,Codex agent visual review,2026-09-28,agent_evaluated_offline_from_original_photo_context_and_crop,not_retained_low_support,support_below_20_unique_parents,Visual hypothesis remains in companion data; insufficient unique-parent support for configuration or flagship claims.
71,,,low_support_hypothesis,not_retained_low_support,0,support_below_20_unique_parents,Visual hypothesis remains in companion data; insufficient unique-parent support for configuration or flagship claims.,4,4,0.57293701171875,Codex agent visual review,2026-09-28,agent_evaluated_offline_from_original_photo_context_and_crop,not_retained_low_support,support_below_20_unique_parents,Visual hypothesis remains in companion data; insufficient unique-parent support for configuration or flagship claims.
72,,,low_support_hypothesis,not_retained_low_support,0,support_below_20_unique_parents,Visual hypothesis remains in companion data; insufficient unique-parent support for configuration or flagship claims.,3,3,0.759033203125,Codex agent visual review,2026-09-28,agent_evaluated_offline_from_original_photo_context_and_crop,not_retained_low_support,support_below_20_unique_parents,Visual hypothesis remains in companion data; insufficient unique-parent support for configuration or flagship claims.
73,,,low_support_hypothesis,not_retained_low_support,0,support_below_20_unique_parents,Visual hypothesis remains in companion data; insufficient unique-parent support for configuration or flagship claims.,3,3,0.6678466796875,Codex agent visual review,2026-09-28,agent_evaluated_offline_from_original_photo_context_and_crop,not_retained_low_support,support_below_20_unique_parents,Visual hypothesis remains in companion data; insufficient unique-parent support for configuration or flagship claims.
74,,,low_support_hypothesis,not_retained_low_support,0,support_below_20_unique_parents,Visual hypothesis remains in companion data; insufficient unique-parent support for configuration or flagship claims.,3,3,0.6220703125,Codex agent visual review,2026-09-28,agent_evaluated_offline_from_original_photo_context_and_crop,not_retained_low_support,support_below_20_unique_parents,Visual hypothesis remains in companion data; insufficient unique-parent support for configuration or flagship claims.
75,,,low_support_hypothesis,not_retained_low_support,0,support_below_20_unique_parents,Visual hypothesis remains in companion data; insufficient unique-parent support for configuration or flagship claims.,3,3,0.4349365234375,Codex agent visual review,2026-09-28,agent_evaluated_offline_from_original_photo_context_and_crop,not_retained_low_support,support_below_20_unique_parents,Visual hypothesis remains in companion data; insufficient unique-parent support for configuration or flagship claims.
76,,,low_support_hypothesis,not_retained_low_support,0,support_below_20_unique_parents,Visual hypothesis remains in companion data; insufficient unique-parent support for configuration or flagship claims.,3,3,0.830322265625,Codex agent visual review,2026-09-28,agent_evaluated_offline_from_original_photo_context_and_crop,not_retained_low_support,support_below_20_unique_parents,Visual hypothesis remains in companion data; insufficient unique-parent support for configuration or flagship claims.
77,,,low_support_hypothesis,not_retained_low_support,0,support_below_20_unique_parents,Visual hypothesis remains in companion data; insufficient unique-parent support for configuration or flagship claims.,3,3,0.990234375,Codex agent visual review,2026-09-28,agent_evaluated_offline_from_original_photo_context_and_crop,not_retained_low_support,support_below_20_unique_parents,Visual hypothesis remains in companion data; insufficient unique-parent support for configuration or flagship claims.
78,,,low_support_hypothesis,not_retained_low_support,0,support_below_20_unique_parents,Visual hypothesis remains in companion data; insufficient unique-parent support for configuration or flagship claims.,3,3,0.826171875,Codex agent visual review,2026-09-28,agent_evaluated_offline_from_original_photo_context_and_crop,not_retained_low_support,support_below_20_unique_parents,Visual hypothesis remains in companion data; insufficient unique-parent support for configuration or flagship claims.
79,,,low_support_hypothesis,not_retained_low_support,0,support_below_20_unique_parents,Visual hypothesis remains in companion data; insufficient unique-parent support for configuration or flagship claims.,3,3,0.580078125,Codex agent visual review,2026-09-28,agent_evaluated_offline_from_original_photo_context_and_crop,not_retained_low_support,support_below_20_unique_parents,Visual hypothesis remains in companion data; insufficient unique-parent support for configuration or flagship claims.
80,,,low_support_hypothesis,not_retained_low_support,0,support_below_20_unique_parents,Visual hypothesis remains in companion data; insufficient unique-parent support for configuration or flagship claims.,3,3,0.87353515625,Codex agent visual review,2026-09-28,agent_evaluated_offline_from_original_photo_context_and_crop,not_retained_low_support,support_below_20_unique_parents,Visual hypothesis remains in companion data; insufficient unique-parent support for configuration or flagship claims.
81,,,low_support_hypothesis,not_retained_low_support,0,support_below_20_unique_parents,Visual hypothesis remains in companion data; insufficient unique-parent support for configuration or flagship claims.,3,3,0.76025390625,Codex agent visual review,2026-09-28,agent_evaluated_offline_from_original_photo_context_and_crop,not_retained_low_support,support_below_20_unique_parents,Visual hypothesis remains in companion data; insufficient unique-parent support for configuration or flagship claims.
82,,,low_support_hypothesis,not_retained_low_support,0,support_below_20_unique_parents,Visual hypothesis remains in companion data; insufficient unique-parent support for configuration or flagship claims.,3,3,0.63037109375,Codex agent visual review,2026-09-28,agent_evaluated_offline_from_original_photo_context_and_crop,not_retained_low_support,support_below_20_unique_parents,Visual hypothesis remains in companion data; insufficient unique-parent support for configuration or flagship claims.
83,,,low_support_hypothesis,not_retained_low_support,0,support_below_20_unique_parents,Visual hypothesis remains in companion data; insufficient unique-parent support for configuration or flagship claims.,3,3,0.596435546875,Codex agent visual review,2026-09-28,agent_evaluated_offline_from_original_photo_context_and_crop,not_retained_low_support,support_below_20_unique_parents,Visual hypothesis remains in companion data; insufficient unique-parent support for configuration or flagship claims.
84,,,low_support_hypothesis,not_retained_low_support,0,support_below_20_unique_parents,Visual hypothesis remains in companion data; insufficient unique-parent support for configuration or flagship claims.,2,2,0.96044921875,Codex agent visual review,2026-09-28,agent_evaluated_offline_from_original_photo_context_and_crop,not_retained_low_support,support_below_20_unique_parents,Visual hypothesis remains in companion data; insufficient unique-parent support for configuration or flagship claims.
85,,,low_support_hypothesis,not_retained_low_support,0,support_below_20_unique_parents,Visual hypothesis remains in companion data; insufficient unique-parent support for configuration or flagship claims.,2,2,0.8232421875,Codex agent visual review,2026-09-28,agent_evaluated_offline_from_original_photo_context_and_crop,not_retained_low_support,support_below_20_unique_parents,Visual hypothesis remains in companion data; insufficient unique-parent support for configuration or flagship claims.
86,,,low_support_hypothesis,not_retained_low_support,0,support_below_20_unique_parents,Visual hypothesis remains in companion data; insufficient unique-parent support for configuration or flagship claims.,2,2,0.73681640625,Codex agent visual review,2026-09-28,agent_evaluated_offline_from_original_photo_context_and_crop,not_retained_low_support,support_below_20_unique_parents,Visual hypothesis remains in companion data; insufficient unique-parent support for configuration or flagship claims.
87,,,low_support_hypothesis,not_retained_low_support,0,support_below_20_unique_parents,Visual hypothesis remains in companion data; insufficient unique-parent support for configuration or flagship claims.,2,2,0.351318359375,Codex agent visual review,2026-09-28,agent_evaluated_offline_from_original_photo_context_and_crop,not_retained_low_support,support_below_20_unique_parents,Visual hypothesis remains in companion data; insufficient unique-parent support for configuration or flagship claims.
88,,,low_support_hypothesis,not_retained_low_support,0,support_below_20_unique_parents,Visual hypothesis remains in companion data; insufficient unique-parent support for configuration or flagship claims.,2,2,0.3173828125,Codex agent visual review,2026-09-28,agent_evaluated_offline_from_original_photo_context_and_crop,not_retained_low_support,support_below_20_unique_parents,Visual hypothesis remains in companion data; insufficient unique-parent support for configuration or flagship claims.
89,,,low_support_hypothesis,not_retained_low_support,0,support_below_20_unique_parents,Visual hypothesis remains in companion data; insufficient unique-parent support for configuration or flagship claims.,2,2,0.46044921875,Codex agent visual review,2026-09-28,agent_evaluated_offline_from_original_photo_context_and_crop,not_retained_low_support,support_below_20_unique_parents,Visual hypothesis remains in companion data; insufficient unique-parent support for configuration or flagship claims.
90,,,low_support_hypothesis,not_retained_low_support,0,support_below_20_unique_parents,Visual hypothesis remains in companion data; insufficient unique-parent support for configuration or flagship claims.,2,2,0.86474609375,Codex agent visual review,2026-09-28,agent_evaluated_offline_from_original_photo_context_and_crop,not_retained_low_support,support_below_20_unique_parents,Visual hypothesis remains in companion data; insufficient unique-parent support for configuration or flagship claims.
91,,,low_support_hypothesis,not_retained_low_support,0,support_below_20_unique_parents,Visual hypothesis remains in companion data; insufficient unique-parent support for configuration or flagship claims.,2,2,0.475830078125,Codex agent visual review,2026-09-28,agent_evaluated_offline_from_original_photo_context_and_crop,not_retained_low_support,support_below_20_unique_parents,Visual hypothesis remains in companion data; insufficient unique-parent support for configuration or flagship claims.
92,,,low_support_hypothesis,not_retained_low_support,0,support_below_20_unique_parents,Visual hypothesis remains in companion data; insufficient unique-parent support for configuration or flagship claims.,2,2,0.99755859375,Codex agent visual review,2026-09-28,agent_evaluated_offline_from_original_photo_context_and_crop,not_retained_low_support,support_below_20_unique_parents,Visual hypothesis remains in companion data; insufficient unique-parent support for configuration or flagship claims.
93,,,low_support_hypothesis,not_retained_low_support,0,support_below_20_unique_parents,Visual hypothesis remains in companion data; insufficient unique-parent support for configuration or flagship claims.,2,2,0.495849609375,Codex agent visual review,2026-09-28,agent_evaluated_offline_from_original_photo_context_and_crop,not_retained_low_support,support_below_20_unique_parents,Visual hypothesis remains in companion data; insufficient unique-parent support for configuration or flagship claims.
94,,,low_support_hypothesis,not_retained_low_support,0,support_below_20_unique_parents,Visual hypothesis remains in companion data; insufficient unique-parent support for configuration or flagship claims.,2,2,0.99169921875,Codex agent visual review,2026-09-28,agent_evaluated_offline_from_original_photo_context_and_crop,not_retained_low_support,support_below_20_unique_parents,Visual hypothesis remains in companion data; insufficient unique-parent support for configuration or flagship claims.
95,,,low_support_hypothesis,not_retained_low_support,0,support_below_20_unique_parents,Visual hypothesis remains in companion data; insufficient unique-parent support for configuration or flagship claims.,2,2,0.61083984375,Codex agent visual review,2026-09-28,agent_evaluated_offline_from_original_photo_context_and_crop,not_retained_low_support,support_below_20_unique_parents,Visual hypothesis remains in companion data; insufficient unique-parent support for configuration or flagship claims.
96,,,low_support_hypothesis,not_retained_low_support,0,support_below_20_unique_parents,Visual hypothesis remains in companion data; insufficient unique-parent support for configuration or flagship claims.,2,2,0.50341796875,Codex agent visual review,2026-09-28,agent_evaluated_offline_from_original_photo_context_and_crop,not_retained_low_support,support_below_20_unique_parents,Visual hypothesis remains in companion data; insufficient unique-parent support for configuration or flagship claims.
97,,,low_support_hypothesis,not_retained_low_support,0,support_below_20_unique_parents,Visual hypothesis remains in companion data; insufficient unique-parent support for configuration or flagship claims.,2,2,0.77880859375,Codex agent visual review,2026-09-28,agent_evaluated_offline_from_original_photo_context_and_crop,not_retained_low_support,support_below_20_unique_parents,Visual hypothesis remains in companion data; insufficient unique-parent support for configuration or flagship claims.
98,,,low_support_hypothesis,not_retained_low_support,0,support_below_20_unique_parents,Visual hypothesis remains in companion data; insufficient unique-parent support for configuration or flagship claims.,2,2,0.7109375,Codex agent visual review,2026-09-28,agent_evaluated_offline_from_original_photo_context_and_crop,not_retained_low_support,support_below_20_unique_parents,Visual hypothesis remains in companion data; insufficient unique-parent support for configuration or flagship claims.
99,,,low_support_hypothesis,not_retained_low_support,0,support_below_20_unique_parents,Visual hypothesis remains in companion data; insufficient unique-parent support for configuration or flagship claims.,2,2,0.6513671875,Codex agent visual review,2026-09-28,agent_evaluated_offline_from_original_photo_context_and_crop,not_retained_low_support,support_below_20_unique_parents,Visual hypothesis remains in companion data; insufficient unique-parent support for configuration or flagship claims.
100,,,low_support_hypothesis,not_retained_low_support,0,support_below_20_unique_parents,Visual hypothesis remains in companion data; insufficient unique-parent support for configuration or flagship claims.,2,2,0.6171875,Codex agent visual review,2026-09-28,agent_evaluated_offline_from_original_photo_context_and_crop,not_retained_low_support,support_below_20_unique_parents,Visual hypothesis remains in companion data; insufficient unique-parent support for configuration or flagship claims.
101,,,low_support_hypothesis,not_retained_low_support,0,support_below_20_unique_parents,Visual hypothesis remains in companion data; insufficient unique-parent support for configuration or flagship claims.,2,2,0.75537109375,Codex agent visual review,2026-09-28,agent_evaluated_offline_from_original_photo_context_and_crop,not_retained_low_support,support_below_20_unique_parents,Visual hypothesis remains in companion data; insufficient unique-parent support for configuration or flagship claims.
102,,,low_support_hypothesis,not_retained_low_support,0,support_below_20_unique_parents,Visual hypothesis remains in companion data; insufficient unique-parent support for configuration or flagship claims.,2,2,0.525390625,Codex agent visual review,2026-09-28,agent_evaluated_offline_from_original_photo_context_and_crop,not_retained_low_support,support_below_20_unique_parents,Visual hypothesis remains in companion data; insufficient unique-parent support for configuration or flagship claims.
103,,,low_support_hypothesis,not_retained_low_support,0,support_below_20_unique_parents,Visual hypothesis remains in companion data; insufficient unique-parent support for configuration or flagship claims.,2,2,0.96484375,Codex agent visual review,2026-09-28,agent_evaluated_offline_from_original_photo_context_and_crop,not_retained_low_support,support_below_20_unique_parents,Visual hypothesis remains in companion data; insufficient unique-parent support for configuration or flagship claims.
104,,,low_support_hypothesis,not_retained_low_support,0,support_below_20_unique_parents,Visual hypothesis remains in companion data; insufficient unique-parent support for configuration or flagship claims.,2,2,0.475830078125,Codex agent visual review,2026-09-28,agent_evaluated_offline_from_original_photo_context_and_crop,not_retained_low_support,support_below_20_unique_parents,Visual hypothesis remains in companion data; insufficient unique-parent support for configuration or flagship claims.
105,,,low_support_hypothesis,not_retained_low_support,0,support_below_20_unique_parents,Visual hypothesis remains in companion data; insufficient unique-parent support for configuration or flagship claims.,2,2,0.480712890625,Codex agent visual review,2026-09-28,agent_evaluated_offline_from_original_photo_context_and_crop,not_retained_low_support,support_below_20_unique_parents,Visual hypothesis remains in companion data; insufficient unique-parent support for configuration or flagship claims.
106,,,low_support_hypothesis,not_retained_low_support,0,support_below_20_unique_parents,Visual hypothesis remains in companion data; insufficient unique-parent support for configuration or flagship claims.,2,2,0.54833984375,Codex agent visual review,2026-09-28,agent_evaluated_offline_from_original_photo_context_and_crop,not_retained_low_support,support_below_20_unique_parents,Visual hypothesis remains in companion data; insufficient unique-parent support for configuration or flagship claims.
107,,,low_support_hypothesis,not_retained_low_support,0,support_below_20_unique_parents,Visual hypothesis remains in companion data; insufficient unique-parent support for configuration or flagship claims.,2,2,0.775390625,Codex agent visual review,2026-09-28,agent_evaluated_offline_from_original_photo_context_and_crop,not_retained_low_support,support_below_20_unique_parents,Visual hypothesis remains in companion data; insufficient unique-parent support for configuration or flagship claims.
108,,,low_support_hypothesis,not_retained_low_support,0,support_below_20_unique_parents,Visual hypothesis remains in companion data; insufficient unique-parent support for configuration or flagship claims.,2,2,0.465576171875,Codex agent visual review,2026-09-28,agent_evaluated_offline_from_original_photo_context_and_crop,not_retained_low_support,support_below_20_unique_parents,Visual hypothesis remains in companion data; insufficient unique-parent support for configuration or flagship claims.
109,,,low_support_hypothesis,not_retained_low_support,0,support_below_20_unique_parents,Visual hypothesis remains in companion data; insufficient unique-parent support for configuration or flagship claims.,2,2,0.341552734375,Codex agent visual review,2026-09-28,agent_evaluated_offline_from_original_photo_context_and_crop,not_retained_low_support,support_below_20_unique_parents,Visual hypothesis remains in companion data; insufficient unique-parent support for configuration or flagship claims.
110,,,low_support_hypothesis,not_retained_low_support,0,support_below_20_unique_parents,Visual hypothesis remains in companion data; insufficient unique-parent support for configuration or flagship claims.,2,2,0.381103515625,Codex agent visual review,2026-09-28,agent_evaluated_offline_from_original_photo_context_and_crop,not_retained_low_support,support_below_20_unique_parents,Visual hypothesis remains in companion data; insufficient unique-parent support for configuration or flagship claims.
111,,,low_support_hypothesis,not_retained_low_support,0,support_below_20_unique_parents,Visual hypothesis remains in companion data; insufficient unique-parent support for configuration or flagship claims.,2,2,0.63134765625,Codex agent visual review,2026-09-28,agent_evaluated_offline_from_original_photo_context_and_crop,not_retained_low_support,support_below_20_unique_parents,Visual hypothesis remains in companion data; insufficient unique-parent support for configuration or flagship claims.
112,,,low_support_hypothesis,not_retained_low_support,0,support_below_20_unique_parents,Visual hypothesis remains in companion data; insufficient unique-parent support for configuration or flagship claims.,2,2,0.5244140625,Codex agent visual review,2026-09-28,agent_evaluated_offline_from_original_photo_context_and_crop,not_retained_low_support,support_below_20_unique_parents,Visual hypothesis remains in companion data; insufficient unique-parent support for configuration or flagship claims.
113,,,low_support_hypothesis,not_retained_low_support,0,support_below_20_unique_parents,Visual hypothesis remains in companion data; insufficient unique-parent support for configuration or flagship claims.,2,2,0.5478515625,Codex agent visual review,2026-09-28,agent_evaluated_offline_from_original_photo_context_and_crop,not_retained_low_support,support_below_20_unique_parents,Visual hypothesis remains in companion data; insufficient unique-parent support for configuration or flagship claims.
114,,,low_support_hypothesis,not_retained_low_support,0,support_below_20_unique_parents,Visual hypothesis remains in companion data; insufficient unique-parent support for configuration or flagship claims.,2,2,0.71240234375,Codex agent visual review,2026-09-28,agent_evaluated_offline_from_original_photo_context_and_crop,not_retained_low_support,support_below_20_unique_parents,Visual hypothesis remains in companion data; insufficient unique-parent support for configuration or flagship claims.
115,,,low_support_hypothesis,not_retained_low_support,0,support_below_20_unique_parents,Visual hypothesis remains in companion data; insufficient unique-parent support for configuration or flagship claims.,2,2,0.6767578125,Codex agent visual review,2026-09-28,agent_evaluated_offline_from_original_photo_context_and_crop,not_retained_low_support,support_below_20_unique_parents,Visual hypothesis remains in companion data; insufficient unique-parent support for configuration or flagship claims.
116,,,low_support_hypothesis,not_retained_low_support,0,support_below_20_unique_parents,Visual hypothesis remains in companion data; insufficient unique-parent support for configuration or flagship claims.,2,2,0.80859375,Codex agent visual review,2026-09-28,agent_evaluated_offline_from_original_photo_context_and_crop,not_retained_low_support,support_below_20_unique_parents,Visual hypothesis remains in companion data; insufficient unique-parent support for configuration or flagship claims.
117,,,low_support_hypothesis,not_retained_low_support,0,support_below_20_unique_parents,Visual hypothesis remains in companion data; insufficient unique-parent support for configuration or flagship claims.,2,2,0.76513671875,Codex agent visual review,2026-09-28,agent_evaluated_offline_from_original_photo_context_and_crop,not_retained_low_support,support_below_20_unique_parents,Visual hypothesis remains in companion data; insufficient unique-parent support for configuration or flagship claims.
118,,,low_support_hypothesis,not_retained_low_support,0,support_below_20_unique_parents,Visual hypothesis remains in companion data; insufficient unique-parent support for configuration or flagship claims.,2,2,0.72119140625,Codex agent visual review,2026-09-28,agent_evaluated_offline_from_original_photo_context_and_crop,not_retained_low_support,support_below_20_unique_parents,Visual hypothesis remains in companion data; insufficient unique-parent support for configuration or flagship claims.
119,,,low_support_hypothesis,not_retained_low_support,0,support_below_20_unique_parents,Visual hypothesis remains in companion data; insufficient unique-parent support for configuration or flagship claims.,2,2,0.7099609375,Codex agent visual review,2026-09-28,agent_evaluated_offline_from_original_photo_context_and_crop,not_retained_low_support,support_below_20_unique_parents,Visual hypothesis remains in companion data; insufficient unique-parent support for configuration or flagship claims.
120,,,low_support_hypothesis,not_retained_low_support,0,support_below_20_unique_parents,Visual hypothesis remains in companion data; insufficient unique-parent support for configuration or flagship claims.,2,2,0.80419921875,Codex agent visual review,2026-09-28,agent_evaluated_offline_from_original_photo_context_and_crop,not_retained_low_support,support_below_20_unique_parents,Visual hypothesis remains in companion data; insufficient unique-parent support for configuration or flagship claims.
121,,,low_support_hypothesis,not_retained_low_support,0,support_below_20_unique_parents,Visual hypothesis remains in companion data; insufficient unique-parent support for configuration or flagship claims.,2,2,0.90771484375,Codex agent visual review,2026-09-28,agent_evaluated_offline_from_original_photo_context_and_crop,not_retained_low_support,support_below_20_unique_parents,Visual hypothesis remains in companion data; insufficient unique-parent support for configuration or flagship claims.
122,,,low_support_hypothesis,not_retained_low_support,0,support_below_20_unique_parents,Visual hypothesis remains in companion data; insufficient unique-parent support for configuration or flagship claims.,2,2,0.74267578125,Codex agent visual review,2026-09-28,agent_evaluated_offline_from_original_photo_context_and_crop,not_retained_low_support,support_below_20_unique_parents,Visual hypothesis remains in companion data; insufficient unique-parent support for configuration or flagship claims.
123,,,low_support_hypothesis,not_retained_low_support,0,support_below_20_unique_parents,Visual hypothesis remains in companion data; insufficient unique-parent support for configuration or flagship claims.,2,2,0.71875,Codex agent visual review,2026-09-28,agent_evaluated_offline_from_original_photo_context_and_crop,not_retained_low_support,support_below_20_unique_parents,Visual hypothesis remains in companion data; insufficient unique-parent support for configuration or flagship claims.
124,,,low_support_hypothesis,not_retained_low_support,0,support_below_20_unique_parents,Visual hypothesis remains in companion data; insufficient unique-parent support for configuration or flagship claims.,2,2,0.5380859375,Codex agent visual review,2026-09-28,agent_evaluated_offline_from_original_photo_context_and_crop,not_retained_low_support,support_below_20_unique_parents,Visual hypothesis remains in companion data; insufficient unique-parent support for configuration or flagship claims.
125,,,low_support_hypothesis,not_retained_low_support,0,support_below_20_unique_parents,Visual hypothesis remains in companion data; insufficient unique-parent support for configuration or flagship claims.,2,2,0.66796875,Codex agent visual review,2026-09-28,agent_evaluated_offline_from_original_photo_context_and_crop,not_retained_low_support,support_below_20_unique_parents,Visual hypothesis remains in companion data; insufficient unique-parent support for configuration or flagship claims.
126,,,low_support_hypothesis,not_retained_low_support,0,support_below_20_unique_parents,Visual hypothesis remains in companion data; insufficient unique-parent support for configuration or flagship claims.,2,2,0.79541015625,Codex agent visual review,2026-09-28,agent_evaluated_offline_from_original_photo_context_and_crop,not_retained_low_support,support_below_20_unique_parents,Visual hypothesis remains in companion data; insufficient unique-parent support for configuration or flagship claims.
127,,,low_support_hypothesis,not_retained_low_support,0,support_below_20_unique_parents,Visual hypothesis remains in companion data; insufficient unique-parent support for configuration or flagship claims.,2,2,0.7998046875,Codex agent visual review,2026-09-28,agent_evaluated_offline_from_original_photo_context_and_crop,not_retained_low_support,support_below_20_unique_parents,Visual hypothesis remains in companion data; insufficient unique-parent support for configuration or flagship claims.
128,,,low_support_hypothesis,not_retained_low_support,0,support_below_20_unique_parents,Visual hypothesis remains in companion data; insufficient unique-parent support for configuration or flagship claims.,2,2,0.854248046875,Codex agent visual review,2026-09-28,agent_evaluated_offline_from_original_photo_context_and_crop,not_retained_low_support,support_below_20_unique_parents,Visual hypothesis remains in companion data; insufficient unique-parent support for configuration or flagship claims.
