family_internal,members,unique_parents,medoid_feature_row,foreground_medoid_median,box_medoid_median,local_affinity_median,foreground_minus_box_mean,foreground_box_correlation
0,377,214,14187,0.6555558443069458,0.729475736618042,0.832275390625,-0.036775797605514526,0.4706338217224679
1,314,203,16867,0.7141189575195312,0.5426559448242188,0.8564453125,0.14564980566501617,0.5026877867983112
2,281,157,23111,0.3770292103290558,0.4728957712650299,0.781494140625,-0.09166967123746872,0.8339264174731745
3,273,159,27414,0.599702000617981,0.6471192836761475,0.79052734375,-0.016069883480668068,0.3692164205466825
4,234,165,38688,0.24820469319820404,0.2558926045894623,0.640869140625,0.01930847577750683,0.8009871248351794
5,234,122,27271,0.8121923208236694,0.8212419152259827,0.922119140625,0.05371192842721939,0.5157499551326029
6,207,142,11087,0.799403965473175,0.7141600847244263,0.88818359375,0.11634261906147003,0.48901904787526257
7,200,140,25236,0.4456474483013153,0.5749591588973999,0.707275390625,-0.10015078634023666,0.632746373599369
8,172,122,15835,0.3357522487640381,0.42166733741760254,0.735595703125,-0.06520175188779831,0.8175236630556729
9,164,91,10586,0.6387926340103149,0.6806491613388062,0.854736328125,-0.028352726250886917,0.34824490377307904
10,153,85,30181,0.5007709264755249,0.6134434938430786,0.78125,-0.09024713188409805,0.7741006316078539
11,144,84,355,0.7240525484085083,0.6852410435676575,0.8651123046875,0.03510160744190216,0.6612521670471913
12,141,116,4450,0.2500035762786865,0.4461307227611542,0.5625,-0.17972040176391602,0.7135181841325495
13,129,104,22342,0.7111344337463379,0.8147249221801758,0.81298828125,-0.04792095720767975,0.7136326921659455
14,126,80,6481,0.3074251115322113,0.38841915130615234,0.66845703125,-0.06967185437679291,0.9072100404217107
15,126,105,58357,0.3232795000076294,0.35586875677108765,0.7186279296875,-0.013343733735382557,0.8004935735939352
16,126,91,19181,0.5782700777053833,0.5855140089988708,0.7891845703125,-0.03552078828215599,0.7939780342270497
17,117,107,55524,0.37620842456817627,0.3812316060066223,0.6533203125,-0.010767742991447449,0.8520199276640472
18,113,96,40375,0.4380542039871216,0.433809757232666,0.642578125,-0.01913878694176674,0.8126988494349153
19,112,77,21331,0.5850194692611694,0.46468883752822876,0.8128662109375,0.09767980873584747,0.7701011331818463
20,100,71,51616,0.7916387319564819,0.6202803254127502,0.9052734375,0.15398281812667847,0.16897962218646137
21,97,63,8222,0.23639565706253052,0.3247620165348053,0.617431640625,-0.09821091592311859,0.7183710078373848
22,96,64,1431,0.6582767367362976,0.703477144241333,0.759033203125,-0.0678117498755455,0.9178957168656509
23,94,66,47306,0.5785784125328064,0.5916194915771484,0.8544921875,-0.014718560501933098,0.6240817688699675
24,90,75,59462,0.7685749530792236,0.6181305646896362,0.8514404296875,0.1186654269695282,0.27970838363728734
25,89,74,13756,0.4535553455352783,0.46728038787841797,0.5859375,-0.029354631900787354,0.7483337444016365
26,87,57,16044,0.48336195945739746,0.4747321903705597,0.732177734375,0.005953019950538874,0.7169128769750238
27,86,69,21211,0.8890770673751831,0.8755252361297607,0.921630859375,0.011758041568100452,0.7844140364130697
28,85,54,36260,0.5700538754463196,0.46423107385635376,0.73779296875,0.050598230212926865,0.6911640685913801
29,84,67,17569,0.424399733543396,0.4906587600708008,0.6361083984375,-0.06986797600984573,0.7813897501079344
30,81,64,8800,0.8194364309310913,0.6816452741622925,0.8857421875,0.18128760159015656,0.5427257958765094
31,79,62,21091,0.4692079722881317,0.5585973858833313,0.69921875,-0.08979256451129913,0.8230384103591911
32,79,56,9842,0.4557124376296997,0.46132946014404297,0.656494140625,-0.02513166330754757,0.8866959011243332
33,76,44,7793,0.7407486438751221,0.7266349792480469,0.835693359375,0.06533991545438766,0.6315634044669612
34,75,52,24248,0.6450921297073364,0.6605212092399597,0.76318359375,-0.00025055170408450067,0.6598898176522233
35,70,61,9305,0.12298667430877686,0.3252404034137726,0.5130615234375,-0.13364066183567047,0.8553117543195026
36,66,42,29842,0.5881564021110535,0.6276808977127075,0.7384033203125,-0.05988994240760803,0.8682254275896863
37,55,46,39970,0.5843311548233032,0.6104283332824707,0.6884765625,-0.0017655453411862254,0.7494494724074517
38,53,32,51284,0.2809702157974243,0.31062424182891846,0.65185546875,-0.020718256011605263,0.8595963210808981
39,53,43,40224,0.4022236466407776,0.270166277885437,0.82666015625,0.12039396166801453,0.8870565472974274
40,51,35,23947,0.8244875073432922,0.6456042528152466,0.8291015625,0.1702229231595993,0.5738406604169225
41,50,28,29996,0.66009521484375,0.7171728610992432,0.7757568359375,-0.03569285571575165,0.4238750669017866
42,46,44,12243,0.5285966396331787,0.5535974502563477,0.7884521484375,-0.03148702532052994,0.8031442137084962
43,41,35,51980,0.7986546158790588,0.622269868850708,0.80517578125,0.13167229294776917,0.6054772712207063
44,39,36,38980,0.4521913230419159,0.37572115659713745,0.638671875,0.051351435482501984,0.6594612044223309
45,39,31,59416,0.9093982577323914,0.6175003051757812,0.92529296875,0.27981823682785034,0.6580089968946874
46,38,33,40200,0.7942368984222412,0.7752857208251953,0.8466796875,0.026169098913669586,0.6708609291817945
47,37,33,6173,0.2116643190383911,0.2299947887659073,0.4658203125,-0.024115340784192085,0.9163687112805331
48,37,31,6023,0.6919229626655579,0.6500834822654724,0.83642578125,0.07291151583194733,0.7236335702376062
49,28,26,30404,0.7232711911201477,0.7595118284225464,0.77783203125,-0.01062746811658144,0.40658405301087236
50,26,24,14932,0.39244353771209717,0.37491241097450256,0.532958984375,0.010462791658937931,0.9355161234094325
51,25,16,49797,0.7678810358047485,0.7898037433624268,0.755859375,0.0143157122656703,0.5759436908407262
52,23,21,49700,0.5026084780693054,0.5276371836662292,0.67041015625,-0.024039922282099724,0.8990652813247122
53,21,19,35187,0.43573373556137085,0.6068562865257263,0.63037109375,-0.08308442682027817,0.9007659862675338
54,18,17,59818,0.7239733934402466,0.560347318649292,0.796875,0.14614374935626984,0.6710750985557581
55,17,16,38365,0.5521577596664429,0.5574624538421631,0.6416015625,-0.011510447598993778,0.8900753369559452
56,13,12,15771,0.5718559622764587,0.582781195640564,0.68505859375,-0.020119912922382355,0.8614566740121559
57,9,8,8013,0.6590951085090637,0.4310976564884186,0.799072265625,0.1933128535747528,0.9614802505050488
58,8,8,28831,0.525745153427124,0.5440952777862549,0.563720703125,-0.033165622502565384,0.8671181276863612
59,7,7,2935,0.7687802314758301,0.7985308170318604,0.83447265625,-0.022568149492144585,0.9658747201334015
60,7,6,11816,0.7862364053726196,0.5697292685508728,0.799072265625,0.15456721186637878,0.9234918679678615
61,5,5,43355,0.5851625800132751,0.6962074637413025,0.632568359375,-0.007791114039719105,0.9078317746847109
62,5,5,49935,0.7859638333320618,0.6909339427947998,0.773681640625,0.14472761750221252,0.8255047626838732
63,5,5,14335,0.670412003993988,0.6317077279090881,0.70751953125,0.0919395461678505,0.8760032698596657
64,5,5,40824,0.8489823341369629,0.6202957034111023,0.7861328125,0.15878918766975403,0.8266920075337695
65,5,5,48156,0.5053519010543823,0.3810083270072937,0.4801025390625,0.03543680161237717,0.9745669608963407
66,4,3,42110,0.8365230560302734,0.8302162289619446,0.8692626953125,0.03081679344177246,0.9257259627542916
67,4,4,55465,0.6123659610748291,0.6865673065185547,0.64453125,-0.024620361626148224,0.9035574322273395
68,4,3,45252,0.7798523902893066,0.6332037448883057,0.6800537109375,0.12117008864879608,0.682024300694032
69,4,4,18853,0.8551412224769592,0.6336071491241455,0.8564453125,0.2027040719985962,0.9702211182266461
70,4,4,50547,0.9662506580352783,0.930773138999939,0.9326171875,0.12200994789600372,0.8733220133205576
71,4,4,13061,0.6152229905128479,0.5961523056030273,0.57293701171875,0.002851627767086029,0.9800764808130704
72,3,3,55658,0.7591131925582886,0.8048978447914124,0.759033203125,-0.023455917835235596,0.9960371356293356
73,3,3,46976,0.7280214428901672,0.6844119429588318,0.6678466796875,0.05045424774289131,0.9975944174853073
74,3,3,25501,0.8162622451782227,0.6265990734100342,0.6220703125,0.049521226435899734,0.9073206299690009
75,3,3,59024,0.4453244209289551,0.5180494785308838,0.4349365234375,-0.029085388407111168,0.9868732560402244
76,3,3,40217,0.9311662912368774,0.6916342973709106,0.830322265625,0.10723134130239487,0.7412544240448862
77,3,3,39587,0.9979952573776245,0.9541151523590088,0.990234375,0.05244271084666252,0.9701503462892048
78,3,3,6497,0.926125705242157,0.5179024934768677,0.826171875,0.20722566545009613,0.7152348414381083
79,3,3,29110,0.5845149159431458,0.5082191824913025,0.580078125,0.07560959458351135,0.9932995720207576
80,3,3,54117,0.9499069452285767,0.9506855010986328,0.87353515625,-0.04296278953552246,0.8943193664092207
81,3,3,38352,0.7767146825790405,0.8517128229141235,0.76025390625,-0.0470602922141552,0.9957126622173685
82,3,3,23165,0.6595084071159363,0.6252874732017517,0.63037109375,0.015684684738516808,0.9763908858345396
83,3,3,12071,0.6170177459716797,0.6420793533325195,0.596435546875,0.0297867264598608,0.9111547017232638
84,2,2,4631,0.9801806807518005,0.9591324329376221,0.96044921875,0.021048277616500854,1.0
85,2,2,5404,0.911760151386261,0.696815550327301,0.8232421875,0.21494461596012115,1.0
86,2,2,2745,0.8684130311012268,0.8643062710762024,0.73681640625,0.004106760025024414,1.0
87,2,2,7507,0.6757384538650513,0.794919490814209,0.351318359375,-0.11918103694915771,1.0
88,2,2,996,0.6586665511131287,0.8468936681747437,0.3173828125,-0.18822713196277618,1.0
89,2,2,9360,0.7302359342575073,0.620145320892334,0.46044921875,0.11009065061807632,1.0
90,2,2,10358,0.932465672492981,0.9035347104072571,0.86474609375,0.028930991888046265,1.0
91,2,2,10484,0.737864077091217,0.7519341707229614,0.475830078125,-0.014070078730583191,1.0
92,2,2,10605,0.9988582134246826,0.9681572914123535,0.99755859375,0.030700892210006714,1.0
93,2,2,11815,0.7479531764984131,0.6690322160720825,0.495849609375,0.07892090082168579,1.0
94,2,2,11991,0.9957520961761475,0.9476349353790283,0.99169921875,0.04811716079711914,1.0
95,2,2,13122,0.8054289817810059,0.8292900323867798,0.61083984375,-0.023861050605773926,1.0
96,2,2,13639,0.7517945766448975,0.83549964427948,0.50341796875,-0.08370509743690491,1.0
97,2,2,14919,0.8894594311714172,0.7608925700187683,0.77880859375,0.12856686115264893,1.0
98,2,2,6426,0.855485200881958,0.7808082103729248,0.7109375,0.07467696070671082,1.0
99,2,2,17621,0.8257281184196472,0.766480565071106,0.6513671875,0.05924752354621887,1.0
100,2,2,17717,0.8085326552391052,0.8684642314910889,0.6171875,-0.05993157625198364,1.0
101,2,2,20547,0.8776910305023193,0.9184541702270508,0.75537109375,-0.04076310992240906,1.0
102,2,2,8455,0.7625616788864136,0.8246971964836121,0.525390625,-0.062135547399520874,0.9999999999999999
103,2,2,5368,0.9823862314224243,0.8563830256462097,0.96484375,0.1260031759738922,1.0
104,2,2,6594,0.7378545999526978,0.6859992742538452,0.475830078125,0.051855310797691345,1.0
105,2,2,25186,0.740297794342041,0.7689383029937744,0.480712890625,-0.0286405086517334,1.0
106,2,2,26602,0.7741097211837769,0.8465573787689209,0.54833984375,-0.07244768738746643,1.0
107,2,2,31862,0.8875527381896973,0.8400813341140747,0.775390625,0.04747140407562256,1.0
108,2,2,23494,0.7327720522880554,0.7755298018455505,0.465576171875,-0.04275774955749512,0.9999999999999998
109,2,2,34564,0.6707600355148315,0.7516316771507263,0.341552734375,-0.08087162673473358,1.0
110,2,2,33942,0.6904956102371216,0.7214275598526001,0.381103515625,-0.030931979417800903,1.0
111,2,2,34722,0.8157972097396851,0.8288905620574951,0.63134765625,-0.013093352317810059,0.9999999999999999
112,2,2,25688,0.7622751593589783,0.7263740301132202,0.5244140625,0.035901159048080444,1.0
113,2,2,35358,0.7740089297294617,0.8161413073539734,0.5478515625,-0.04213237762451172,1.0
114,2,2,36906,0.8561638593673706,0.821973443031311,0.71240234375,0.03419041633605957,1.0
115,2,2,6442,0.8382078409194946,0.6822037696838379,0.6767578125,0.15600410103797913,1.0
116,2,2,40606,0.9041990637779236,0.9187302589416504,0.80859375,-0.014531224966049194,1.0
117,2,2,34758,0.8824846744537354,0.8999662399291992,0.76513671875,-0.017481565475463867,1.0
118,2,2,17604,0.8606907725334167,0.7900723218917847,0.72119140625,0.07061842083930969,1.0
119,2,2,1693,0.855004608631134,0.8918182849884033,0.7099609375,-0.0368136465549469,1.0
120,2,2,35318,0.9021969437599182,0.835591733455658,0.80419921875,0.06660521030426025,0.9999999999999999
121,2,2,22282,0.9537192583084106,0.7784562706947327,0.90771484375,0.17526301741600037,0.9999999999999998
122,2,2,40445,0.8713638782501221,0.7948281168937683,0.74267578125,0.07653573155403137,1.0
123,2,2,46962,0.8595294952392578,0.7896571755409241,0.71875,0.06987234950065613,1.0
124,2,2,10403,0.769200325012207,0.7971382141113281,0.5380859375,-0.027937889099121094,1.0
125,2,2,31642,0.8338522911071777,0.812775731086731,0.66796875,0.021076589822769165,1.0
126,2,2,27429,0.8978058099746704,0.7656213045120239,0.79541015625,0.1321844756603241,1.0
127,2,2,41897,0.899863064289093,0.8899397253990173,0.7998046875,0.009923338890075684,1.0
128,2,2,53685,0.9271329641342163,0.8957382440567017,0.854248046875,0.03139469027519226,1.0
